age,edu,gender,housing,income,job_occupation,past_bad_credit,married,loan_amount,debt_to_income,credit_history_years,default_label
25,high_school,male,mortgage,38529.33,self_employed,0,0,9178.73,0.73,10.4,0
59,bachelor,male,rent,,salary_worker,0,0,5594.13,0.26,6.4,0
53,phd,female,rent,12746.85,salary_worker,0,0,3480.77,0.45,2.5,0
42,master,female,mortgage,39871.71,retired,0,0,8020.42,0.43,4.0,0
42,high_school,male,own,36575.92,public_sector,0,0,5432.12,0.04,12.6,0
63,high_school,male,rent,25893.88,public_sector,0,1,8236.29,0.6,9.5,0
25,,male,mortgage,20604.34,self_employed,0,0,6428.29,0.45,8.1,0
55,master,male,own,12597.14,salary_worker,0,0,5460.73,0.37,5.2,0
31,bachelor,male,mortgage,35966.03,,0,0,6991.95,0.53,14.4,0
25,bachelor,male,mortgage,41512.95,self_employed,0,0,7782.37,0.33,4.0,0
47,bachelor,male,rent,17933.19,,0,0,11875.77,0.5,8.1,0
69,high_school,male,rent,17271.8,salary_worker,0,1,10226.67,0.01,9.5,0
57,high_school,female,rent,42551.82,salary_worker,0,1,25640.61,0.49,2.3,0
59,high_school,male,mortgage,18236.15,salary_worker,0,1,8758.59,0.37,4.5,0
56,high_school,male,own,54207.64,salary_worker,0,0,5596.45,0.38,5.7,0
60,master,male,mortgage,23177.26,salary_worker,0,1,7394.84,,10.9,0
46,high_school,male,own,20456.32,salary_worker,0,1,11076.46,0.3,5.7,0
27,high_school,male,rent,24842.19,self_employed,0,0,14071.18,0.3,1.8,0
62,bachelor,female,rent,20455.68,salary_worker,0,0,16946.36,0.13,1.4,0
43,high_school,female,rent,40408.51,salary_worker,0,1,4631.55,0.4,4.4,0
46,high_school,female,own,36265.22,self_employed,0,1,16389.08,0.62,1.5,0
39,bachelor,female,own,39721.5,public_sector,0,0,7900.56,0.08,,0
30,high_school,female,mortgage,26450.59,salary_worker,0,0,4866.73,0.43,10.7,0
67,bachelor,female,rent,19823.84,,1,1,7243.95,0.26,7.5,0
60,master,female,mortgage,24243.92,self_employed,0,1,15770.8,0.24,6.4,0
53,high_school,female,rent,20099.22,salary_worker,1,0,10420.2,0.35,10.5,0
41,master,male,mortgage,47097.18,salary_worker,0,1,4160.44,0.36,10.3,0
62,master,male,rent,38216.52,salary_worker,0,1,4177.64,0.37,3.6,0
48,master,female,mortgage,23360.8,salary_worker,0,0,4114.36,0.14,4.1,0
43,bachelor,female,rent,,public_sector,1,1,5418.93,0.54,10.3,0
43,bachelor,female,rent,48697.25,retired,0,0,8455.71,0.35,8.6,0
32,bachelor,female,own,,,0,1,4361.63,0.45,9.9,0
25,bachelor,female,own,22958.07,salary_worker,0,0,6402.35,0.56,3.9,0
48,high_school,female,own,48890.76,student,1,0,17520.37,0.01,4.5,0
65,phd,female,rent,19351.46,self_employed,0,1,19728.01,0.45,9.4,0
24,bachelor,male,mortgage,21088.49,student,0,1,19010.76,,4.8,0
63,master,male,rent,21942.01,public_sector,0,1,3019.37,0.52,1.4,0
62,,male,own,13460.89,salary_worker,0,0,20344.12,0.2,4.8,0
34,high_school,female,mortgage,28059.45,salary_worker,1,0,8522.23,0.51,6.7,0
52,bachelor,female,mortgage,17273.78,salary_worker,0,0,8458.13,,14.3,0
29,bachelor,male,rent,18829.41,public_sector,0,0,14269.74,0.41,4.1,0
58,bachelor,female,own,17729.83,,1,1,11931.09,0.39,7.3,1
56,high_school,male,rent,18691.39,public_sector,0,1,2899.31,0.31,15.7,0
38,high_school,male,own,16688.72,self_employed,0,0,5785.69,0.15,3.1,0
24,bachelor,male,own,27207.46,public_sector,0,0,6625.38,0.27,10.1,0
69,high_school,female,mortgage,22696.89,public_sector,0,1,3898.52,0.51,4.7,0
43,phd,male,mortgage,24874.63,,0,1,14022.75,0.61,9.1,0
65,high_school,female,rent,,salary_worker,0,1,17879.52,0.69,,0
54,high_school,female,rent,,self_employed,1,1,8056.15,0.43,,0
59,high_school,female,own,31959.55,public_sector,0,0,9549.33,0.39,8.1,1
58,bachelor,male,own,33638.86,public_sector,0,0,8052.96,0.42,3.7,0
30,bachelor,male,own,23664.1,self_employed,0,0,8557.25,0.69,6.8,0
39,bachelor,female,own,27534.9,public_sector,1,1,14983.8,0.43,5.2,0
44,phd,female,own,24570.8,salary_worker,0,0,3068.6,0.36,1.7,0
45,high_school,male,mortgage,26666.18,salary_worker,0,1,10586.73,0.29,0.0,0
23,bachelor,male,own,18696.05,retired,1,0,8156.08,0.31,4.2,0
48,high_school,female,rent,19488.99,self_employed,0,1,5473.05,0.41,7.4,0
28,high_school,female,rent,24529.09,public_sector,1,0,6143.54,0.2,12.0,0
58,bachelor,male,own,10023.06,salary_worker,0,1,22199.03,0.23,4.5,0
55,high_school,male,rent,47726.06,self_employed,0,0,3904.46,0.33,8.3,0
67,bachelor,male,rent,64368.91,salary_worker,0,1,7385.64,,0.7,0
58,bachelor,female,rent,26282.47,salary_worker,1,1,19855.13,0.45,4.3,0
39,bachelor,female,mortgage,32841.92,salary_worker,0,0,4029.63,0.46,0.0,0
69,bachelor,female,mortgage,39595.71,public_sector,0,1,6305.07,0.39,16.4,0
41,bachelor,female,own,13411.91,salary_worker,0,0,8293.86,0.43,8.3,0
37,high_school,male,rent,36964.94,salary_worker,0,0,10167.62,0.36,8.2,0
66,high_school,female,own,20092.5,salary_worker,0,1,7752.95,0.01,9.6,0
39,,male,own,68242.71,salary_worker,1,0,4952.02,0.18,17.6,0
24,bachelor,male,mortgage,22365.69,self_employed,0,0,10363.77,0.47,5.8,0
44,phd,male,own,36632.17,public_sector,0,0,7666.91,0.19,3.6,0
60,high_school,male,mortgage,22465.01,public_sector,0,0,11444.51,0.49,15.5,0
30,bachelor,male,mortgage,65415.32,salary_worker,0,1,13467.46,0.5,2.6,0
44,bachelor,female,own,19330.56,self_employed,0,0,3578.03,0.29,12.7,0
27,master,female,rent,41121.65,salary_worker,0,0,14302.95,0.23,7.2,0
55,bachelor,female,own,32273.61,,0,0,7044.16,0.34,9.2,1
44,bachelor,male,own,29200.45,retired,0,0,12757.39,0.33,1.8,0
37,bachelor,male,own,26985.46,self_employed,0,0,10632.07,0.45,17.9,0
32,master,female,mortgage,18030.94,retired,0,1,22465.71,0.01,6.0,0
49,high_school,female,rent,7602.82,salary_worker,1,1,8131.0,0.21,4.7,0
54,master,female,own,39477.12,public_sector,0,1,6491.03,0.16,9.7,0
68,high_school,female,rent,19536.16,public_sector,0,1,6111.14,0.01,4.9,0
42,master,male,rent,41205.21,,1,1,4580.66,0.25,9.2,0
29,high_school,female,own,28517.24,public_sector,0,0,12637.91,0.07,2.5,0
62,high_school,male,mortgage,41777.6,salary_worker,1,1,4421.43,0.27,,0
52,high_school,male,own,34921.28,public_sector,0,1,12577.07,0.25,5.1,0
56,bachelor,female,rent,8029.58,self_employed,1,0,7165.81,0.42,4.4,0
25,high_school,female,rent,32102.94,self_employed,0,0,3072.44,0.29,3.7,0
36,high_school,male,own,20854.94,salary_worker,0,0,18371.38,0.04,11.0,0
59,bachelor,male,own,41120.21,salary_worker,1,0,1265.6,0.4,6.1,0
62,high_school,female,mortgage,31762.56,retired,0,1,7746.78,0.78,6.8,0
42,master,female,own,31931.11,salary_worker,1,0,9215.82,0.53,9.2,0
61,master,male,mortgage,21536.2,salary_worker,0,1,2279.41,0.46,,0
63,bachelor,male,mortgage,16144.38,salary_worker,0,1,10328.78,0.3,3.8,0
40,high_school,male,own,20034.3,self_employed,0,0,5606.13,0.25,8.4,0
65,high_school,male,own,10829.71,public_sector,0,1,7067.87,0.24,3.9,0
35,master,male,mortgage,,retired,0,0,16960.73,0.38,6.7,0
32,high_school,female,mortgage,12595.92,,0,0,8764.77,0.14,11.8,0
55,high_school,male,own,12746.56,salary_worker,0,0,6682.12,0.38,0.0,0
52,phd,female,own,25652.99,salary_worker,0,1,7377.92,0.22,3.8,0
27,phd,male,own,30956.0,salary_worker,0,0,21522.56,0.03,6.6,0
62,high_school,male,mortgage,23997.21,self_employed,1,1,10122.72,0.22,9.0,0
30,bachelor,male,mortgage,19448.87,student,0,0,4983.71,0.57,12.4,0
61,bachelor,male,mortgage,15893.51,salary_worker,1,1,6194.55,0.36,0.7,0
21,bachelor,male,rent,21104.96,salary_worker,1,0,4211.02,0.01,13.2,0
60,high_school,male,rent,16814.55,public_sector,0,0,6320.54,0.22,9.6,0
60,high_school,male,mortgage,23664.38,self_employed,0,1,19620.72,0.5,6.5,0
60,bachelor,male,own,12274.89,public_sector,1,0,7394.68,0.29,1.6,1
54,high_school,female,mortgage,33376.02,self_employed,0,1,3884.09,0.43,5.2,0
44,bachelor,female,rent,,salary_worker,0,0,10270.29,0.27,11.6,0
56,high_school,male,mortgage,28834.15,self_employed,0,0,6529.48,0.37,7.6,0
34,master,male,mortgage,36288.27,salary_worker,0,0,11034.43,0.35,6.8,0
60,master,male,rent,28213.11,public_sector,0,1,7091.7,0.22,3.6,0
48,bachelor,male,rent,34877.84,salary_worker,0,1,17941.98,0.44,,0
43,master,female,mortgage,9604.74,self_employed,0,0,4910.57,0.62,6.9,0
46,high_school,female,rent,19500.87,student,0,0,4269.11,0.41,6.6,0
49,bachelor,male,mortgage,39989.99,self_employed,0,0,13570.86,0.36,7.1,0
22,high_school,female,own,30612.18,salary_worker,1,0,2692.01,0.19,4.9,1
27,master,male,own,55927.33,retired,0,0,7371.95,0.51,4.2,0
33,master,male,rent,52416.21,salary_worker,0,0,12585.97,,1.4,0
26,master,male,mortgage,27856.36,public_sector,0,1,2423.78,0.44,5.0,0
42,master,female,mortgage,21733.49,salary_worker,1,1,8396.36,0.48,0.3,0
54,phd,male,mortgage,15814.82,retired,1,0,3558.98,0.52,9.4,0
53,high_school,female,mortgage,19651.05,salary_worker,0,0,2937.56,0.52,4.8,0
44,master,female,own,20257.67,salary_worker,0,0,4508.56,0.51,5.9,0
63,bachelor,female,mortgage,18639.49,student,1,1,7325.63,0.11,7.4,0
49,bachelor,female,own,16102.79,self_employed,0,1,5495.96,0.19,4.3,0
24,bachelor,male,own,29164.56,salary_worker,0,0,14896.58,0.09,2.8,0
59,high_school,male,rent,52233.95,salary_worker,0,1,8478.7,0.08,8.4,0
49,high_school,female,rent,37047.85,salary_worker,1,1,6192.38,0.61,15.1,1
52,high_school,male,mortgage,21055.37,salary_worker,0,1,3942.43,0.16,11.1,0
49,high_school,male,rent,38419.21,self_employed,0,0,9166.03,0.14,12.6,0
48,bachelor,male,mortgage,28452.54,self_employed,0,1,25144.5,0.33,2.3,0
25,master,male,mortgage,23901.18,retired,0,0,5504.91,0.21,6.7,0
48,bachelor,male,own,23239.18,public_sector,0,1,5871.98,0.75,6.7,0
60,bachelor,female,rent,22248.43,retired,1,0,4521.54,0.29,,0
36,bachelor,female,mortgage,32629.75,self_employed,0,0,15541.96,0.42,11.2,0
51,bachelor,male,rent,25922.11,salary_worker,0,0,13492.01,0.2,6.8,0
22,high_school,male,mortgage,17539.48,self_employed,0,0,6339.47,0.04,0.0,1
38,master,male,own,17161.38,salary_worker,0,1,5828.56,0.21,2.9,0
42,high_school,female,own,27935.59,salary_worker,1,1,4821.69,0.21,10.0,0
70,bachelor,female,own,29522.06,public_sector,0,1,6911.06,0.21,6.2,0
31,bachelor,male,own,21143.55,public_sector,0,1,14199.09,0.05,7.1,0
34,bachelor,female,rent,14626.61,salary_worker,0,0,8290.28,0.36,,0
41,master,male,rent,42741.87,salary_worker,0,0,16452.06,0.28,12.0,0
70,high_school,male,own,38846.45,salary_worker,0,1,5452.95,0.06,4.4,0
63,master,female,mortgage,9953.51,self_employed,0,0,2271.07,0.36,9.9,0
22,,female,rent,44480.77,salary_worker,0,0,33959.86,0.48,13.9,0
32,master,female,rent,22158.16,retired,1,0,9118.14,0.56,13.2,0
62,bachelor,female,rent,26515.75,self_employed,0,0,12433.99,0.01,5.4,0
23,master,male,own,40627.5,salary_worker,0,0,5254.64,0.21,8.7,0
63,phd,male,rent,51207.56,public_sector,0,1,3829.93,0.09,10.5,0
35,bachelor,female,mortgage,38226.7,retired,0,0,8822.95,0.22,7.6,0
66,master,male,rent,27131.85,public_sector,1,1,2709.64,0.59,6.5,1
35,bachelor,female,mortgage,13107.79,self_employed,0,0,6996.16,0.21,0.6,0
42,bachelor,female,rent,9780.99,salary_worker,0,0,14218.1,0.25,4.0,0
54,master,male,own,36140.58,,0,1,10369.86,0.19,4.7,0
27,high_school,male,rent,44529.79,public_sector,0,0,9322.59,0.63,2.5,0
48,bachelor,male,mortgage,16871.98,student,0,1,21142.84,0.01,7.9,0
46,high_school,female,mortgage,21560.09,salary_worker,0,1,9961.05,0.24,11.0,0
60,high_school,male,rent,18943.77,public_sector,0,1,2842.86,0.18,5.8,0
70,master,female,mortgage,18718.08,salary_worker,0,1,7465.23,0.03,0.0,0
54,high_school,male,rent,39487.23,salary_worker,0,0,23363.37,0.54,7.0,0
41,high_school,male,own,26856.63,salary_worker,0,0,6834.99,0.02,8.6,0
41,high_school,male,mortgage,21957.63,salary_worker,0,0,22589.78,0.26,8.3,0
41,bachelor,female,rent,80489.66,self_employed,0,0,14228.53,0.33,4.6,0
61,master,female,own,12765.62,salary_worker,1,0,6472.63,0.2,2.7,0
37,master,male,rent,31149.7,public_sector,1,1,4472.61,0.03,11.0,0
29,high_school,female,mortgage,15183.43,self_employed,0,0,9768.73,0.31,8.9,0
37,bachelor,male,own,22678.06,salary_worker,0,1,16297.63,0.2,4.8,0
22,bachelor,male,mortgage,26026.94,,1,0,3400.74,0.49,1.5,0
26,bachelor,male,rent,35598.83,,0,0,8657.78,0.43,8.4,0
25,bachelor,female,mortgage,21643.67,salary_worker,0,0,2636.58,0.69,3.9,0
59,high_school,male,rent,20637.67,student,0,0,6722.56,0.36,9.0,0
57,bachelor,female,own,21470.0,salary_worker,0,0,3261.35,0.45,8.1,0
55,,female,rent,14973.26,salary_worker,0,1,11039.44,0.28,15.8,0
44,bachelor,male,rent,,self_employed,0,1,5547.21,0.65,7.2,0
56,bachelor,female,rent,27628.43,salary_worker,0,1,15320.08,0.34,15.5,0
29,master,male,mortgage,29608.77,salary_worker,0,0,6019.32,0.32,7.8,1
66,bachelor,male,rent,23593.01,public_sector,0,0,5725.21,0.44,4.8,1
46,high_school,male,own,22319.25,self_employed,0,1,3333.1,0.22,,0
67,master,male,mortgage,41316.62,,1,1,10047.48,0.25,4.0,1
28,master,male,rent,38553.57,retired,0,0,10621.71,0.44,9.2,0
45,high_school,female,rent,46012.13,salary_worker,0,0,13586.87,0.47,8.0,0
55,bachelor,male,rent,28786.66,self_employed,0,0,11618.58,0.45,0.1,0
45,high_school,female,rent,44743.38,salary_worker,0,1,10104.12,0.33,11.6,0
43,bachelor,male,own,20186.37,salary_worker,1,0,11245.44,0.39,13.4,0
29,high_school,male,mortgage,22239.31,student,0,0,11887.67,0.51,0.1,0
40,bachelor,male,rent,41680.78,public_sector,0,0,13349.19,0.14,11.5,0
32,high_school,female,rent,35580.03,salary_worker,0,0,3497.61,0.34,14.2,0
36,bachelor,female,own,21360.47,salary_worker,0,0,6285.5,0.01,0.3,0
55,phd,female,rent,15202.02,,0,1,3318.67,0.47,5.6,0
52,high_school,female,own,22208.18,public_sector,0,0,9727.12,0.2,4.1,0
51,master,female,mortgage,17886.64,salary_worker,0,0,19860.29,0.2,11.4,0
39,phd,female,rent,52893.01,retired,0,0,13266.37,0.32,5.8,0
68,master,female,own,34269.75,salary_worker,0,1,5802.95,0.45,5.7,0
25,high_school,male,mortgage,17245.99,salary_worker,0,0,10699.77,0.77,9.2,0
38,master,female,mortgage,15210.69,retired,0,1,9817.45,0.06,13.7,0
26,high_school,male,mortgage,17150.1,retired,0,0,9211.62,0.19,7.3,0
37,high_school,female,mortgage,,salary_worker,0,0,3956.68,0.38,5.6,0
69,master,male,own,22583.73,self_employed,0,0,16702.68,0.21,6.4,0
39,bachelor,female,own,40196.93,retired,0,0,4238.86,0.49,10.1,0
66,bachelor,male,mortgage,15757.43,public_sector,0,1,6622.92,0.31,2.2,0
45,high_school,male,mortgage,68206.27,self_employed,0,0,13732.6,0.5,7.4,0
55,master,male,mortgage,15922.92,public_sector,0,0,6598.65,0.3,3.7,0
43,bachelor,female,own,12912.21,retired,0,0,8464.33,0.44,,0
34,bachelor,male,mortgage,52038.4,self_employed,0,0,8654.06,0.17,0.0,0
59,master,female,rent,44115.44,salary_worker,0,1,8402.23,0.69,5.4,0
69,high_school,female,rent,22425.25,self_employed,0,1,8632.42,0.03,11.8,0
34,high_school,female,own,28900.08,public_sector,0,0,9114.8,0.21,0.0,0
59,bachelor,male,rent,29230.15,self_employed,0,1,8442.94,0.08,9.7,0
34,phd,female,mortgage,,salary_worker,0,0,4951.68,0.48,4.9,0
56,,male,rent,13583.13,,1,1,3454.65,0.44,3.2,0
60,high_school,female,mortgage,7967.41,salary_worker,1,1,14030.25,0.12,8.9,0
43,high_school,female,own,16645.13,student,1,0,14386.97,0.52,12.7,0
57,master,female,rent,,salary_worker,1,1,9755.73,0.21,13.5,0
34,high_school,female,rent,56102.52,public_sector,0,0,9711.03,0.41,8.6,0
24,bachelor,male,own,21637.29,self_employed,0,0,4898.31,0.45,7.2,0
25,phd,male,mortgage,15818.19,salary_worker,0,0,2119.17,0.3,9.1,0
43,high_school,male,own,27588.51,self_employed,0,0,7067.21,0.5,17.4,0
66,bachelor,female,rent,29659.61,salary_worker,1,1,2853.94,0.31,6.3,0
27,,female,rent,31898.8,public_sector,1,0,8968.02,0.4,12.0,0
43,master,male,rent,7807.48,public_sector,0,1,16602.88,0.29,5.1,0
56,high_school,female,rent,100809.74,salary_worker,1,1,5774.02,0.01,4.2,0
31,high_school,female,mortgage,40522.54,self_employed,0,0,5959.35,0.32,14.6,0
57,high_school,male,rent,22269.23,student,0,1,4660.11,0.18,7.5,0
36,bachelor,female,rent,17618.15,salary_worker,0,1,8302.72,0.59,8.4,0
61,master,female,mortgage,37959.97,retired,1,1,7956.33,0.09,9.7,0
49,high_school,female,mortgage,30422.19,salary_worker,0,0,4626.14,0.56,3.9,0
48,,male,own,25373.65,salary_worker,0,0,13385.35,0.31,5.7,0
29,master,female,own,29919.05,self_employed,0,0,35821.49,0.41,4.9,0
44,high_school,male,mortgage,23139.03,salary_worker,0,1,15590.58,0.09,8.8,0
63,high_school,female,rent,29168.31,retired,0,0,7624.85,0.28,9.0,0
21,bachelor,female,rent,33754.31,public_sector,0,0,7574.95,0.22,5.1,1
58,high_school,female,mortgage,28409.89,public_sector,1,1,6109.15,0.72,15.6,0
45,high_school,male,mortgage,27747.88,public_sector,0,0,6040.28,0.22,7.4,0
56,bachelor,female,mortgage,45560.07,public_sector,1,0,13725.16,0.55,7.9,0
54,high_school,male,rent,11864.45,public_sector,0,0,14057.89,0.55,12.9,0
42,bachelor,female,mortgage,16999.73,public_sector,0,0,4258.87,0.55,4.0,0
36,bachelor,female,own,24635.71,public_sector,1,0,9911.72,0.23,5.4,0
52,bachelor,female,mortgage,17528.08,self_employed,0,0,14929.87,0.66,8.6,0
28,high_school,male,mortgage,20369.32,salary_worker,0,0,6683.52,0.7,1.6,0
50,master,female,rent,43455.11,self_employed,1,1,7213.12,0.41,6.6,0
25,high_school,male,rent,22764.62,salary_worker,0,0,11882.13,0.26,15.7,0
53,master,male,own,10687.77,salary_worker,0,0,12069.42,0.19,14.8,0
52,high_school,male,mortgage,,salary_worker,0,0,10259.73,0.42,11.1,0
25,master,male,rent,24988.0,salary_worker,0,0,9319.14,0.35,12.2,0
58,high_school,male,mortgage,24781.69,salary_worker,0,0,10033.89,0.37,9.5,0
41,high_school,male,own,31263.82,public_sector,0,1,6955.27,0.1,5.8,0
60,bachelor,female,own,30135.97,public_sector,0,1,4381.98,0.35,14.1,0
23,high_school,male,rent,22868.79,salary_worker,0,0,3442.19,0.55,3.7,1
29,high_school,male,mortgage,14230.35,student,0,0,11243.65,0.49,11.4,0
45,bachelor,female,rent,19960.04,student,0,0,8599.92,0.27,5.5,0
30,master,male,own,18393.46,retired,0,0,10410.14,0.32,5.7,0
37,high_school,male,rent,21411.92,salary_worker,0,0,5136.44,0.08,9.7,0
54,master,female,mortgage,33223.94,salary_worker,0,1,8573.42,0.22,15.6,0
28,master,male,mortgage,29197.73,salary_worker,0,0,8461.25,0.28,13.2,0
54,master,female,rent,35270.51,public_sector,0,0,16374.07,0.45,8.9,1
26,bachelor,female,rent,20479.15,self_employed,1,0,12945.0,0.21,7.8,0
29,bachelor,female,own,47990.69,public_sector,1,0,5393.89,0.15,10.6,0
50,bachelor,male,own,32951.01,public_sector,0,1,10694.71,0.48,13.0,1
60,,female,mortgage,25604.04,student,0,0,5373.37,0.26,0.5,0
29,master,male,own,31936.54,self_employed,0,0,1925.35,0.19,7.0,0
35,high_school,female,own,17960.1,retired,0,1,20937.0,0.49,3.3,0
67,high_school,female,mortgage,9424.43,,0,1,6593.16,0.42,6.6,0
70,high_school,male,own,18527.04,salary_worker,0,1,14352.86,0.3,2.5,0
50,phd,female,rent,34076.24,public_sector,0,0,5632.23,0.28,0.3,0
43,bachelor,male,rent,25237.78,salary_worker,0,1,5197.63,0.41,2.2,0
38,bachelor,female,rent,22889.29,salary_worker,1,1,5999.16,0.44,5.3,0
51,master,male,own,16621.83,student,0,1,9311.05,0.38,9.8,0
50,phd,male,rent,10095.84,salary_worker,0,1,8927.4,0.36,4.2,0
35,,female,own,46220.58,self_employed,1,0,10654.45,0.23,4.0,0
22,master,female,rent,22168.94,student,0,0,6167.18,0.24,9.1,0
28,master,female,mortgage,20064.51,salary_worker,0,0,8285.27,0.31,8.6,0
68,high_school,male,rent,17993.38,salary_worker,0,1,5096.23,0.17,14.3,0
41,bachelor,male,own,42810.35,salary_worker,0,0,18180.66,0.15,11.2,0
45,high_school,female,rent,36192.52,self_employed,0,0,3933.56,0.32,3.4,1
44,bachelor,female,rent,15752.31,salary_worker,0,0,5156.0,0.52,4.8,0
60,bachelor,male,rent,41111.55,salary_worker,0,1,6419.64,0.01,10.5,1
24,high_school,female,own,22804.62,public_sector,0,0,30149.17,0.27,4.0,0
25,high_school,male,mortgage,18495.01,salary_worker,0,1,12354.27,0.39,6.2,1
34,high_school,male,rent,,self_employed,0,0,5067.14,0.53,0.7,0
45,high_school,female,mortgage,17111.67,salary_worker,0,1,12736.22,0.66,2.3,0
54,bachelor,male,own,13434.82,self_employed,0,0,10761.24,0.29,12.5,0
45,high_school,female,own,34518.78,self_employed,0,1,9419.71,0.7,8.2,0
43,high_school,female,own,,salary_worker,0,0,11881.02,0.42,5.0,0
67,bachelor,male,rent,32136.39,,0,1,8366.07,0.49,5.5,0
29,bachelor,male,mortgage,27701.62,salary_worker,0,0,8901.18,0.15,14.4,0
49,bachelor,male,mortgage,31158.54,salary_worker,0,0,3449.17,0.42,4.9,0
48,master,male,mortgage,9694.42,salary_worker,0,1,17920.57,0.5,9.4,0
44,high_school,female,rent,16480.91,self_employed,0,0,6335.17,0.22,11.0,0
61,master,male,mortgage,31451.88,salary_worker,0,1,4103.21,0.01,,0
34,high_school,male,rent,13716.11,salary_worker,0,0,6140.26,0.37,,0
68,bachelor,female,own,28792.76,salary_worker,0,1,18354.61,0.3,1.9,0
37,phd,female,rent,13019.23,public_sector,1,0,5215.14,0.58,3.1,0
48,master,male,rent,,,0,0,12428.0,0.24,10.4,0
47,bachelor,male,own,50236.43,self_employed,0,0,13846.76,0.21,15.5,0
63,bachelor,female,mortgage,34495.01,self_employed,1,1,2758.49,0.13,10.6,0
42,high_school,male,rent,10584.72,salary_worker,0,0,6105.06,0.23,4.9,0
35,bachelor,female,own,35659.37,salary_worker,0,0,6350.52,0.82,12.3,0
22,master,female,own,55271.2,salary_worker,0,1,7371.08,0.05,5.6,0
39,phd,female,mortgage,85704.21,self_employed,0,0,20712.12,0.1,4.2,0
62,bachelor,male,mortgage,30145.29,salary_worker,0,1,5179.85,0.33,6.2,0
21,high_school,female,rent,13174.14,salary_worker,1,0,19136.0,0.7,5.2,0
65,bachelor,male,rent,29602.23,retired,0,0,7476.98,,4.7,0
48,high_school,female,own,49921.9,public_sector,0,1,19234.3,0.62,12.4,0
28,high_school,male,rent,22377.48,salary_worker,0,0,6829.27,0.27,5.4,1
36,high_school,male,mortgage,38925.27,,1,1,6403.21,0.09,1.2,1
48,bachelor,female,mortgage,16683.55,salary_worker,0,0,8002.82,0.26,9.8,0
36,high_school,male,mortgage,28783.54,salary_worker,0,0,16493.77,0.32,3.7,0
26,high_school,female,rent,7940.16,salary_worker,0,0,8840.28,0.34,3.8,1
54,high_school,female,mortgage,15872.59,retired,0,1,9091.44,0.3,10.3,0
54,master,male,mortgage,24276.05,salary_worker,0,1,11500.94,0.45,4.6,0
26,bachelor,male,rent,,public_sector,0,0,4994.8,0.21,5.7,0
35,high_school,female,rent,13557.87,public_sector,1,0,9751.52,0.17,7.7,0
33,high_school,male,rent,19441.3,self_employed,0,1,5736.01,0.12,6.4,0
53,bachelor,female,own,28235.77,salary_worker,0,1,18200.35,0.38,5.8,0
57,high_school,male,mortgage,23416.53,salary_worker,0,1,10201.24,0.36,0.0,0
57,bachelor,male,mortgage,25019.78,public_sector,0,1,11860.86,0.54,6.8,0
67,bachelor,male,rent,33839.57,salary_worker,0,1,2639.57,0.62,14.0,0
59,master,female,own,20859.75,self_employed,0,1,11952.58,0.12,10.0,0
37,high_school,male,rent,44874.73,salary_worker,0,0,7349.24,0.34,6.0,0
26,bachelor,male,rent,,public_sector,0,0,3675.94,0.3,9.4,0
51,high_school,female,rent,57965.38,public_sector,0,0,8537.63,0.06,10.0,0
66,phd,female,own,40169.66,self_employed,0,0,3515.52,0.24,4.1,0
69,phd,male,mortgage,20739.62,,0,0,11339.71,0.62,12.5,0
32,bachelor,female,mortgage,21371.35,salary_worker,0,1,17830.83,0.23,8.2,0
32,bachelor,male,mortgage,26716.35,salary_worker,0,0,3026.58,0.2,6.3,0
22,high_school,female,rent,31869.41,salary_worker,0,0,7970.56,0.33,13.9,0
28,master,male,mortgage,39836.81,public_sector,0,0,7400.55,0.5,0.0,1
48,bachelor,female,rent,13316.16,salary_worker,0,1,2712.8,0.29,2.8,0
48,high_school,male,own,29639.08,salary_worker,0,1,13414.31,0.36,10.1,0
39,bachelor,male,own,9391.58,salary_worker,0,1,11431.65,0.01,10.2,0
36,bachelor,female,rent,22476.26,salary_worker,0,0,24694.82,0.44,14.1,0
62,master,male,rent,46829.13,self_employed,0,1,10645.5,0.38,0.0,0
44,bachelor,male,rent,12862.56,public_sector,0,1,4996.79,,10.9,0
61,bachelor,female,rent,11853.08,salary_worker,1,1,10752.41,0.01,2.5,0
69,bachelor,female,mortgage,26885.91,salary_worker,0,0,16426.38,0.29,9.2,0
36,high_school,male,rent,45448.86,self_employed,0,0,6274.95,0.51,7.2,0
31,high_school,male,own,28181.7,self_employed,0,0,12949.7,0.24,10.9,0
68,high_school,female,mortgage,10331.18,retired,0,0,2218.97,0.35,6.6,0
52,master,male,own,11413.96,public_sector,0,0,18238.44,0.27,11.5,0
35,bachelor,female,own,25437.66,public_sector,0,0,12584.4,0.27,4.2,0
52,bachelor,female,mortgage,14318.98,retired,0,1,1999.39,0.55,7.2,0
46,high_school,male,rent,25887.33,retired,0,1,10001.2,,8.3,0
66,high_school,female,rent,26587.54,self_employed,0,0,2717.38,0.33,14.2,0
33,bachelor,female,own,19528.09,self_employed,0,0,5790.09,0.39,10.8,0
70,high_school,male,own,55085.37,public_sector,0,1,11770.8,0.51,8.3,0
67,high_school,female,mortgage,31751.98,salary_worker,0,1,7518.98,0.32,10.1,0
30,master,female,rent,41991.22,salary_worker,0,0,16173.62,0.51,11.8,0
29,high_school,male,own,36837.14,retired,0,1,8392.17,0.33,9.0,0
47,high_school,male,mortgage,22753.33,self_employed,0,0,7937.89,0.36,3.4,0
23,bachelor,male,mortgage,22303.5,salary_worker,1,0,14826.51,0.35,10.0,0
35,master,male,rent,21291.67,salary_worker,0,0,6729.94,0.46,7.4,0
42,high_school,male,rent,33073.78,salary_worker,0,1,7991.7,0.44,6.1,1
69,bachelor,female,mortgage,,salary_worker,0,1,8592.7,0.14,4.4,0
70,master,male,own,52905.62,self_employed,0,1,7807.77,0.38,9.8,0
28,bachelor,female,rent,17402.32,self_employed,0,0,15338.48,0.44,9.5,0
65,bachelor,female,rent,26809.56,self_employed,0,1,5615.35,0.6,3.7,0
25,bachelor,male,mortgage,21958.59,salary_worker,0,0,5132.41,0.16,3.1,0
58,bachelor,male,own,19873.51,salary_worker,0,0,4519.13,0.44,15.1,0
63,high_school,male,own,64702.56,salary_worker,0,0,2494.87,0.28,10.9,0
65,bachelor,female,mortgage,19978.77,salary_worker,0,1,18325.67,0.37,7.8,0
32,high_school,female,rent,21223.74,public_sector,1,0,4937.27,0.15,9.9,0
65,high_school,male,rent,18054.31,salary_worker,0,1,7106.55,0.34,5.6,0
26,high_school,male,own,24796.76,retired,0,0,19089.47,0.4,6.8,0
46,high_school,female,mortgage,23258.18,self_employed,0,0,7494.78,0.17,7.6,0
44,high_school,female,rent,14710.78,salary_worker,0,1,10752.81,0.6,11.4,0
36,bachelor,female,mortgage,20111.23,salary_worker,0,0,3709.58,0.06,1.8,0
22,master,male,rent,32027.78,salary_worker,0,0,17484.94,0.44,3.4,0
59,high_school,male,rent,38643.89,salary_worker,1,1,7578.88,0.01,2.6,0
37,bachelor,female,mortgage,24607.35,retired,0,0,4628.27,0.29,10.9,0
54,bachelor,female,rent,24997.91,public_sector,0,0,4626.41,0.43,7.1,1
41,high_school,female,rent,20693.03,public_sector,0,0,20526.8,0.47,3.8,0
39,high_school,female,mortgage,19416.94,self_employed,1,1,5869.96,0.32,6.6,0
65,high_school,male,own,16093.84,retired,0,1,4683.84,0.3,5.0,0
25,high_school,female,own,12082.43,retired,1,0,6385.67,0.44,1.8,0
57,high_school,male,mortgage,17745.71,salary_worker,0,0,8307.84,0.51,12.5,0
58,,male,rent,36564.16,salary_worker,0,0,8808.75,0.59,6.9,0
39,bachelor,male,mortgage,20110.8,salary_worker,0,1,10346.43,0.11,,0
34,high_school,male,rent,20832.96,salary_worker,0,0,9219.89,0.3,1.7,0
21,high_school,female,rent,20651.26,self_employed,0,0,11567.17,0.01,9.5,0
67,high_school,female,mortgage,42621.69,salary_worker,0,1,6974.32,0.09,1.7,0
68,bachelor,female,rent,16030.17,public_sector,0,0,25328.83,0.21,17.3,0
33,high_school,male,mortgage,27575.25,salary_worker,1,1,6194.13,0.5,0.6,0
22,bachelor,female,mortgage,23604.44,public_sector,0,0,17048.48,0.25,14.7,0
27,high_school,female,mortgage,25098.59,salary_worker,0,0,5828.66,0.29,7.4,0
24,high_school,female,rent,27172.42,salary_worker,0,0,3694.97,0.39,6.8,0
62,phd,female,rent,24977.34,retired,0,1,3239.26,0.22,9.9,0
65,high_school,male,mortgage,34782.16,salary_worker,0,1,9577.51,0.01,3.7,0
28,high_school,male,own,24024.61,public_sector,0,1,15353.17,0.21,10.6,0
58,high_school,male,mortgage,53368.15,retired,0,1,4302.44,0.32,10.9,0
29,phd,male,mortgage,24835.17,salary_worker,1,0,5000.92,0.42,7.5,1
39,bachelor,female,rent,11309.97,salary_worker,0,0,10020.32,0.3,8.5,0
50,bachelor,female,rent,32442.99,salary_worker,0,0,8091.76,0.42,15.2,0
56,phd,female,own,29040.41,salary_worker,1,0,5871.67,0.51,10.1,0
64,high_school,male,own,24702.14,student,1,1,4009.44,0.54,4.4,0
23,phd,male,rent,21659.36,public_sector,0,0,9604.54,0.37,10.5,0
30,high_school,female,own,9399.59,salary_worker,0,0,11604.08,0.14,5.3,0
35,bachelor,male,mortgage,,public_sector,0,0,10619.66,0.12,4.6,0
36,bachelor,female,own,51092.02,retired,0,0,8222.11,0.13,9.6,0
70,high_school,female,rent,18704.58,salary_worker,0,0,4534.01,0.15,3.5,0
59,master,male,mortgage,37591.35,salary_worker,0,1,9633.53,0.36,7.7,0
37,high_school,male,mortgage,11832.85,public_sector,0,0,9245.62,0.68,10.2,0
69,phd,male,mortgage,15197.92,public_sector,0,1,3935.26,0.38,15.1,0
45,high_school,male,rent,33037.17,salary_worker,1,0,6861.71,0.32,10.1,0
46,bachelor,female,mortgage,23245.68,self_employed,1,1,9912.35,0.51,,0
42,phd,male,mortgage,31006.44,salary_worker,0,1,7761.79,0.19,2.2,0
28,high_school,male,mortgage,24194.13,self_employed,0,0,2756.47,0.53,14.4,0
67,master,male,rent,22171.16,public_sector,0,1,5697.63,0.51,5.0,0
21,bachelor,female,rent,17925.51,salary_worker,0,0,5492.93,0.35,1.4,0
29,,male,own,14224.18,public_sector,0,0,11021.59,0.72,3.5,1
32,high_school,female,rent,45762.29,self_employed,0,0,33830.26,0.54,10.7,0
34,bachelor,female,rent,49280.76,public_sector,0,0,8722.67,0.35,8.0,0
27,bachelor,male,mortgage,15253.8,self_employed,0,0,4192.77,0.31,10.1,0
21,bachelor,male,rent,14811.58,salary_worker,0,0,7418.42,0.26,7.4,0
54,high_school,male,mortgage,20816.52,salary_worker,0,0,8150.62,0.32,3.1,0
69,high_school,male,own,28373.07,salary_worker,0,0,12284.92,0.32,0.4,0
27,master,female,mortgage,,public_sector,0,0,16045.23,0.28,4.2,0
35,high_school,male,rent,30478.72,public_sector,0,1,17414.52,0.3,8.0,0
46,bachelor,female,own,23809.45,salary_worker,1,1,10888.65,0.13,2.8,0
67,phd,male,own,23119.14,student,0,1,8099.55,0.24,11.4,0
55,high_school,female,mortgage,72105.49,public_sector,0,0,18322.24,0.05,3.5,0
59,high_school,male,rent,19219.07,salary_worker,0,0,6693.38,0.41,0.9,0
50,bachelor,male,rent,50918.22,salary_worker,1,1,8349.56,0.35,7.5,0
41,high_school,male,mortgage,46680.81,self_employed,0,0,7087.65,0.32,10.5,0
30,bachelor,female,rent,30541.51,salary_worker,0,0,2509.38,0.5,13.5,0
64,bachelor,female,own,10231.65,student,0,0,16308.9,0.18,1.1,0
61,bachelor,female,rent,24685.61,self_employed,0,1,11749.14,0.21,13.2,0
22,high_school,female,rent,19310.17,salary_worker,1,0,2200.62,0.07,8.2,0
56,bachelor,male,own,24564.09,salary_worker,0,1,14058.25,0.52,5.0,0
25,bachelor,female,own,15088.15,salary_worker,0,0,6857.58,0.45,10.2,0
57,high_school,male,own,34211.46,self_employed,1,0,13956.5,0.58,12.9,0
62,bachelor,female,own,37920.35,,0,1,8448.0,0.62,0.8,0
27,master,female,mortgage,41213.08,public_sector,0,0,3840.91,0.26,5.8,0
42,bachelor,male,mortgage,,public_sector,0,0,8221.39,0.21,5.3,0
27,bachelor,female,rent,15112.22,retired,0,0,4943.61,0.02,10.0,0
49,high_school,female,rent,28517.03,salary_worker,1,0,4135.71,0.14,13.3,0
67,,female,rent,53649.82,salary_worker,0,0,13054.21,0.28,7.8,0
25,high_school,female,mortgage,25115.12,public_sector,0,0,10050.22,0.01,6.3,0
40,high_school,male,own,29837.87,salary_worker,1,0,18465.56,0.15,9.3,0
69,phd,female,mortgage,21900.93,salary_worker,0,1,6522.99,0.33,6.6,0
36,high_school,female,own,19407.96,student,0,0,4771.44,0.5,0.0,0
27,master,male,own,32735.79,public_sector,0,0,11514.27,0.21,,0
45,high_school,male,mortgage,23208.41,retired,0,0,5122.89,0.36,11.4,0
46,high_school,male,own,29190.11,salary_worker,0,1,6832.14,0.68,11.8,0
54,high_school,female,own,,,0,0,10816.22,0.01,2.9,0
36,high_school,male,rent,,salary_worker,0,1,7560.78,0.54,9.9,0
68,master,female,own,31289.41,salary_worker,0,1,6193.14,0.41,13.6,0
47,phd,female,rent,16583.23,salary_worker,0,0,3746.34,0.57,17.6,0
35,master,male,mortgage,16134.04,retired,0,1,13565.57,0.51,9.4,0
69,high_school,male,own,23880.57,salary_worker,0,1,6616.79,0.22,11.4,0
67,master,male,rent,24140.53,self_employed,0,0,11383.85,0.34,3.5,0
45,high_school,male,rent,19244.0,retired,0,0,10586.09,0.08,3.0,0
22,master,female,own,27131.48,public_sector,0,0,14767.85,0.25,11.4,0
50,bachelor,male,mortgage,36632.75,,1,1,7118.39,0.35,0.0,0
48,,male,rent,41538.68,self_employed,1,0,6692.58,0.39,8.1,0
28,high_school,female,rent,45959.59,self_employed,0,0,4404.81,0.48,13.2,0
52,high_school,female,own,13471.6,salary_worker,1,0,6012.18,0.62,10.4,0
63,high_school,female,mortgage,14424.03,salary_worker,0,0,9775.55,0.26,10.3,0
26,master,male,mortgage,21368.21,self_employed,1,0,5169.96,0.55,7.3,1
57,master,female,rent,25238.58,public_sector,1,1,9640.06,0.39,5.9,0
28,phd,female,own,21866.52,student,0,0,75353.47,0.1,,0
58,high_school,male,mortgage,18983.25,salary_worker,0,0,6343.17,0.31,,0
41,bachelor,male,mortgage,,salary_worker,0,1,3932.76,0.36,10.9,0
21,high_school,female,own,30257.25,salary_worker,0,1,6455.12,0.19,7.6,0
69,bachelor,male,mortgage,13382.05,student,0,0,3705.36,0.15,5.2,0
29,high_school,male,own,69878.32,retired,0,0,16878.96,0.15,11.8,0
50,high_school,male,rent,,student,0,1,8490.2,0.24,6.3,0
30,bachelor,female,rent,39061.06,self_employed,0,0,5428.13,0.18,7.8,0
67,high_school,female,own,18750.91,salary_worker,1,1,5955.55,0.56,10.0,0
57,bachelor,male,rent,31522.51,self_employed,0,0,4229.49,0.01,8.3,0
61,bachelor,female,own,25464.51,salary_worker,0,1,14131.01,0.36,13.7,0
42,high_school,male,mortgage,35795.01,salary_worker,0,1,22258.03,0.44,2.2,0
44,master,female,mortgage,22261.39,salary_worker,0,0,3562.61,0.17,7.8,0
52,bachelor,male,rent,48932.82,salary_worker,1,0,14382.87,0.3,16.1,0
60,master,male,rent,12438.79,,0,0,7078.25,0.28,11.1,0
63,bachelor,male,mortgage,37317.52,retired,0,1,16270.68,0.33,6.7,0
21,bachelor,male,own,25678.87,public_sector,0,1,2955.42,0.46,10.7,0
54,bachelor,male,rent,15394.31,public_sector,0,1,9172.52,0.44,7.3,0
26,master,female,mortgage,58596.46,salary_worker,0,0,6474.69,0.23,13.4,0
35,bachelor,female,rent,55933.23,public_sector,0,0,11643.45,0.07,10.8,0
62,high_school,male,rent,9573.54,salary_worker,0,1,8380.21,0.37,4.0,1
33,high_school,male,mortgage,26358.68,salary_worker,0,0,8202.88,,8.5,0
60,bachelor,male,own,33441.34,salary_worker,0,0,7644.24,0.25,9.2,0
44,high_school,male,own,29695.99,salary_worker,0,0,19134.81,0.38,9.4,0
32,high_school,female,mortgage,48145.76,retired,0,0,7359.63,0.26,8.8,0
37,high_school,male,mortgage,,retired,0,0,13034.51,0.4,9.8,0
47,bachelor,male,rent,27428.4,salary_worker,0,1,11449.28,0.79,9.2,0
59,high_school,male,own,67825.71,self_employed,0,0,13211.53,0.46,4.6,0
51,bachelor,male,rent,37107.74,,1,0,4637.3,0.58,5.7,0
67,master,male,own,20782.44,salary_worker,0,1,11955.48,0.43,6.5,0
64,master,male,own,18985.74,public_sector,0,0,9752.49,0.35,7.9,0
58,high_school,female,own,42595.49,public_sector,1,1,4212.45,0.43,6.5,0
51,bachelor,male,rent,17037.47,public_sector,0,0,7209.7,0.43,11.9,0
35,bachelor,female,mortgage,20244.08,,0,0,28619.79,0.5,3.7,0
41,bachelor,female,own,21855.17,self_employed,0,1,6532.25,0.35,0.6,0
26,bachelor,female,mortgage,,salary_worker,0,0,6619.62,0.1,15.4,0
39,high_school,female,own,22313.42,,0,0,10382.64,0.08,4.2,0
67,phd,female,mortgage,13458.46,salary_worker,0,1,6018.07,0.42,11.9,0
42,high_school,male,own,41066.0,salary_worker,0,0,8753.85,0.14,9.9,0
26,master,male,own,20292.78,salary_worker,0,1,6330.28,0.46,4.4,0
53,bachelor,male,mortgage,60413.68,salary_worker,0,1,10110.32,0.58,7.0,0
69,high_school,female,mortgage,27911.54,public_sector,0,1,7831.91,0.3,6.4,0
64,bachelor,female,own,43055.42,salary_worker,0,1,23708.67,0.56,8.9,0
34,high_school,male,own,32334.42,salary_worker,0,0,8310.74,0.39,4.4,0
43,master,male,own,43992.54,student,0,0,7169.3,0.34,6.8,0
47,bachelor,male,own,31465.68,retired,0,0,14273.93,0.35,7.4,0
33,high_school,male,own,27060.38,salary_worker,0,0,3770.28,0.19,11.9,0
34,high_school,male,mortgage,39813.26,salary_worker,0,0,20546.53,0.17,5.9,0
32,bachelor,male,own,74509.91,salary_worker,0,0,4704.79,0.04,3.6,0
70,high_school,male,own,21559.92,student,0,1,15612.8,0.21,5.3,0
58,master,male,own,34811.99,salary_worker,0,1,18054.23,0.73,9.0,0
63,master,male,mortgage,24285.62,salary_worker,0,1,6068.13,0.07,0.4,0
61,bachelor,female,rent,30568.54,public_sector,0,1,6397.47,0.13,12.3,0
68,high_school,female,rent,24809.24,public_sector,0,1,7630.83,0.19,7.6,0
26,bachelor,female,rent,9218.94,salary_worker,0,0,11405.49,0.2,9.2,0
65,phd,male,mortgage,22245.97,salary_worker,0,0,4680.07,0.39,8.4,0
24,high_school,male,own,38169.8,salary_worker,0,0,7630.63,0.23,4.8,0
44,high_school,female,own,17251.55,salary_worker,0,0,6820.01,0.3,,1
50,high_school,male,rent,36843.18,salary_worker,0,0,4301.75,0.19,4.7,0
38,high_school,female,mortgage,26439.76,public_sector,0,0,4560.77,0.25,1.5,0
28,bachelor,female,own,22333.19,public_sector,0,0,8695.28,0.33,8.9,0
30,bachelor,male,own,36593.17,public_sector,0,0,8610.94,0.32,6.8,0
62,bachelor,female,rent,33072.72,,0,0,5323.11,0.7,1.4,0
36,high_school,female,rent,29414.59,self_employed,1,0,8464.05,0.33,5.0,0
36,high_school,male,rent,38451.58,salary_worker,0,0,5676.99,0.3,10.1,0
67,high_school,female,own,,public_sector,0,1,16628.94,0.01,12.7,0
28,master,male,own,11613.23,salary_worker,0,0,7656.88,0.38,2.4,0
66,bachelor,male,rent,20534.17,salary_worker,0,1,14818.69,0.01,16.1,0
67,high_school,male,own,10807.75,salary_worker,0,1,3193.97,0.44,3.7,0
50,master,male,rent,32722.37,public_sector,0,1,9677.14,0.37,0.7,0
29,high_school,female,own,36435.17,self_employed,0,0,11246.85,0.48,14.5,0
28,high_school,male,rent,37188.91,salary_worker,0,0,7511.3,0.23,3.3,1
35,high_school,female,rent,30336.07,self_employed,0,0,6024.75,0.34,13.6,0
49,phd,female,rent,37630.35,public_sector,0,1,7445.49,0.46,4.8,1
28,bachelor,male,mortgage,11974.43,salary_worker,0,0,12189.81,0.17,6.3,0
43,bachelor,female,mortgage,23192.75,salary_worker,0,0,4163.9,0.45,2.3,0
26,high_school,male,own,12878.16,public_sector,0,0,11911.62,0.44,12.6,0
48,high_school,female,rent,20717.87,public_sector,0,0,9653.74,0.32,12.1,0
22,bachelor,male,mortgage,50378.17,salary_worker,0,0,7020.32,0.62,4.9,0
56,high_school,female,mortgage,39813.32,salary_worker,0,1,7187.26,0.43,7.2,0
23,master,female,own,32794.9,student,0,0,8383.52,0.04,10.1,0
30,,male,rent,22432.61,salary_worker,1,0,20175.83,,5.6,0
29,bachelor,female,mortgage,,retired,0,0,9812.39,0.22,13.0,0
62,bachelor,male,mortgage,26480.46,public_sector,0,1,4824.77,0.48,7.1,0
23,phd,female,mortgage,40126.98,retired,1,0,6377.85,0.39,5.4,0
42,bachelor,male,own,29273.62,,0,0,4317.72,0.01,1.2,0
50,bachelor,male,own,11925.56,self_employed,1,0,2865.84,0.45,2.3,0
46,master,male,mortgage,,salary_worker,0,0,4276.22,0.3,9.9,0
55,high_school,male,rent,10290.77,salary_worker,0,0,8656.29,0.26,8.4,0
61,master,female,rent,34957.3,salary_worker,0,1,16328.65,0.26,10.8,0
40,high_school,male,mortgage,17821.24,salary_worker,0,0,14012.08,0.48,5.2,0
62,bachelor,male,rent,14039.01,salary_worker,1,1,4292.42,0.17,0.9,0
36,master,male,own,35174.22,self_employed,1,0,5225.43,0.54,5.5,0
70,bachelor,male,rent,31310.85,salary_worker,0,1,4835.42,0.07,15.7,0
46,bachelor,male,rent,27026.67,salary_worker,0,0,1958.85,0.39,3.6,0
57,bachelor,male,rent,65268.75,salary_worker,0,1,7389.37,0.48,7.4,0
64,high_school,female,own,32394.69,public_sector,0,1,12604.26,0.47,0.0,0
60,high_school,male,own,18210.79,salary_worker,0,1,7052.84,0.37,5.4,0
63,high_school,male,own,30749.89,public_sector,0,0,4034.76,0.3,5.8,0
47,bachelor,male,rent,21402.55,salary_worker,0,1,5090.69,0.24,8.8,0
23,bachelor,female,mortgage,43046.73,self_employed,0,0,6762.41,0.12,6.2,0
45,high_school,male,own,27623.99,public_sector,0,0,12377.32,0.22,1.4,0
30,master,male,mortgage,28881.76,self_employed,0,1,7327.94,0.17,4.8,0
65,,male,own,12720.04,public_sector,0,1,11489.63,0.14,6.7,0
32,bachelor,female,rent,25024.44,retired,0,0,7748.56,0.66,3.5,1
32,high_school,female,mortgage,23734.39,salary_worker,0,0,9230.18,0.03,4.1,0
33,high_school,female,mortgage,15353.58,salary_worker,0,0,4831.47,0.54,11.5,0
53,bachelor,female,rent,22033.61,retired,0,0,5556.84,0.12,5.0,0
49,bachelor,male,own,29616.55,public_sector,1,0,4061.49,,9.3,0
68,high_school,female,mortgage,24295.41,self_employed,0,1,11281.4,0.15,6.8,0
41,phd,male,rent,12894.49,salary_worker,0,0,6903.94,0.14,2.6,0
35,master,female,own,21526.77,salary_worker,0,0,1120.25,0.51,6.2,0
23,bachelor,female,rent,19720.0,retired,1,0,10557.96,0.45,8.7,0
21,master,male,rent,26557.86,public_sector,0,0,13846.36,0.3,14.4,0
39,master,male,mortgage,25298.23,salary_worker,0,0,5185.18,0.83,4.4,0
67,high_school,female,own,20227.01,salary_worker,0,1,10552.91,0.34,7.2,0
47,bachelor,female,mortgage,19874.67,public_sector,0,1,7220.29,0.35,11.1,0
65,bachelor,male,mortgage,25090.64,self_employed,0,1,2528.04,0.22,12.5,0
26,high_school,male,mortgage,37546.65,student,0,0,23721.38,0.2,4.9,0
25,high_school,female,own,27594.95,salary_worker,0,0,7244.18,0.24,6.9,0
62,high_school,male,own,46183.65,salary_worker,0,1,9052.34,0.49,12.0,0
26,bachelor,female,rent,40535.6,salary_worker,0,0,5747.24,0.44,9.5,0
23,master,male,own,47739.15,self_employed,0,0,6887.47,0.57,11.6,0
41,master,female,own,45065.96,salary_worker,1,1,8856.57,0.21,12.2,0
67,high_school,male,mortgage,49184.18,salary_worker,0,1,4566.96,0.45,9.7,0
55,high_school,male,own,14488.14,,0,1,20571.88,0.39,8.1,0
25,bachelor,female,rent,32576.35,salary_worker,1,0,12848.48,0.42,4.8,0
62,bachelor,female,mortgage,42118.58,public_sector,1,1,10767.16,0.18,6.5,0
63,master,female,mortgage,45686.69,salary_worker,0,1,7495.21,0.15,6.8,0
61,master,female,own,17208.81,salary_worker,0,1,5331.19,0.44,12.3,0
66,master,female,mortgage,32722.6,public_sector,0,1,14279.06,0.5,8.2,0
32,master,female,own,25180.91,salary_worker,0,0,11337.62,0.23,8.2,0
69,phd,male,mortgage,55892.03,self_employed,0,0,6504.94,0.45,3.5,0
37,bachelor,female,own,13039.24,retired,0,0,4462.72,0.56,12.3,0
61,high_school,male,own,17219.88,self_employed,0,1,3405.86,0.27,4.4,1
49,high_school,female,rent,10777.49,self_employed,1,0,8231.43,0.08,6.4,0
59,high_school,male,rent,25979.87,public_sector,1,1,7066.3,0.1,12.7,0
52,high_school,female,mortgage,67422.1,student,1,1,15554.32,0.22,11.0,1
53,high_school,male,own,23862.09,public_sector,0,0,13984.61,0.26,4.1,0
51,phd,female,rent,25475.31,salary_worker,0,0,8278.29,0.33,3.2,0
59,high_school,female,rent,31182.35,self_employed,0,0,7749.5,0.34,6.7,0
57,phd,male,own,23101.88,self_employed,0,0,4299.92,0.29,5.2,0
27,master,male,mortgage,28701.7,salary_worker,0,0,14523.71,0.46,1.6,0
62,bachelor,male,own,29041.91,salary_worker,0,1,7854.16,0.2,4.5,0
47,bachelor,female,mortgage,,public_sector,0,1,11303.92,0.57,0.0,0
37,high_school,female,mortgage,23334.28,salary_worker,1,0,15479.04,0.51,11.1,0
46,bachelor,male,own,33991.64,retired,0,0,5936.74,0.5,10.9,0
69,high_school,male,mortgage,36969.9,student,0,1,5139.17,0.22,13.1,0
63,master,male,rent,43666.03,salary_worker,0,0,31501.43,0.32,8.9,0
62,high_school,female,own,28309.32,salary_worker,0,0,11236.89,0.47,5.7,1
44,high_school,female,rent,28569.75,student,0,1,6951.9,0.3,11.6,0
60,bachelor,male,rent,34118.1,salary_worker,0,1,16025.6,0.21,4.7,0
40,bachelor,male,rent,18626.74,public_sector,0,1,6839.42,0.21,2.2,0
55,bachelor,female,rent,18286.15,salary_worker,0,1,9691.62,0.22,6.9,0
52,bachelor,male,mortgage,,salary_worker,0,0,5928.18,0.13,9.1,0
33,high_school,male,own,13714.95,salary_worker,1,1,8027.8,0.86,4.3,0
34,bachelor,female,mortgage,29234.52,salary_worker,0,1,6969.24,0.01,3.3,0
24,high_school,female,own,39030.04,retired,0,0,5358.64,0.16,5.8,0
27,high_school,male,own,17685.15,salary_worker,0,0,30415.19,0.45,9.1,0
42,high_school,female,rent,29608.51,salary_worker,0,0,5703.14,0.22,6.9,0
44,high_school,male,own,18340.94,public_sector,1,1,11123.25,0.28,18.0,0
29,,male,own,15406.44,student,0,1,6853.4,0.41,7.0,0
41,bachelor,female,mortgage,61390.01,salary_worker,0,0,3146.18,0.53,10.5,0
51,high_school,male,mortgage,15506.2,public_sector,0,0,11401.12,0.29,1.7,0
32,,female,rent,13688.43,salary_worker,0,0,11506.63,0.51,9.8,0
37,bachelor,female,own,26812.46,public_sector,0,0,27985.83,0.03,5.7,0
39,high_school,male,own,27469.58,public_sector,1,0,8182.45,0.23,7.5,0
46,bachelor,male,own,32867.99,retired,1,1,8962.7,0.43,14.2,0
39,phd,female,rent,59907.24,self_employed,0,0,10543.07,0.7,6.0,0
57,bachelor,male,mortgage,17159.23,student,0,0,14197.71,0.17,2.3,0
37,master,male,mortgage,18764.15,salary_worker,0,0,13717.94,0.13,2.9,0
42,high_school,male,own,50209.65,public_sector,0,0,9655.97,0.4,8.2,0
39,high_school,male,own,37145.79,public_sector,0,0,7957.45,0.35,8.0,0
30,bachelor,female,rent,34892.83,salary_worker,0,0,12880.43,0.21,7.8,0
55,master,female,mortgage,18667.87,retired,0,1,7777.35,0.12,2.4,0
32,master,male,rent,40402.61,public_sector,0,0,3987.65,0.25,15.6,0
35,high_school,female,rent,34941.56,retired,0,1,3548.66,0.43,13.4,0
60,master,male,rent,26510.38,salary_worker,1,1,6896.05,0.28,8.0,0
68,high_school,female,mortgage,18709.42,retired,0,0,38404.61,0.55,1.4,1
54,high_school,female,mortgage,25540.3,salary_worker,0,1,31559.06,0.32,13.8,0
66,high_school,female,rent,51114.28,student,0,1,7585.44,0.45,12.0,0
63,phd,female,rent,14879.13,salary_worker,0,1,8313.45,0.39,7.9,0
45,high_school,female,mortgage,16985.08,self_employed,0,0,6487.4,0.27,,0
59,master,male,own,18351.91,salary_worker,1,1,11388.32,0.49,5.5,0
37,bachelor,male,rent,20234.22,public_sector,1,1,9453.96,0.12,3.7,0
44,bachelor,female,mortgage,24171.23,salary_worker,0,1,5703.95,0.24,8.1,0
47,bachelor,female,rent,37472.29,retired,0,0,4645.7,0.27,1.3,0
69,master,male,own,29960.54,retired,0,1,6494.42,0.41,3.1,0
63,high_school,female,rent,25018.69,salary_worker,0,1,5095.67,0.45,9.7,0
45,,male,mortgage,27574.51,public_sector,0,1,7135.67,0.19,8.5,0
53,bachelor,male,mortgage,32234.61,,1,1,8758.8,0.17,2.0,0
31,high_school,male,own,11421.27,salary_worker,0,0,6150.84,0.35,5.9,0
61,high_school,male,mortgage,39427.27,salary_worker,0,1,18033.28,0.06,2.1,0
48,high_school,male,mortgage,16782.87,salary_worker,0,0,15331.54,0.52,5.5,1
47,high_school,male,mortgage,19938.75,salary_worker,0,0,7141.97,0.3,5.1,0
59,high_school,male,own,28373.07,self_employed,0,1,4768.13,0.13,11.5,0
52,high_school,female,own,23530.84,self_employed,0,0,7971.38,0.13,6.9,0
24,master,female,mortgage,30306.54,salary_worker,0,0,7528.53,0.4,6.5,0
35,high_school,female,rent,25947.29,,1,0,7828.06,0.39,5.9,0
29,phd,female,rent,21371.22,salary_worker,0,1,6509.94,0.2,0.6,0
57,phd,male,rent,48433.22,retired,0,0,4549.77,0.32,7.1,0
22,high_school,female,mortgage,33477.52,public_sector,0,0,8260.08,0.14,9.4,0
31,bachelor,female,rent,27888.03,public_sector,0,0,6681.01,0.29,8.4,0
50,bachelor,female,rent,33244.14,self_employed,0,0,7015.91,0.61,10.3,0
55,bachelor,male,own,17722.7,salary_worker,0,1,8532.85,0.72,10.5,0
46,high_school,male,rent,64773.2,retired,0,0,7799.8,0.3,16.3,0
64,high_school,male,rent,14921.57,public_sector,1,0,8431.42,0.42,3.0,0
66,,female,own,25614.81,public_sector,1,0,6512.96,0.41,8.4,0
27,bachelor,female,rent,21399.19,salary_worker,1,0,9878.14,0.03,8.9,0
68,phd,male,mortgage,21036.48,self_employed,0,1,5460.03,0.13,6.2,0
51,bachelor,male,rent,,,0,0,4454.33,0.01,5.0,0
52,bachelor,male,mortgage,17201.13,self_employed,0,0,4966.7,0.42,9.5,0
25,phd,male,own,41554.2,public_sector,0,0,5584.89,0.69,9.1,0
52,bachelor,female,rent,14155.86,salary_worker,0,1,3990.65,0.53,3.3,0
57,high_school,male,rent,37896.11,salary_worker,0,1,3193.94,0.35,0.3,0
50,master,male,own,32592.65,salary_worker,0,0,10688.28,0.32,5.5,0
25,high_school,male,own,20508.59,salary_worker,0,0,16331.22,0.28,4.8,1
47,high_school,male,rent,30935.92,salary_worker,0,0,11011.96,0.53,9.9,0
67,bachelor,female,mortgage,22673.35,salary_worker,1,1,6212.36,0.38,3.8,0
57,master,female,own,,,0,0,3152.53,0.35,6.8,0
27,high_school,male,mortgage,14902.81,public_sector,0,0,9005.31,0.14,0.7,0
68,bachelor,male,rent,32694.06,public_sector,0,1,3347.54,0.45,1.3,0
68,high_school,female,rent,31939.75,salary_worker,0,1,7725.93,0.31,4.4,0
29,high_school,female,own,27143.83,salary_worker,0,0,5219.89,0.41,6.5,0
61,high_school,male,rent,20410.76,public_sector,1,0,2311.55,0.52,4.2,0
41,bachelor,female,rent,22343.84,salary_worker,0,0,18293.37,0.05,8.1,0
50,master,female,rent,21025.71,salary_worker,0,0,4061.5,0.29,0.7,0
43,high_school,male,rent,11090.84,self_employed,1,0,6662.93,0.26,,0
60,high_school,male,mortgage,25023.33,,0,1,7548.21,0.24,6.7,0
70,high_school,male,rent,30794.91,,0,0,6255.72,0.14,1.7,0
60,high_school,male,mortgage,25095.0,student,0,1,10462.15,0.21,8.4,0
67,bachelor,female,rent,53966.41,salary_worker,0,0,5390.89,0.14,0.0,0
68,bachelor,male,own,15489.96,salary_worker,0,0,9997.09,0.49,4.8,0
25,bachelor,male,own,18078.95,salary_worker,0,0,9654.48,0.41,,0
33,high_school,male,own,25844.64,public_sector,0,0,3798.03,0.4,0.0,0
57,bachelor,male,mortgage,27165.28,self_employed,1,1,9225.37,0.01,10.2,0
50,high_school,female,mortgage,10347.04,self_employed,0,1,4538.33,0.69,2.8,1
23,high_school,female,rent,31927.22,student,0,1,4267.99,,5.1,0
25,master,female,own,27220.96,self_employed,0,1,9507.25,0.65,13.1,0
47,master,female,mortgage,9379.42,salary_worker,0,0,6473.07,0.47,5.0,0
51,master,male,rent,23097.53,public_sector,0,1,9947.89,0.3,14.0,0
29,master,female,own,16918.39,salary_worker,0,0,9996.16,0.71,6.3,0
29,bachelor,male,rent,19850.9,self_employed,0,0,3694.49,0.44,7.2,0
27,master,female,own,13331.1,retired,1,0,12177.43,0.3,10.9,0
49,high_school,female,own,29356.96,self_employed,0,0,9478.29,0.27,9.7,0
21,high_school,female,own,53787.66,salary_worker,0,1,5868.47,0.53,8.1,0
49,high_school,female,mortgage,27426.38,self_employed,0,1,7519.61,,5.6,0
44,high_school,male,own,9212.14,salary_worker,0,0,12369.99,0.27,1.3,0
44,high_school,male,mortgage,,salary_worker,0,0,6796.85,0.23,1.5,0
54,high_school,female,mortgage,22301.57,self_employed,0,1,25936.14,0.2,12.8,0
47,bachelor,male,own,14832.03,salary_worker,0,0,18395.86,0.21,14.3,0
57,master,male,own,28541.96,salary_worker,0,1,8640.63,0.66,8.0,0
59,bachelor,male,own,,self_employed,0,1,7148.14,0.52,,0
67,high_school,female,mortgage,18018.93,,0,1,7320.47,0.38,4.4,0
60,bachelor,female,rent,11618.11,salary_worker,0,1,5823.41,0.24,4.2,0
46,,male,mortgage,9845.28,student,1,0,8680.83,0.24,5.3,0
45,high_school,male,own,,salary_worker,1,1,11827.12,0.27,4.0,0
32,high_school,female,own,22697.8,,1,0,3857.55,0.66,9.6,0
50,high_school,male,own,19298.79,retired,0,1,11539.47,0.39,8.5,0
27,high_school,female,own,17899.41,salary_worker,0,0,13540.67,0.47,13.8,0
67,master,male,mortgage,31431.15,retired,0,1,11099.97,0.38,5.9,0
63,bachelor,female,mortgage,29979.58,public_sector,1,1,7544.17,0.18,8.3,0
26,bachelor,male,rent,26630.62,self_employed,1,0,10849.2,0.36,10.5,0
60,high_school,female,own,35151.39,salary_worker,0,0,16557.67,0.15,11.6,0
26,master,female,own,18118.01,salary_worker,0,0,7847.84,0.56,2.6,0
57,bachelor,male,own,14875.17,public_sector,0,0,8208.99,0.21,9.1,0
25,high_school,female,own,19243.91,salary_worker,0,0,26183.89,0.24,8.1,0
45,bachelor,male,rent,18655.83,public_sector,0,0,9594.87,0.49,8.7,0
53,bachelor,male,mortgage,9671.32,public_sector,0,1,4656.36,0.21,7.7,0
57,bachelor,female,own,19043.75,public_sector,0,0,13096.94,0.3,14.4,0
41,high_school,female,own,40021.93,salary_worker,0,0,10107.85,0.01,3.9,0
67,bachelor,male,mortgage,34904.95,public_sector,0,1,5650.62,0.28,3.7,0
59,high_school,male,mortgage,30832.75,public_sector,0,0,4415.28,0.45,4.2,0
31,high_school,male,mortgage,25828.35,salary_worker,0,0,9239.37,0.23,6.3,0
54,high_school,female,rent,46723.58,retired,0,0,7839.61,0.44,8.7,0
57,phd,male,rent,15107.17,salary_worker,0,1,4087.39,0.34,5.7,0
37,high_school,male,mortgage,15769.42,student,0,0,7718.22,0.54,11.5,1
57,high_school,male,rent,40373.66,salary_worker,0,1,7455.51,0.21,7.5,0
65,high_school,female,rent,24647.29,salary_worker,0,1,7829.64,0.3,,1
61,master,female,rent,17997.17,,0,1,10618.73,0.08,2.2,0
59,bachelor,male,rent,31206.01,salary_worker,0,0,3074.69,0.32,14.8,0
52,master,male,mortgage,19984.05,salary_worker,0,0,4395.47,0.26,7.3,0
34,high_school,female,rent,16699.16,salary_worker,0,0,6199.23,0.51,14.0,0
60,high_school,male,rent,16491.36,public_sector,0,0,16804.44,0.23,5.0,0
39,bachelor,female,mortgage,28132.96,salary_worker,0,1,29800.49,0.26,10.8,0
47,high_school,female,mortgage,26705.29,self_employed,0,1,31824.59,0.22,5.2,0
36,master,female,rent,48172.14,self_employed,0,1,8308.63,0.34,14.8,0
36,master,female,mortgage,21363.94,self_employed,0,0,2113.6,0.7,12.0,0
28,bachelor,female,rent,21200.56,salary_worker,1,0,13325.76,0.01,10.9,0
69,,female,mortgage,46529.19,salary_worker,0,1,10376.55,0.33,4.6,0
28,bachelor,female,rent,37931.65,student,0,0,9468.49,0.55,,0
25,high_school,male,own,25983.17,public_sector,0,0,4082.98,0.25,15.7,0
67,bachelor,male,rent,12058.73,retired,0,1,24075.22,0.43,6.0,0
48,,male,mortgage,16893.18,public_sector,1,0,18700.37,0.55,8.1,0
42,master,female,rent,15148.51,public_sector,0,0,9527.09,0.29,11.2,0
57,high_school,male,own,24745.61,student,0,0,13982.99,0.22,0.0,0
40,high_school,female,mortgage,19365.46,salary_worker,1,1,8334.1,0.51,12.1,0
27,bachelor,male,rent,50076.5,,0,0,12728.42,0.43,11.6,0
57,high_school,male,mortgage,12002.3,salary_worker,0,1,3948.19,0.33,5.2,1
29,high_school,female,own,14434.8,salary_worker,0,0,2320.32,0.45,0.0,0
48,bachelor,female,rent,27175.82,self_employed,0,0,4031.04,0.51,8.8,0
68,high_school,male,rent,30780.79,salary_worker,0,0,5200.11,0.33,3.0,0
67,bachelor,male,rent,7599.13,salary_worker,0,1,5687.58,0.39,1.1,0
39,high_school,male,rent,11148.56,self_employed,0,0,10367.82,0.43,9.0,0
60,high_school,male,own,21620.09,self_employed,0,0,7033.67,0.26,12.8,0
51,high_school,male,own,44811.48,retired,0,0,7976.34,0.55,6.6,0
44,master,female,own,56925.14,salary_worker,0,0,4223.69,0.15,12.2,0
27,phd,male,own,20200.77,salary_worker,0,0,4027.33,0.32,10.2,0
39,high_school,female,mortgage,22543.65,public_sector,0,0,8288.36,0.48,2.0,0
53,phd,male,rent,16704.12,,0,0,6013.98,0.15,5.3,0
70,bachelor,female,own,32368.56,public_sector,1,0,8123.46,0.5,11.8,0
21,bachelor,male,mortgage,48428.24,salary_worker,0,0,10931.67,0.37,5.3,0
56,bachelor,male,rent,42839.22,salary_worker,0,1,19964.63,0.58,10.8,0
63,bachelor,female,own,24027.39,,0,1,8012.45,0.45,5.9,0
68,master,female,mortgage,16691.6,salary_worker,0,1,21967.93,0.31,10.4,0
42,bachelor,female,own,24432.97,public_sector,0,0,10131.97,0.38,9.2,0
26,bachelor,male,mortgage,45313.22,salary_worker,0,1,11839.86,0.39,6.5,0
34,high_school,male,rent,20328.26,salary_worker,0,0,14460.8,0.7,10.3,0
63,high_school,female,own,10754.26,public_sector,0,0,12038.45,0.36,,0
64,bachelor,female,rent,20702.21,salary_worker,1,1,5213.78,0.32,3.2,0
52,high_school,male,rent,21470.57,salary_worker,0,1,14701.14,0.3,5.6,0
27,high_school,female,mortgage,10725.89,public_sector,0,0,6596.24,0.37,12.2,0
27,high_school,male,rent,27022.27,salary_worker,0,0,9565.6,0.14,1.7,1
44,high_school,female,mortgage,30567.79,salary_worker,0,0,8717.33,0.27,7.4,0
50,,female,mortgage,56215.72,self_employed,0,0,15203.08,0.16,8.8,0
22,bachelor,female,mortgage,13365.48,salary_worker,0,0,10058.64,0.18,8.5,0
55,bachelor,male,mortgage,33817.53,self_employed,1,1,3780.5,0.48,7.1,0
48,high_school,female,own,37611.92,salary_worker,0,0,25601.63,0.34,5.0,0
21,bachelor,female,mortgage,30755.66,salary_worker,0,0,12825.79,0.21,6.5,0
25,high_school,male,mortgage,15474.35,salary_worker,0,0,5986.3,0.31,11.4,0
43,bachelor,male,own,15074.85,retired,0,0,4335.04,0.3,4.7,0
57,bachelor,female,mortgage,25431.37,salary_worker,0,1,13658.24,0.35,0.0,0
62,bachelor,female,rent,25351.16,retired,0,0,4626.3,0.07,9.4,0
42,bachelor,male,rent,18925.3,salary_worker,0,0,12586.68,0.14,13.5,0
35,phd,female,rent,43531.35,salary_worker,0,0,14588.6,0.08,3.3,1
69,bachelor,male,own,20326.11,public_sector,0,0,5668.21,0.18,12.9,0
43,bachelor,female,rent,10382.06,salary_worker,1,0,5396.78,0.21,9.6,0
36,bachelor,female,own,22008.29,self_employed,1,1,6256.53,0.15,2.9,0
43,high_school,female,mortgage,30215.88,retired,0,1,4703.75,0.48,4.7,0
21,phd,male,mortgage,28392.56,retired,0,0,9193.6,0.67,4.5,0
36,high_school,female,mortgage,28293.86,self_employed,0,0,9944.29,0.49,8.2,0
46,high_school,female,mortgage,47681.32,public_sector,0,0,12089.84,0.24,6.8,0
66,phd,female,mortgage,14740.35,salary_worker,0,1,5123.9,0.38,11.9,0
57,bachelor,male,own,20117.22,public_sector,0,0,12861.29,0.33,10.9,0
60,high_school,female,rent,48789.69,salary_worker,0,1,4706.87,0.23,1.3,0
48,high_school,male,mortgage,10043.62,salary_worker,0,1,12857.28,0.58,1.8,0
26,high_school,male,rent,23761.87,self_employed,0,0,3577.21,0.7,10.0,0
40,bachelor,female,rent,42319.98,salary_worker,0,0,19192.16,0.08,5.4,0
70,high_school,male,rent,42037.08,public_sector,0,1,6082.47,0.6,6.8,0
23,master,male,own,32762.91,salary_worker,1,0,11265.48,0.23,9.7,0
64,master,female,mortgage,33138.39,salary_worker,0,1,11768.17,0.29,10.9,0
55,bachelor,female,rent,15237.88,,0,0,4030.95,0.39,2.6,0
35,bachelor,female,mortgage,45158.31,self_employed,0,1,12827.2,0.62,0.0,0
59,high_school,female,rent,,student,0,1,5985.46,0.39,7.0,0
62,high_school,male,rent,14571.37,salary_worker,0,0,6847.64,0.41,4.1,1
23,bachelor,male,rent,28985.28,salary_worker,0,0,5604.79,0.49,7.8,0
26,high_school,male,rent,19499.49,salary_worker,1,0,19684.49,0.52,7.1,0
54,high_school,female,mortgage,26715.88,salary_worker,0,1,4257.83,0.43,3.6,0
70,high_school,female,rent,29550.18,salary_worker,0,1,10266.67,0.52,15.8,0
22,high_school,female,rent,54184.46,public_sector,0,0,5750.18,0.23,7.6,0
54,bachelor,male,rent,29589.54,salary_worker,0,0,14766.11,0.03,5.2,0
27,bachelor,female,mortgage,18428.61,retired,0,0,29049.16,0.67,7.9,0
53,master,male,mortgage,33005.17,self_employed,1,0,5729.08,0.15,9.6,0
52,bachelor,male,mortgage,16742.58,public_sector,0,0,8751.95,0.24,5.0,0
25,master,female,own,36714.24,salary_worker,0,0,6556.02,0.28,16.8,0
55,high_school,male,mortgage,25061.36,salary_worker,1,1,14341.88,0.25,1.4,0
65,master,male,rent,29151.01,salary_worker,0,1,7067.16,0.21,1.7,0
64,bachelor,male,rent,10923.87,self_employed,1,0,13333.53,0.42,1.1,0
22,high_school,female,own,8841.08,self_employed,0,0,6511.0,0.43,7.5,0
33,phd,female,rent,12386.46,salary_worker,0,0,27835.17,,9.4,0
33,,male,own,53401.65,salary_worker,0,1,2427.61,0.44,6.2,0
43,high_school,female,own,14520.7,student,1,0,9969.4,0.26,9.4,0
28,high_school,male,rent,33844.76,salary_worker,1,0,8056.24,0.26,,0
63,high_school,female,own,18235.79,salary_worker,0,0,7897.46,0.54,6.1,0
59,high_school,male,own,,salary_worker,0,1,9480.26,0.25,9.2,0
61,bachelor,male,rent,23858.02,salary_worker,0,1,8367.74,0.24,6.7,0
30,master,female,mortgage,51006.09,salary_worker,0,0,9140.51,0.51,5.9,0
21,high_school,female,mortgage,31666.91,self_employed,0,0,10142.15,0.34,5.5,0
66,bachelor,male,rent,28948.25,self_employed,0,1,21203.88,0.25,8.4,0
35,high_school,female,rent,43630.61,,0,0,1770.35,0.25,12.4,0
53,master,male,rent,18307.41,salary_worker,0,0,22379.35,0.54,2.7,0
66,high_school,male,rent,39369.8,salary_worker,0,1,33119.88,0.45,5.6,0
22,high_school,female,rent,36518.93,public_sector,0,0,3093.03,0.38,8.2,0
21,bachelor,male,rent,36332.02,salary_worker,0,0,8319.2,0.13,14.5,0
21,bachelor,male,mortgage,22702.78,salary_worker,0,0,17226.62,0.38,9.2,0
28,master,male,mortgage,19994.42,salary_worker,0,0,13429.29,0.3,4.2,0
23,bachelor,female,mortgage,,public_sector,0,0,20371.97,0.18,3.8,0
61,master,female,own,16928.74,salary_worker,1,1,9942.45,0.23,11.4,0
51,high_school,female,mortgage,16112.39,retired,0,1,2649.07,0.47,6.2,0
70,high_school,male,mortgage,28712.32,salary_worker,0,0,16606.45,0.56,2.6,0
61,high_school,male,mortgage,21965.95,student,0,1,11493.21,0.15,11.6,0
69,high_school,male,mortgage,,salary_worker,0,1,18151.15,0.17,8.7,0
32,high_school,female,mortgage,30319.52,public_sector,0,0,3485.29,0.46,2.7,0
35,bachelor,male,mortgage,15109.97,salary_worker,0,0,4151.42,0.27,2.1,0
63,high_school,male,own,14907.27,public_sector,0,0,8176.76,0.44,0.0,0
33,bachelor,male,rent,21962.74,self_employed,0,0,16868.47,0.26,5.0,0
23,bachelor,female,rent,17174.75,retired,0,0,19660.64,0.44,8.7,0
54,bachelor,male,own,16379.97,public_sector,0,1,5436.22,0.09,11.3,1
61,bachelor,female,rent,52211.56,self_employed,0,0,6479.89,0.44,9.2,1
69,high_school,female,rent,12209.75,salary_worker,0,1,39323.54,0.01,2.3,0
67,high_school,male,rent,60498.81,salary_worker,0,1,5978.78,0.51,6.4,0
27,bachelor,male,rent,27722.35,student,1,0,11748.03,0.33,13.2,0
59,bachelor,female,mortgage,37941.74,retired,0,0,6320.07,0.42,5.5,0
63,high_school,male,own,35981.12,salary_worker,0,1,10520.89,0.38,10.6,0
55,high_school,male,rent,32132.77,salary_worker,0,0,5031.72,0.03,10.1,0
61,bachelor,female,own,51422.15,,1,1,5111.2,0.59,10.5,0
62,bachelor,male,rent,14956.67,salary_worker,0,1,6608.22,0.4,9.2,0
43,high_school,female,mortgage,22688.87,salary_worker,0,0,6003.7,0.48,10.5,0
23,bachelor,female,own,16584.42,public_sector,0,0,6855.02,0.2,1.6,0
43,master,female,rent,11347.63,salary_worker,0,0,10820.72,0.38,13.6,0
31,high_school,male,own,18077.83,retired,0,1,22918.69,0.1,0.3,0
26,master,female,rent,56536.77,student,0,0,5856.0,0.37,8.7,0
27,high_school,female,mortgage,22515.07,salary_worker,0,1,4704.82,0.17,7.3,0
55,bachelor,male,mortgage,59431.64,salary_worker,0,0,8145.57,1.24,5.0,0
46,bachelor,male,mortgage,62231.85,self_employed,0,0,5073.36,0.45,3.6,1
47,high_school,male,rent,93695.8,salary_worker,0,0,3296.7,0.58,9.7,0
58,master,male,mortgage,57381.19,public_sector,0,1,14550.0,0.3,10.7,0
48,,female,mortgage,70344.46,,0,0,8469.94,0.41,7.1,0
52,phd,female,mortgage,28178.81,salary_worker,0,1,8938.93,0.5,6.3,0
25,high_school,male,rent,26977.21,retired,0,0,2807.53,0.15,12.6,0
63,master,male,own,27796.84,salary_worker,0,1,5874.53,0.22,5.8,0
43,master,female,rent,24343.69,salary_worker,0,0,3719.21,0.52,7.3,0
28,bachelor,female,rent,26038.94,student,0,0,8012.37,0.3,6.7,0
61,high_school,female,mortgage,,salary_worker,0,1,8724.4,0.21,17.4,0
57,bachelor,female,own,19739.6,salary_worker,0,1,8720.92,0.23,4.1,0
23,bachelor,male,rent,13096.09,salary_worker,0,0,5614.9,0.12,10.8,0
30,phd,male,mortgage,28670.63,salary_worker,0,0,5068.83,0.01,0.7,0
21,bachelor,female,own,17822.87,salary_worker,0,0,7286.15,0.03,3.7,0
34,high_school,male,mortgage,18672.87,public_sector,0,0,9861.14,0.35,6.3,0
25,high_school,male,mortgage,22828.41,salary_worker,0,0,5892.48,0.46,7.0,0
56,bachelor,female,mortgage,20589.48,self_employed,0,1,4838.82,0.79,6.4,0
47,phd,female,mortgage,40115.54,salary_worker,0,0,4953.79,0.33,7.1,0
70,high_school,male,rent,22583.31,,0,0,5641.27,0.11,4.7,0
58,bachelor,female,rent,41035.89,student,0,0,6317.27,0.33,12.7,0
51,master,male,mortgage,26707.7,public_sector,0,0,4429.32,0.47,3.5,1
46,high_school,male,rent,23392.29,public_sector,0,1,6342.12,0.53,10.5,0
23,high_school,male,own,26139.4,salary_worker,0,0,15992.48,0.51,10.2,1
24,bachelor,male,own,13612.81,self_employed,1,0,6891.35,0.44,3.7,0
51,bachelor,male,rent,28342.98,retired,0,1,4099.55,0.36,6.0,0
21,high_school,male,rent,35672.49,retired,0,0,2339.82,0.47,7.5,0
23,master,female,own,38020.57,,0,0,69425.6,0.13,14.2,0
31,bachelor,male,own,13246.94,salary_worker,0,0,15163.19,0.01,6.0,0
65,master,male,mortgage,12288.99,salary_worker,0,1,9476.14,0.72,22.0,0
43,master,male,rent,19118.88,salary_worker,0,0,15359.46,0.33,10.6,0
56,master,male,own,,salary_worker,0,1,10831.11,0.44,8.9,0
41,bachelor,female,rent,26888.1,salary_worker,1,0,7772.77,0.01,11.0,0
29,high_school,male,own,17178.04,,0,0,4096.53,0.62,0.6,1
39,bachelor,male,rent,12659.68,salary_worker,1,0,23149.96,0.55,12.2,0
25,high_school,male,rent,17893.72,self_employed,0,0,6371.74,0.06,2.2,0
59,bachelor,male,mortgage,17357.88,self_employed,1,1,6566.17,0.28,11.0,0
30,high_school,male,rent,37087.23,self_employed,0,0,8271.75,0.39,5.1,1
39,bachelor,male,mortgage,38393.56,salary_worker,0,0,8350.21,,4.3,0
70,high_school,female,rent,15177.12,self_employed,0,0,11115.42,0.43,14.6,0
50,high_school,female,rent,34163.9,student,0,0,10433.46,0.53,7.1,1
43,high_school,male,rent,32625.21,salary_worker,0,0,5900.1,0.4,1.4,1
48,bachelor,male,mortgage,14316.15,retired,0,0,8219.28,0.06,11.4,0
60,master,male,own,23441.93,salary_worker,0,0,10923.73,0.15,2.6,0
33,,female,rent,28377.99,self_employed,0,1,5630.23,0.32,12.9,1
52,master,female,own,26198.46,self_employed,0,1,17955.65,0.3,7.4,0
64,master,female,own,11274.02,public_sector,1,1,8013.33,0.3,2.4,0
49,high_school,male,mortgage,25823.29,retired,0,0,19519.35,0.29,10.8,0
43,,male,mortgage,32413.14,salary_worker,0,0,3768.1,0.02,9.6,0
28,high_school,male,own,49553.96,public_sector,0,0,11614.92,0.49,0.0,0
33,high_school,female,own,18016.51,retired,1,0,4965.64,0.45,7.2,0
68,bachelor,male,own,19044.74,public_sector,0,1,5716.09,0.43,8.7,0
48,high_school,male,mortgage,22159.24,salary_worker,0,0,13328.61,0.42,8.5,0
36,master,female,own,27751.56,salary_worker,1,0,7146.21,0.29,6.8,0
41,master,male,rent,25429.32,retired,0,1,33812.18,0.23,10.5,0
49,master,male,mortgage,31950.36,,0,0,10774.26,0.16,9.8,0
47,bachelor,female,mortgage,14671.56,student,0,1,5526.57,0.62,7.6,1
55,bachelor,female,own,29102.64,salary_worker,0,0,10784.77,0.34,6.6,0
33,phd,male,own,17430.96,public_sector,1,0,7112.01,0.04,8.1,0
53,high_school,male,mortgage,22822.44,public_sector,1,1,12805.48,0.33,5.1,0
43,high_school,male,mortgage,52501.98,retired,0,0,6884.98,0.01,3.4,0
68,bachelor,male,own,12975.14,public_sector,0,0,10134.21,0.38,3.0,0
28,high_school,female,rent,21466.3,salary_worker,0,0,9037.5,0.37,7.1,1
28,high_school,male,rent,13717.25,public_sector,0,0,8460.27,0.24,4.1,0
44,high_school,male,rent,26078.87,self_employed,0,0,14371.31,0.17,6.9,0
46,bachelor,female,rent,39015.13,salary_worker,1,1,3005.54,0.44,12.8,1
55,high_school,male,mortgage,26274.25,salary_worker,0,1,8549.52,0.33,6.7,0
41,high_school,female,rent,23097.46,retired,0,0,5510.19,0.01,8.1,0
66,high_school,female,own,44257.54,salary_worker,0,0,3859.3,0.56,6.6,1
44,high_school,female,mortgage,28246.54,salary_worker,0,0,5111.28,0.17,12.7,0
27,master,male,own,35200.12,self_employed,0,0,5762.55,0.1,14.1,0
26,high_school,female,rent,33586.04,student,0,0,7119.3,0.58,5.6,1
69,bachelor,female,mortgage,,public_sector,0,0,9754.96,0.53,10.4,0
27,bachelor,male,rent,23517.47,salary_worker,0,0,10919.02,0.26,15.9,0
68,high_school,female,mortgage,14985.92,salary_worker,1,1,6470.52,0.11,2.9,1
34,master,male,rent,16760.96,salary_worker,0,0,19371.2,0.18,11.4,0
25,bachelor,male,own,47266.82,salary_worker,0,0,6606.23,0.26,0.5,0
36,bachelor,female,own,20564.83,public_sector,0,0,2777.9,0.56,7.6,0
51,high_school,female,own,57048.42,salary_worker,0,1,6704.1,0.57,,0
42,high_school,male,own,12920.11,salary_worker,0,0,8316.01,,,0
60,phd,female,rent,14948.23,retired,0,0,1339.25,0.46,11.9,0
51,master,female,own,34305.39,salary_worker,0,1,15741.17,0.3,8.1,0
41,master,male,rent,20876.57,salary_worker,1,0,7673.34,0.18,3.8,0
52,master,male,mortgage,27953.49,self_employed,1,0,4299.19,0.07,8.8,0
69,high_school,male,own,23143.33,salary_worker,0,1,4778.72,0.4,11.1,1
41,master,male,own,22830.23,salary_worker,1,1,12319.62,0.5,0.4,0
28,bachelor,male,rent,21228.37,student,0,0,13176.06,0.25,0.0,0
41,master,male,own,26390.83,retired,0,1,5671.33,0.55,7.3,0
63,high_school,male,own,,public_sector,0,0,3845.23,0.27,4.4,0
31,high_school,male,rent,50336.71,public_sector,1,0,8707.89,0.36,12.9,0
68,bachelor,male,mortgage,22222.7,salary_worker,0,1,9632.76,0.3,6.0,0
50,master,male,rent,20391.28,public_sector,0,1,11057.88,0.56,8.7,0
51,bachelor,female,rent,19242.8,self_employed,0,0,5944.85,0.43,6.8,0
36,high_school,male,mortgage,47164.78,salary_worker,0,0,7576.8,0.33,1.3,0
67,high_school,male,rent,33211.32,salary_worker,0,1,8193.35,0.35,7.6,0
22,phd,female,rent,10357.18,self_employed,0,0,13790.66,0.13,2.2,0
35,bachelor,female,mortgage,10153.72,salary_worker,1,0,16833.34,0.01,2.0,0
41,bachelor,male,mortgage,16755.37,salary_worker,0,0,19543.14,0.24,3.1,0
44,bachelor,female,rent,26999.28,salary_worker,0,0,16586.83,0.31,2.8,0
44,high_school,female,rent,23979.11,self_employed,0,0,21969.35,0.44,6.7,0
28,bachelor,female,own,30688.72,,0,0,14146.73,0.31,5.9,1
32,bachelor,female,own,22495.05,self_employed,0,0,5859.71,0.26,8.6,0
25,master,male,own,45653.63,salary_worker,0,0,18834.2,0.01,1.2,0
49,,female,own,34456.4,self_employed,0,0,11983.6,0.43,6.5,0
38,master,female,mortgage,25207.82,salary_worker,0,1,29746.17,0.38,5.6,0
49,bachelor,male,mortgage,40757.81,salary_worker,1,0,4739.19,0.49,8.3,0
50,bachelor,female,own,11591.09,self_employed,0,0,13203.09,0.34,8.5,0
56,bachelor,female,rent,23428.68,public_sector,0,0,17931.95,0.55,8.1,1
48,master,male,rent,25896.95,salary_worker,0,0,10431.75,,3.5,0
53,bachelor,male,rent,31917.71,self_employed,0,0,2623.61,0.33,7.6,0
50,bachelor,male,own,11250.58,public_sector,0,0,4810.86,0.38,5.4,0
53,bachelor,male,mortgage,21651.22,salary_worker,0,1,9860.06,0.46,12.8,0
51,bachelor,male,own,29149.92,self_employed,0,1,11494.13,0.41,7.9,0
36,bachelor,female,rent,30173.61,salary_worker,0,0,7344.19,0.43,7.8,0
33,high_school,male,own,41512.86,retired,0,0,8441.24,0.39,,0
60,bachelor,male,mortgage,34292.34,salary_worker,0,1,3612.31,0.31,5.1,0
38,bachelor,female,rent,23685.52,,0,1,21501.84,0.5,8.5,0
48,high_school,male,mortgage,32982.69,public_sector,0,1,6582.28,0.04,7.2,0
30,master,female,mortgage,22234.19,self_employed,0,0,12504.17,0.23,7.1,0
42,bachelor,male,own,26005.11,salary_worker,0,0,17535.09,0.63,0.5,0
47,high_school,male,own,34810.04,self_employed,0,1,4292.94,0.22,4.2,0
52,master,male,own,,salary_worker,0,0,8694.17,0.33,6.4,0
47,bachelor,female,rent,28649.62,salary_worker,0,1,9441.74,0.59,12.3,0
39,bachelor,male,own,37518.48,salary_worker,0,0,7030.92,0.32,0.0,0
69,high_school,male,rent,33539.33,public_sector,0,0,13494.61,0.19,3.3,0
46,master,female,mortgage,42406.73,public_sector,1,0,5613.98,0.56,0.0,0
61,high_school,female,mortgage,,retired,0,0,8351.84,0.29,8.8,0
57,bachelor,male,rent,33400.21,salary_worker,0,1,6607.81,0.3,12.2,0
48,high_school,female,own,19779.84,retired,0,1,29116.16,0.01,8.9,0
65,bachelor,male,rent,30647.93,retired,0,0,5627.72,0.32,9.8,0
27,bachelor,male,rent,30060.53,retired,1,0,12206.46,0.46,3.4,0
67,bachelor,female,mortgage,32082.94,public_sector,1,0,21767.04,0.26,9.0,0
63,bachelor,male,rent,47703.37,salary_worker,0,1,4889.76,0.11,4.4,0
46,master,female,mortgage,11408.91,retired,0,0,8539.29,0.25,7.7,0
57,bachelor,male,rent,48109.12,,1,0,4710.14,0.23,9.5,1
47,high_school,male,mortgage,55976.52,public_sector,0,0,2678.18,0.29,6.3,0
34,phd,female,own,31433.57,salary_worker,1,0,5261.86,0.25,10.8,0
60,bachelor,male,own,31775.82,salary_worker,0,0,5921.23,0.64,6.8,0
33,phd,male,mortgage,21834.79,salary_worker,0,0,6117.99,0.39,8.6,0
36,phd,male,own,24412.38,self_employed,0,0,6871.9,0.03,15.1,0
46,master,female,rent,33325.51,salary_worker,0,0,8130.44,0.35,9.5,0
62,bachelor,male,mortgage,32373.6,retired,0,1,4195.46,0.33,4.5,0
40,bachelor,male,own,33668.55,salary_worker,0,0,9831.94,0.56,5.6,0
45,high_school,female,rent,32273.47,salary_worker,1,1,15793.17,0.31,,0
23,bachelor,male,own,36471.1,salary_worker,0,0,16845.77,0.31,11.7,0
26,master,female,own,,salary_worker,0,0,7022.71,0.68,7.4,0
23,bachelor,male,own,15352.65,salary_worker,0,0,13248.48,0.15,1.4,0
24,master,female,mortgage,35401.89,public_sector,0,0,5571.67,0.48,3.7,1
64,high_school,male,own,56182.69,student,0,0,6708.63,0.35,8.2,0
63,high_school,female,rent,24053.07,salary_worker,0,1,10088.88,0.25,9.8,0
62,bachelor,female,rent,47799.29,salary_worker,0,0,6740.63,0.22,11.5,0
23,bachelor,male,rent,,public_sector,1,0,4043.44,0.58,0.0,0
24,high_school,male,mortgage,24019.15,salary_worker,1,0,33782.63,0.42,11.0,0
35,high_school,male,rent,18241.94,public_sector,0,0,5137.22,0.45,,0
49,master,male,own,45281.31,self_employed,0,0,6087.62,0.5,0.0,0
37,bachelor,female,own,50930.36,retired,0,0,14501.72,0.4,7.5,0
45,high_school,male,mortgage,23280.28,salary_worker,0,0,10888.03,0.15,10.5,0
29,high_school,female,rent,41232.32,student,0,0,8927.23,0.06,1.9,1
57,bachelor,female,rent,51163.52,student,0,0,3611.51,0.62,5.5,0
36,high_school,male,mortgage,23985.06,salary_worker,1,0,4273.48,0.38,9.7,0
24,bachelor,male,own,25806.67,self_employed,0,0,10082.22,0.35,5.4,0
58,master,female,own,33864.65,salary_worker,0,0,11458.85,0.66,6.0,0
66,high_school,female,mortgage,16661.53,salary_worker,0,1,9312.95,0.15,8.4,0
21,bachelor,male,mortgage,25579.43,student,0,0,6244.42,,2.8,0
42,high_school,female,rent,63847.6,salary_worker,0,1,6132.56,0.01,3.2,0
62,high_school,female,mortgage,19438.17,salary_worker,0,0,9124.4,0.24,9.4,0
56,master,female,rent,35747.01,salary_worker,1,1,4070.52,0.36,11.3,0
63,,female,mortgage,30813.62,self_employed,0,0,8522.19,0.59,9.1,0
41,master,female,rent,22613.57,retired,0,0,3775.08,0.49,12.9,0
39,high_school,male,rent,26896.32,self_employed,0,0,4541.69,0.01,9.2,0
56,,female,rent,53566.49,public_sector,0,1,8937.56,0.84,14.9,0
28,bachelor,male,mortgage,,salary_worker,0,0,11167.66,0.27,7.8,0
32,bachelor,male,mortgage,33503.94,public_sector,1,0,9778.97,0.56,8.5,0
51,phd,male,rent,50030.5,salary_worker,0,0,4389.66,0.44,9.1,0
54,high_school,male,rent,21370.47,self_employed,1,1,2895.58,0.34,5.0,0
26,master,male,rent,15197.53,self_employed,0,0,8066.11,0.3,4.4,0
46,master,male,rent,53946.94,student,1,1,2850.76,0.14,3.9,0
39,bachelor,male,mortgage,25885.41,public_sector,0,0,13621.9,0.11,5.3,0
46,high_school,male,rent,36392.59,public_sector,0,0,4470.54,0.31,15.8,0
68,bachelor,male,mortgage,17273.9,,0,1,27689.37,0.09,,0
24,high_school,male,mortgage,28993.79,salary_worker,0,0,4773.83,0.64,6.2,0
70,master,female,rent,,self_employed,0,1,10452.79,0.36,5.8,0
43,bachelor,male,own,,public_sector,0,0,5403.84,0.72,0.0,0
59,master,male,mortgage,18186.5,public_sector,0,0,7387.2,0.26,3.5,0
42,bachelor,female,mortgage,16400.31,self_employed,0,1,8965.92,0.23,,1
36,bachelor,male,mortgage,21239.01,salary_worker,0,0,13005.93,0.45,5.7,0
59,bachelor,female,rent,8673.04,salary_worker,0,0,14196.25,0.29,5.2,1
55,bachelor,female,rent,14444.14,salary_worker,0,1,12088.69,0.52,8.4,0
28,master,male,mortgage,34616.52,public_sector,0,0,14338.41,0.6,10.6,0
56,high_school,female,own,28465.55,student,1,0,5774.1,0.54,4.6,0
58,phd,female,mortgage,15012.16,self_employed,0,1,11577.72,0.59,13.2,0
40,master,female,mortgage,31149.18,public_sector,1,0,6717.75,0.49,8.9,0
67,master,male,own,16396.19,public_sector,1,0,13938.71,0.24,11.1,0
53,bachelor,female,rent,33687.55,salary_worker,0,0,8634.89,0.55,5.7,0
37,master,male,own,23108.65,salary_worker,0,1,11397.44,0.47,9.7,0
21,high_school,male,mortgage,21029.78,salary_worker,0,0,9512.02,0.23,9.3,0
54,master,male,rent,23365.63,retired,1,1,12310.5,0.25,13.4,0
31,high_school,male,rent,77017.49,salary_worker,0,0,5196.76,0.32,10.1,0
58,high_school,male,mortgage,17301.34,self_employed,0,0,10475.96,0.54,10.9,0
47,bachelor,female,mortgage,26955.74,salary_worker,0,0,13959.73,0.36,5.4,0
44,high_school,male,own,34600.24,public_sector,0,0,16979.24,0.34,12.3,0
29,high_school,male,mortgage,15786.56,salary_worker,0,0,7602.68,0.31,2.4,0
56,master,female,own,11879.67,student,0,0,12658.77,0.28,5.2,0
29,high_school,female,mortgage,18573.77,salary_worker,1,0,3307.27,0.13,8.6,0
41,,male,mortgage,34260.85,retired,0,1,5756.89,,2.9,0
62,high_school,female,rent,20870.64,self_employed,0,0,8476.69,0.16,3.8,0
67,master,male,own,21938.59,salary_worker,0,1,3120.05,0.35,3.8,0
70,master,female,rent,36674.84,public_sector,0,1,3493.93,0.27,9.0,0
68,high_school,male,mortgage,16935.13,self_employed,0,0,8838.51,0.48,6.9,0
48,,female,own,23389.91,salary_worker,0,1,5807.32,0.28,11.4,0
31,master,male,own,12317.44,public_sector,1,0,6696.42,0.16,15.0,0
62,master,female,mortgage,28122.45,self_employed,0,1,6480.38,0.52,8.6,0
61,high_school,female,own,26991.52,self_employed,0,1,3999.93,0.19,5.5,0
70,bachelor,female,mortgage,34821.54,public_sector,0,0,7189.4,0.37,9.0,0
53,master,male,mortgage,14539.65,public_sector,0,0,8042.24,0.57,3.9,0
28,high_school,male,own,22329.2,,0,0,5881.16,,7.2,0
46,master,male,rent,,salary_worker,0,1,6149.88,0.32,17.3,0
43,high_school,female,mortgage,21790.99,salary_worker,0,1,7243.17,0.26,6.7,0
63,master,male,own,47420.25,self_employed,0,1,12719.21,0.36,8.7,0
40,high_school,female,rent,21071.17,salary_worker,0,1,7692.84,0.33,6.9,0
37,high_school,female,mortgage,13165.25,salary_worker,0,0,2808.82,0.51,5.9,0
25,phd,male,own,17926.84,public_sector,0,0,4202.26,0.23,9.4,0
62,master,male,rent,11790.76,salary_worker,0,1,13527.74,0.57,2.4,0
58,master,male,mortgage,13587.45,salary_worker,0,1,5557.58,0.63,6.8,1
23,phd,female,own,32923.57,retired,0,0,7718.17,0.39,2.1,0
42,bachelor,female,own,12697.65,public_sector,0,0,23357.89,0.2,13.7,1
44,high_school,male,own,28016.47,public_sector,0,0,11470.1,0.33,11.4,0
44,high_school,female,rent,24626.64,salary_worker,0,1,2485.98,0.32,4.4,0
66,bachelor,female,own,19164.45,self_employed,0,1,17938.41,0.66,0.1,0
28,high_school,male,rent,26965.34,retired,0,0,8798.23,0.32,9.5,0
36,master,male,rent,15963.38,salary_worker,0,0,9928.01,0.59,7.3,0
30,high_school,female,mortgage,35538.79,salary_worker,0,1,9578.67,0.36,16.5,0
33,high_school,female,rent,17778.53,salary_worker,0,1,13391.11,0.35,13.1,0
66,high_school,male,mortgage,20458.11,retired,0,0,7755.38,0.28,10.0,0
68,high_school,female,own,,salary_worker,0,0,3587.24,0.29,,0
23,high_school,female,rent,33198.6,self_employed,0,0,9681.18,0.5,,0
52,bachelor,female,mortgage,31101.14,self_employed,0,0,3789.54,0.21,8.7,0
32,high_school,male,own,7481.84,student,0,0,22007.17,0.51,8.9,0
30,bachelor,male,own,,salary_worker,0,1,6639.7,0.6,4.7,0
35,master,female,mortgage,11102.58,self_employed,1,0,7875.74,0.23,2.0,0
30,bachelor,female,mortgage,20877.04,student,0,0,5586.93,0.56,15.2,0
45,bachelor,male,rent,23186.41,salary_worker,0,0,9764.83,0.53,7.6,0
70,high_school,male,rent,20776.42,self_employed,0,0,10403.54,0.5,9.2,0
50,high_school,male,mortgage,30496.54,salary_worker,0,0,5578.71,0.23,4.1,0
57,high_school,female,rent,33658.96,salary_worker,0,0,10396.09,0.32,13.0,0
45,phd,male,mortgage,17187.55,salary_worker,0,1,8410.61,0.32,11.7,0
21,bachelor,male,own,16908.83,salary_worker,0,0,7686.89,0.72,7.7,0
25,high_school,male,own,23952.16,salary_worker,0,0,5359.65,0.34,8.3,0
34,bachelor,female,mortgage,12152.87,public_sector,0,0,28938.08,0.31,8.6,0
33,master,male,mortgage,19640.71,self_employed,0,0,15530.1,0.13,7.9,0
63,bachelor,female,rent,44651.14,salary_worker,0,1,12095.63,0.17,9.7,0
63,bachelor,female,own,12359.31,public_sector,0,0,15056.52,0.22,9.0,0
63,master,female,mortgage,20888.36,student,0,1,9556.24,0.41,6.8,0
52,bachelor,male,rent,18647.45,salary_worker,0,1,6686.64,0.08,2.8,0
48,bachelor,female,mortgage,60016.24,salary_worker,1,1,1893.75,0.22,7.4,0
53,high_school,male,own,19109.91,salary_worker,0,0,4144.58,0.01,10.5,0
41,high_school,male,rent,19615.69,retired,0,0,26655.85,0.59,10.2,0
54,phd,male,mortgage,15308.38,retired,0,0,15338.34,0.36,12.7,0
60,bachelor,female,mortgage,24445.34,self_employed,0,1,9056.84,0.4,13.2,0
59,high_school,male,rent,,salary_worker,0,0,3402.8,0.14,10.3,0
51,,female,mortgage,16340.16,self_employed,0,0,11488.79,0.55,8.2,0
23,high_school,female,rent,37984.19,public_sector,0,0,6954.02,0.61,8.9,0
57,master,female,rent,27501.03,salary_worker,1,0,11895.04,0.35,5.2,0
39,high_school,female,rent,35716.02,salary_worker,0,0,4395.98,0.25,10.7,0
58,master,male,mortgage,21001.29,salary_worker,0,0,6188.99,,12.8,0
47,bachelor,female,rent,27158.16,public_sector,0,1,13184.7,0.47,11.7,0
65,high_school,female,rent,22117.11,student,0,1,23395.45,0.5,9.7,0
37,high_school,male,mortgage,46908.62,salary_worker,0,0,5641.23,0.46,,0
67,master,female,own,25650.51,retired,0,0,4676.07,0.51,6.1,0
63,high_school,female,rent,24439.09,,0,0,14222.6,0.22,6.9,1
37,high_school,female,rent,19807.01,public_sector,0,1,4052.32,0.5,4.6,0
45,bachelor,female,mortgage,19299.15,retired,0,1,4215.76,0.26,8.6,0
47,high_school,male,own,27091.49,self_employed,0,1,9379.34,0.01,0.0,0
59,high_school,female,mortgage,35200.46,salary_worker,0,0,25517.68,0.26,5.3,0
55,high_school,female,rent,17889.14,salary_worker,0,0,5080.51,0.24,7.8,0
63,master,male,own,25769.85,public_sector,0,0,6611.95,0.38,17.5,0
39,high_school,female,mortgage,26446.43,self_employed,0,0,37281.86,0.49,7.5,0
46,high_school,male,rent,28602.91,salary_worker,0,1,6247.93,0.37,7.7,0
42,high_school,male,rent,11289.48,,0,0,3066.34,0.7,4.2,0
66,high_school,female,own,16056.52,salary_worker,1,0,12595.27,0.25,14.4,0
36,high_school,female,rent,13165.7,salary_worker,0,1,8977.52,0.01,4.2,0
50,high_school,female,rent,24705.92,public_sector,0,1,9914.72,0.39,15.6,0
27,high_school,female,mortgage,16229.11,salary_worker,0,0,7495.54,0.24,4.5,0
63,high_school,male,own,19471.2,salary_worker,0,1,18624.75,0.14,11.3,1
40,master,male,own,14222.4,salary_worker,0,0,6139.53,0.29,7.3,0
38,high_school,female,rent,20303.4,retired,0,0,4481.09,0.2,5.3,0
50,high_school,female,own,14678.71,salary_worker,0,0,20232.36,0.22,11.5,0
45,master,female,own,34236.88,salary_worker,1,1,2418.15,0.61,12.8,1
63,master,male,mortgage,30201.67,salary_worker,1,0,7445.84,0.36,6.8,0
47,bachelor,male,own,26045.58,salary_worker,0,0,7773.46,0.29,7.4,0
46,high_school,female,mortgage,21250.3,salary_worker,0,1,7608.31,0.63,5.8,0
26,high_school,male,rent,9730.7,salary_worker,0,0,3452.43,0.29,8.4,0
22,high_school,female,own,19807.32,salary_worker,0,0,4222.68,0.12,3.1,0
40,high_school,male,mortgage,17280.68,public_sector,0,0,13723.91,0.1,0.0,0
70,high_school,male,own,27208.19,salary_worker,0,0,17360.23,0.33,0.0,0
66,bachelor,male,mortgage,32172.53,salary_worker,0,0,6441.26,0.04,6.6,0
52,high_school,female,mortgage,28172.02,public_sector,0,0,4856.8,0.13,3.2,0
52,bachelor,female,mortgage,42974.72,salary_worker,0,0,3036.21,0.27,7.0,0
40,high_school,male,rent,18849.82,salary_worker,0,0,13593.04,0.54,5.5,0
29,high_school,female,rent,18501.38,student,0,0,14041.97,0.57,4.7,0
21,master,female,own,38833.76,self_employed,0,0,1726.87,0.46,4.9,0
37,master,male,mortgage,26233.63,public_sector,0,0,2136.34,0.34,11.4,0
36,high_school,male,own,21782.25,self_employed,0,0,8736.37,0.24,8.4,0
30,bachelor,male,rent,55878.47,student,0,0,9380.61,,13.8,0
33,high_school,male,own,31570.51,salary_worker,0,0,6232.11,0.66,7.9,0
22,high_school,male,rent,22342.7,salary_worker,0,0,7957.56,0.37,0.0,0
51,bachelor,female,rent,17877.98,public_sector,0,0,7072.85,0.26,3.3,0
67,high_school,male,rent,44219.92,salary_worker,0,1,8221.73,0.31,8.0,0
55,bachelor,male,rent,26719.49,self_employed,0,1,4936.93,0.29,8.5,0
43,bachelor,male,mortgage,24613.06,salary_worker,0,0,8048.67,0.44,5.2,0
42,high_school,female,rent,33002.03,salary_worker,0,0,5592.03,0.2,4.3,0
36,high_school,female,rent,36171.96,public_sector,0,0,5341.49,0.41,5.1,0
28,high_school,male,own,31177.17,self_employed,0,0,2902.16,0.44,6.9,0
50,phd,female,rent,36235.3,self_employed,0,1,7357.33,0.4,7.3,0
49,bachelor,female,own,29825.48,salary_worker,0,0,12602.31,0.14,3.1,0
21,high_school,male,rent,31247.69,salary_worker,1,0,6774.55,0.31,8.5,0
41,high_school,male,rent,17514.12,public_sector,0,0,6671.4,0.25,8.4,0
34,bachelor,female,mortgage,54976.4,salary_worker,0,0,16165.68,0.33,7.1,0
29,high_school,female,rent,13972.49,self_employed,0,0,14239.01,0.22,4.7,0
56,bachelor,female,rent,27979.29,self_employed,1,1,21036.63,0.56,10.2,0
47,bachelor,male,rent,13339.1,salary_worker,0,0,28040.27,0.37,12.8,0
52,bachelor,male,rent,23291.46,salary_worker,1,0,8372.58,0.05,5.7,0
56,high_school,female,rent,18824.56,public_sector,0,1,4287.92,0.1,5.0,0
70,high_school,female,own,25876.49,salary_worker,0,1,30003.38,0.56,9.4,0
61,high_school,female,rent,28389.96,salary_worker,0,1,11105.0,0.31,2.8,0
52,bachelor,female,rent,15829.8,student,0,0,17891.09,0.27,2.4,0
64,master,female,mortgage,24022.92,salary_worker,0,1,4551.11,0.54,4.9,0
44,high_school,male,rent,45576.77,public_sector,0,1,9324.52,0.31,8.7,0
70,bachelor,female,rent,13486.99,salary_worker,0,0,5239.21,0.12,4.0,0
59,bachelor,female,own,16575.41,salary_worker,0,1,19112.32,0.14,7.4,0
53,high_school,female,rent,35858.63,self_employed,0,1,7413.91,0.45,0.0,0
66,high_school,female,mortgage,25207.57,salary_worker,0,0,9993.12,0.71,10.0,0
46,high_school,female,rent,26056.43,public_sector,0,1,24779.68,0.49,13.3,0
57,bachelor,female,own,38562.52,salary_worker,0,0,10522.79,0.27,3.9,0
35,bachelor,female,mortgage,17028.93,self_employed,0,0,6397.05,0.3,9.3,0
69,bachelor,female,rent,19269.89,public_sector,1,0,5841.96,0.35,6.7,0
52,master,male,rent,18229.77,self_employed,0,1,7295.67,0.01,7.9,0
60,bachelor,female,own,20812.49,salary_worker,0,0,5016.92,0.34,6.5,0
44,phd,male,mortgage,44479.56,salary_worker,1,1,8749.98,0.45,6.3,0
64,bachelor,male,own,11322.12,salary_worker,1,1,2151.28,0.66,4.2,1
24,master,female,own,14222.8,retired,1,0,7214.47,0.54,3.1,0
26,master,female,rent,13166.65,self_employed,0,0,7535.61,0.69,11.9,0
46,,female,own,45741.55,self_employed,0,1,4279.72,0.64,0.8,0
57,master,female,rent,18462.93,salary_worker,1,0,6567.06,0.59,7.4,0
61,master,male,own,21015.11,salary_worker,0,0,15002.22,0.34,7.2,0
43,bachelor,female,rent,11771.24,salary_worker,0,0,15609.38,0.4,7.3,0
53,bachelor,male,own,21631.94,salary_worker,1,1,6043.71,0.04,10.2,0
48,bachelor,male,rent,35951.81,salary_worker,1,0,10806.65,0.36,6.0,0
69,master,male,mortgage,27277.86,,0,1,3553.98,0.44,10.1,0
53,bachelor,male,mortgage,23189.65,salary_worker,0,0,6885.08,0.29,15.4,0
41,master,male,mortgage,12037.73,self_employed,1,0,9199.86,0.06,6.9,0
69,master,male,mortgage,21003.02,self_employed,0,1,18766.15,0.62,0.0,0
26,phd,male,own,26006.76,salary_worker,0,0,15615.85,0.41,6.9,1
70,high_school,female,mortgage,15579.0,public_sector,0,1,9089.83,0.65,6.5,0
28,bachelor,female,rent,32685.96,self_employed,0,0,4908.2,0.47,9.1,0
35,bachelor,female,mortgage,36253.12,salary_worker,0,0,17105.98,0.59,0.0,0
62,master,female,own,19189.3,public_sector,1,0,6719.99,0.55,8.8,0
57,master,male,own,33746.25,self_employed,0,0,10369.97,0.22,5.8,0
69,bachelor,female,own,23170.08,self_employed,0,1,7575.01,0.25,10.7,0
58,bachelor,male,mortgage,40790.81,retired,0,0,24239.36,0.26,5.4,0
52,high_school,male,mortgage,60801.38,salary_worker,0,1,5793.41,0.17,11.0,0
38,phd,female,mortgage,14881.15,self_employed,1,0,13412.46,0.66,1.5,0
21,high_school,male,own,34415.69,salary_worker,0,0,7727.01,0.35,7.6,0
27,bachelor,female,own,43793.21,salary_worker,1,0,11081.22,0.42,3.6,0
35,master,male,mortgage,15727.94,salary_worker,1,0,19751.93,0.1,5.5,0
23,bachelor,male,own,18792.17,salary_worker,0,0,2690.51,0.49,18.4,0
46,high_school,female,own,18697.22,salary_worker,0,1,7816.84,0.27,3.7,0
59,high_school,male,own,22931.08,self_employed,1,1,4955.55,0.57,6.0,0
69,master,female,own,20736.19,salary_worker,0,1,10354.25,0.22,2.9,0
45,bachelor,male,mortgage,22265.02,salary_worker,1,0,11851.76,0.58,6.3,0
64,high_school,male,own,35493.14,salary_worker,0,0,6255.63,0.51,6.9,0
70,bachelor,female,mortgage,10372.2,salary_worker,0,1,6080.68,0.26,4.6,0
63,high_school,male,mortgage,15705.21,self_employed,0,1,9064.25,0.6,13.8,0
44,master,male,own,32907.89,self_employed,0,0,4022.82,0.55,12.1,0
37,high_school,male,rent,31217.97,public_sector,0,0,9732.93,0.43,3.7,0
69,high_school,male,own,15118.22,student,0,1,5168.1,0.16,10.8,0
33,high_school,male,own,31315.42,salary_worker,0,0,12130.84,0.48,5.6,0
41,bachelor,female,own,44226.97,salary_worker,0,0,3925.17,0.35,2.6,0
24,bachelor,male,mortgage,23811.84,retired,0,0,5931.32,0.35,4.6,0
60,bachelor,male,rent,15466.28,self_employed,1,0,5360.83,0.35,2.5,1
53,bachelor,female,rent,36088.5,student,1,1,6877.52,0.33,11.3,0
25,high_school,female,mortgage,52858.32,public_sector,0,0,17274.51,0.18,4.0,0
32,high_school,female,mortgage,16337.8,public_sector,1,0,12903.86,0.07,12.7,0
48,high_school,female,own,24776.81,salary_worker,0,1,6224.03,0.03,8.1,0
48,master,female,rent,39758.15,salary_worker,0,1,6221.06,0.39,5.9,0
61,high_school,female,own,25640.06,self_employed,0,1,13186.15,0.01,5.5,0
34,phd,male,own,11089.09,self_employed,0,0,4271.94,0.47,14.5,0
67,high_school,female,own,29718.88,public_sector,0,1,8203.45,0.43,7.5,0
43,high_school,female,rent,15670.51,student,1,0,5807.06,0.29,5.5,0
62,high_school,male,rent,13741.49,,0,1,7372.94,0.52,10.9,0
32,,female,mortgage,11187.06,salary_worker,0,0,12644.9,0.29,9.8,0
22,master,female,own,41592.84,retired,0,0,5607.79,0.42,3.5,0
23,bachelor,male,mortgage,16720.32,public_sector,0,0,13846.41,0.01,7.5,0
39,high_school,male,own,28282.58,public_sector,0,0,27167.39,0.01,0.3,0
68,bachelor,male,rent,31587.9,self_employed,0,1,11296.01,0.3,7.4,0
23,,female,own,26181.77,student,0,0,7736.87,0.42,8.8,0
39,master,female,mortgage,27818.51,,0,0,15312.49,0.51,9.3,0
26,phd,male,own,28896.38,salary_worker,0,0,4403.41,0.31,3.5,0
67,bachelor,male,own,25903.77,salary_worker,0,1,18705.82,,4.5,0
54,master,male,own,17290.77,salary_worker,0,0,5355.15,0.48,8.5,0
59,master,male,mortgage,16610.63,public_sector,0,1,26700.88,0.32,12.5,0
56,bachelor,female,own,,salary_worker,0,0,5462.07,0.45,,0
53,bachelor,female,own,22999.46,self_employed,0,1,11660.19,0.14,5.3,0
59,high_school,male,mortgage,29530.94,salary_worker,0,1,3436.59,0.04,11.4,0
21,bachelor,male,rent,39964.33,public_sector,0,0,7206.31,0.24,8.0,1
64,phd,female,own,28417.41,salary_worker,0,1,4474.58,0.48,8.2,0
57,high_school,male,own,,self_employed,0,1,3667.13,0.21,10.7,0
57,master,female,mortgage,9122.32,salary_worker,0,1,15725.45,0.46,7.1,0
40,master,male,mortgage,17222.61,self_employed,0,1,4125.1,0.16,3.8,0
61,high_school,female,rent,13292.82,salary_worker,0,0,5408.41,0.24,6.9,0
40,bachelor,male,mortgage,17524.1,self_employed,0,0,5072.63,0.38,11.9,0
23,master,female,mortgage,27147.08,self_employed,0,0,15166.05,0.22,15.1,0
66,phd,male,own,25285.23,student,0,1,14180.52,0.25,2.6,0
32,high_school,male,rent,56172.35,retired,0,1,16295.79,0.01,14.0,0
26,high_school,female,rent,30254.09,salary_worker,0,0,5257.68,0.49,6.0,0
52,bachelor,male,own,57476.15,salary_worker,0,1,17022.31,0.32,7.6,1
32,high_school,male,own,33584.26,salary_worker,1,0,5233.1,0.17,14.3,0
63,high_school,male,mortgage,39678.63,salary_worker,0,1,5350.37,0.67,5.9,0
43,high_school,female,rent,20712.53,salary_worker,0,0,5517.61,0.2,6.4,0
21,high_school,male,own,15009.98,retired,0,0,5629.24,0.25,4.9,0
68,bachelor,male,rent,19889.91,retired,0,1,7708.41,0.17,7.7,0
46,bachelor,male,own,24213.33,salary_worker,0,1,5108.79,0.54,8.7,0
34,bachelor,female,rent,18348.97,public_sector,0,0,9202.92,0.6,4.8,0
54,master,male,own,15513.81,public_sector,0,0,1929.14,0.58,13.3,0
47,high_school,female,rent,29365.53,salary_worker,0,0,9186.41,0.58,4.5,0
22,high_school,female,own,15484.14,retired,0,0,4450.07,0.23,,0
58,high_school,female,rent,12209.0,student,0,1,5607.31,0.64,7.6,0
41,high_school,female,mortgage,14692.04,student,0,0,5682.27,0.3,12.5,0
55,high_school,female,rent,21906.53,public_sector,0,1,13612.51,0.06,4.3,0
65,high_school,female,own,15585.35,salary_worker,0,0,10694.99,0.26,9.8,0
51,high_school,male,own,21968.38,salary_worker,0,0,7397.9,0.4,17.2,0
54,high_school,male,rent,31894.85,student,0,1,5467.74,0.22,1.7,0
33,bachelor,female,rent,31523.84,salary_worker,0,0,12463.79,0.37,3.9,0
32,bachelor,male,rent,18081.21,salary_worker,0,0,21743.94,0.44,15.8,0
41,master,male,own,13537.6,salary_worker,0,1,7979.28,0.41,7.0,0
63,master,male,mortgage,18787.92,self_employed,0,1,3364.13,0.46,8.0,1
47,bachelor,male,rent,,salary_worker,0,0,5504.97,0.31,6.2,0
38,high_school,male,mortgage,36320.53,public_sector,0,1,11021.12,0.21,14.1,0
59,bachelor,male,mortgage,28532.54,self_employed,0,0,6351.89,0.08,1.0,0
63,high_school,male,mortgage,41799.77,salary_worker,0,1,5052.9,0.32,12.4,0
66,bachelor,male,own,,salary_worker,0,1,4933.48,0.24,1.6,0
35,high_school,female,mortgage,19585.55,self_employed,0,0,8522.14,0.32,1.2,0
56,bachelor,male,own,47522.26,public_sector,0,1,3485.6,0.01,3.2,0
50,high_school,male,mortgage,21649.83,retired,0,0,7950.09,0.07,,0
43,bachelor,male,rent,38519.96,retired,0,0,8507.1,0.43,4.6,0
40,master,male,mortgage,33485.16,salary_worker,0,0,6328.15,0.05,4.4,0
26,master,female,mortgage,9999.83,public_sector,0,0,4566.15,0.31,3.8,0
34,bachelor,female,mortgage,15759.49,self_employed,1,0,14187.58,0.19,3.9,1
48,bachelor,male,rent,14050.6,self_employed,0,1,3893.14,0.18,3.8,0
65,high_school,male,mortgage,10917.03,public_sector,0,1,8910.65,0.36,8.4,0
64,bachelor,male,rent,36159.38,salary_worker,1,1,12091.58,0.35,5.0,0
30,bachelor,male,mortgage,61756.06,self_employed,0,0,8845.86,0.44,0.0,0
54,high_school,male,own,21677.87,public_sector,0,1,15948.98,0.14,7.4,0
25,high_school,male,mortgage,35752.32,salary_worker,0,0,4339.58,0.18,10.5,0
54,master,female,own,47480.83,public_sector,0,0,5244.83,0.54,6.4,0
38,bachelor,male,rent,26735.55,salary_worker,0,1,6287.52,0.3,2.5,0
43,bachelor,female,rent,24067.29,self_employed,0,0,49507.69,,10.5,0
56,bachelor,male,rent,21795.1,public_sector,0,1,10713.84,0.25,2.0,0
42,high_school,female,own,31004.93,salary_worker,0,1,11875.81,0.42,6.2,0
61,bachelor,male,mortgage,36084.27,salary_worker,0,1,11606.75,0.01,7.4,0
47,high_school,female,mortgage,29965.81,self_employed,0,1,8462.09,0.55,11.8,0
70,bachelor,female,mortgage,29506.28,salary_worker,0,0,14431.82,0.26,9.8,0
52,bachelor,male,mortgage,23788.53,salary_worker,0,1,2896.72,0.12,8.5,0
35,high_school,male,own,11886.64,public_sector,0,0,9436.46,0.15,11.2,0
59,master,female,own,36460.05,salary_worker,0,1,10254.99,0.29,2.9,0
41,high_school,male,own,13655.79,self_employed,0,1,14189.49,0.32,13.8,0
47,bachelor,female,rent,32167.87,salary_worker,0,0,4291.43,0.37,0.0,0
27,bachelor,female,own,,salary_worker,0,0,4468.69,0.13,13.2,0
26,bachelor,female,mortgage,14571.25,salary_worker,0,0,4626.78,0.5,4.1,0
49,bachelor,male,own,18517.84,student,0,1,10799.73,0.25,9.0,0
30,phd,male,mortgage,63238.18,self_employed,0,0,10884.79,0.24,13.3,0
70,bachelor,male,rent,23487.72,salary_worker,0,0,4805.94,0.3,9.7,0
63,bachelor,male,mortgage,14057.39,salary_worker,1,1,23221.92,0.46,9.0,0
56,bachelor,male,rent,34905.36,self_employed,0,0,9485.35,0.33,11.0,0
57,high_school,male,mortgage,17193.66,self_employed,0,0,8675.98,0.24,1.6,0
50,high_school,male,rent,10257.5,salary_worker,0,0,7228.63,0.28,2.2,0
24,bachelor,female,own,30757.72,salary_worker,0,0,13517.92,0.56,8.6,0
40,high_school,female,own,16115.26,self_employed,0,0,10038.89,0.53,6.7,0
45,high_school,female,rent,28128.39,public_sector,0,0,22912.05,0.41,6.2,1
66,high_school,male,own,,public_sector,0,0,4156.19,0.37,12.5,0
31,bachelor,male,rent,33464.55,self_employed,0,0,3463.17,0.76,12.1,0
45,high_school,female,own,26438.44,public_sector,1,1,5393.6,0.42,3.8,1
38,master,male,mortgage,7592.04,self_employed,0,0,10985.62,0.37,9.3,0
27,bachelor,male,rent,28908.92,self_employed,0,0,6403.18,0.3,1.2,0
26,bachelor,female,own,21367.38,self_employed,1,0,16302.36,0.4,1.1,0
39,high_school,female,mortgage,46051.84,salary_worker,0,0,6525.96,0.01,3.9,0
25,bachelor,female,own,29081.09,retired,0,0,14691.87,0.52,7.3,0
24,high_school,female,mortgage,34209.92,salary_worker,1,0,5131.13,0.11,4.9,0
38,bachelor,male,own,17681.19,,0,0,15532.33,0.21,,0
31,high_school,male,own,17059.62,self_employed,0,0,17206.36,0.09,7.4,0
48,phd,female,rent,24063.65,retired,0,1,5939.43,0.21,12.0,0
21,high_school,female,rent,20696.56,salary_worker,0,0,10606.89,0.28,9.7,0
36,bachelor,female,own,44449.28,retired,1,0,9388.52,0.5,3.3,0
43,high_school,female,mortgage,22720.13,salary_worker,0,0,10766.44,0.57,11.1,0
69,bachelor,female,rent,14028.27,salary_worker,0,0,16423.04,0.69,4.1,1
52,,male,mortgage,16774.05,retired,0,1,13839.28,0.36,9.1,0
65,high_school,male,own,37581.72,salary_worker,0,1,10751.09,0.3,5.5,0
38,high_school,male,own,22578.07,self_employed,0,0,11668.86,0.48,12.8,0
43,high_school,female,mortgage,22041.44,self_employed,0,1,4031.53,0.19,10.4,0
42,high_school,male,mortgage,39225.58,retired,0,1,7922.75,0.17,4.7,0
65,phd,female,own,16128.72,public_sector,0,0,4421.23,0.27,,0
68,high_school,female,rent,,salary_worker,0,1,8022.56,0.33,20.6,0
69,high_school,male,rent,,,0,0,14976.61,0.01,2.5,0
58,phd,male,rent,27144.78,salary_worker,0,1,8071.71,0.53,4.6,0
46,high_school,female,mortgage,21757.63,self_employed,0,0,2042.49,0.38,4.8,0
48,high_school,male,rent,12061.9,public_sector,0,0,4556.27,0.48,2.9,0
70,bachelor,male,mortgage,38454.34,public_sector,0,1,11154.5,0.06,3.3,0
35,master,male,rent,26201.54,public_sector,0,0,6023.88,0.22,7.1,0
38,bachelor,male,own,29000.16,public_sector,0,0,12470.41,0.21,9.4,0
65,bachelor,female,own,29402.2,self_employed,0,0,4171.52,0.3,1.1,0
40,phd,male,own,13570.64,retired,0,0,9996.05,,5.5,0
32,high_school,female,own,27897.59,salary_worker,0,0,10276.03,0.5,4.3,0
49,phd,female,mortgage,36620.16,salary_worker,0,1,12512.03,0.36,2.8,0
37,master,male,mortgage,40665.67,public_sector,1,1,5651.26,0.21,11.5,0
65,master,male,mortgage,33676.94,salary_worker,0,0,12442.66,0.73,4.4,0
66,high_school,female,rent,30665.95,salary_worker,0,1,18557.09,0.29,2.0,0
36,high_school,male,mortgage,11138.47,public_sector,0,0,2321.61,0.18,11.0,0
47,bachelor,male,mortgage,,self_employed,0,1,8336.82,0.01,12.5,0
70,bachelor,male,mortgage,15828.09,salary_worker,0,1,3000.42,0.36,8.5,0
58,bachelor,female,own,43346.25,salary_worker,0,0,5048.73,0.46,3.7,0
31,master,female,rent,40484.35,salary_worker,1,0,5280.54,0.13,6.4,0
50,bachelor,female,mortgage,15871.21,salary_worker,1,1,7812.28,0.45,4.9,0
51,high_school,female,own,23844.52,salary_worker,1,0,9973.11,0.36,7.3,0
53,high_school,female,own,27223.32,public_sector,1,0,13329.58,0.02,10.4,0
22,high_school,female,own,36510.53,salary_worker,0,0,9369.47,0.45,7.4,0
35,high_school,female,own,11452.6,public_sector,0,0,11736.93,0.29,7.5,0
63,high_school,female,rent,9006.21,student,0,1,4477.52,0.14,5.4,0
33,master,male,mortgage,24764.51,salary_worker,0,0,14489.25,0.51,10.2,0
35,bachelor,male,own,7792.07,student,0,0,1322.52,0.51,9.0,0
37,bachelor,female,own,26143.54,salary_worker,0,0,18763.72,0.13,0.1,0
29,high_school,male,rent,31776.86,public_sector,0,0,16999.85,0.39,0.4,0
28,bachelor,female,mortgage,42456.53,student,0,0,12240.8,0.38,6.2,0
38,master,female,own,18395.19,public_sector,0,1,27609.94,0.33,11.4,0
64,master,male,own,,salary_worker,1,1,3004.6,0.25,12.2,0
21,bachelor,female,own,32636.27,salary_worker,0,0,12440.16,0.31,10.6,0
35,master,female,own,14341.69,salary_worker,0,0,8728.15,0.51,6.9,0
24,bachelor,female,mortgage,36750.48,student,0,0,9267.3,0.41,13.4,0
49,bachelor,male,rent,27541.63,salary_worker,0,1,4272.85,0.01,4.6,0
33,master,male,mortgage,18537.47,self_employed,0,0,10068.27,0.01,6.1,0
60,high_school,female,rent,25942.07,salary_worker,0,0,9811.43,0.01,1.8,0
50,high_school,female,mortgage,,salary_worker,0,0,5545.39,0.1,6.1,0
60,high_school,female,own,34580.09,salary_worker,0,1,7802.65,0.2,4.1,0
52,bachelor,male,rent,20698.01,,1,0,3932.47,0.26,13.7,0
42,bachelor,female,own,26962.19,self_employed,0,0,6519.35,0.33,12.9,0
64,bachelor,male,rent,18408.74,salary_worker,0,0,13745.27,0.33,7.8,1
44,bachelor,male,mortgage,15962.07,salary_worker,0,0,13897.22,0.33,9.4,0
68,high_school,female,mortgage,26296.46,self_employed,0,1,12366.99,0.55,5.1,0
70,master,male,own,16259.86,salary_worker,0,1,13742.01,0.04,,0
50,high_school,female,own,34900.66,public_sector,0,0,13841.21,0.4,4.5,0
54,master,female,mortgage,31777.21,self_employed,0,0,5687.63,0.4,10.5,0
33,high_school,female,mortgage,17252.26,self_employed,0,0,9766.86,0.11,9.3,0
61,bachelor,female,own,26801.18,salary_worker,0,0,14731.29,0.44,5.9,0
54,bachelor,male,own,17216.7,salary_worker,1,1,3794.24,0.41,10.5,0
66,master,male,rent,11826.04,public_sector,0,1,3782.25,0.33,5.6,0
34,high_school,female,mortgage,18606.17,retired,0,0,3668.88,0.01,2.9,0
60,master,female,own,23798.01,salary_worker,0,1,3034.96,0.51,10.5,0
44,bachelor,male,mortgage,30780.42,salary_worker,1,0,4546.24,0.38,5.1,0
30,bachelor,female,own,26036.79,salary_worker,0,1,6069.26,0.41,11.6,0
29,bachelor,female,own,36623.8,public_sector,0,0,18615.84,0.01,0.0,0
49,high_school,male,own,15653.9,salary_worker,0,0,6370.22,0.24,5.2,0
36,bachelor,male,mortgage,20547.32,student,0,0,3519.23,0.08,9.9,0
26,high_school,male,own,51019.59,salary_worker,1,0,8878.64,0.57,9.5,1
42,high_school,female,mortgage,10208.89,student,0,0,7303.22,0.14,6.6,0
53,,female,rent,19863.13,salary_worker,0,1,5270.22,0.61,8.6,0
36,bachelor,female,mortgage,15030.36,salary_worker,0,0,5862.26,0.51,8.1,0
68,high_school,male,mortgage,22293.95,salary_worker,0,1,14572.61,0.38,1.5,0
59,high_school,female,mortgage,20020.23,salary_worker,0,0,3731.49,0.54,6.0,0
46,high_school,female,own,31919.42,student,0,1,3241.61,0.17,8.4,0
67,high_school,female,mortgage,27309.35,salary_worker,0,1,10475.13,0.2,9.5,1
42,bachelor,male,rent,13527.39,salary_worker,1,1,27861.97,0.51,7.2,1
27,high_school,male,rent,18682.21,student,0,0,19028.92,0.17,5.3,0
22,master,male,mortgage,24341.73,salary_worker,0,0,7443.77,0.1,2.2,0
67,high_school,female,mortgage,33952.62,salary_worker,1,1,7667.88,0.28,10.5,0
68,high_school,male,rent,72753.36,salary_worker,0,1,12489.0,0.18,10.1,0
57,master,female,mortgage,33398.23,self_employed,0,0,3230.24,0.68,11.4,0
26,high_school,female,own,15434.72,retired,0,0,9756.34,0.48,3.2,0
35,bachelor,female,mortgage,23336.4,salary_worker,1,1,6627.02,0.24,8.0,0
23,phd,male,mortgage,26408.45,public_sector,0,0,14253.3,0.16,4.7,0
23,phd,female,mortgage,19269.41,salary_worker,0,0,5677.54,0.4,7.7,0
33,bachelor,male,mortgage,30080.01,salary_worker,0,0,8930.72,0.55,19.1,0
49,high_school,female,mortgage,8759.38,public_sector,0,0,6651.31,0.39,11.1,0
24,bachelor,female,own,31223.22,public_sector,0,0,10168.96,0.17,4.5,0
70,phd,male,rent,19645.93,self_employed,0,1,7057.67,0.08,6.5,0
43,phd,male,own,,salary_worker,0,0,9360.66,0.27,6.1,0
34,high_school,female,mortgage,47078.67,salary_worker,1,0,21253.59,0.4,8.0,0
46,high_school,male,rent,13798.53,public_sector,0,1,6923.71,0.26,1.4,0
60,high_school,female,mortgage,27521.52,self_employed,1,1,10112.34,0.52,8.8,0
36,high_school,female,rent,34796.24,salary_worker,0,0,28497.09,0.43,0.0,0
23,bachelor,male,mortgage,26282.31,salary_worker,1,0,10040.88,0.38,0.8,1
23,high_school,male,own,11773.58,public_sector,0,0,2124.31,0.43,15.5,0
63,high_school,female,mortgage,44697.75,salary_worker,0,0,5617.01,0.09,6.1,0
26,high_school,female,mortgage,22134.45,,0,0,4179.46,0.25,13.2,0
52,bachelor,male,own,19198.87,,0,0,13454.65,0.15,4.3,0
40,high_school,female,mortgage,21168.78,salary_worker,0,0,7695.56,0.41,0.0,0
59,bachelor,male,rent,20497.01,self_employed,0,1,14544.02,0.16,3.3,1
24,high_school,male,mortgage,14248.67,self_employed,0,0,11343.0,0.35,18.3,1
65,phd,male,mortgage,26218.69,,0,1,11316.11,0.31,1.9,0
55,high_school,female,rent,18606.11,retired,0,1,4134.75,0.45,14.6,0
43,bachelor,male,rent,32922.11,self_employed,0,0,10696.72,0.12,8.9,0
31,high_school,female,own,30727.64,salary_worker,1,0,17182.12,0.42,8.0,0
69,high_school,female,rent,50592.13,salary_worker,0,1,3655.9,0.15,4.5,0
36,high_school,female,mortgage,22131.67,self_employed,0,0,6806.08,0.17,3.9,0
45,high_school,female,rent,16958.72,salary_worker,0,1,9847.08,0.31,9.8,1
40,high_school,male,mortgage,12564.32,public_sector,0,1,8551.9,0.55,12.8,0
32,bachelor,male,mortgage,65316.8,salary_worker,0,0,17856.5,0.19,8.3,0
41,bachelor,male,mortgage,32792.29,salary_worker,1,0,12096.59,,10.5,0
28,high_school,male,own,17825.96,salary_worker,1,0,10130.95,0.17,5.8,0
21,bachelor,male,rent,52152.1,retired,0,0,12704.11,0.27,16.2,0
35,bachelor,male,mortgage,44813.87,public_sector,0,0,12337.01,0.68,8.5,0
26,high_school,male,mortgage,13252.28,self_employed,0,0,8288.2,0.41,15.6,0
41,high_school,male,mortgage,17342.86,salary_worker,0,0,6666.49,0.2,3.6,0
64,high_school,male,own,22935.79,retired,0,1,13970.04,0.31,7.3,0
29,high_school,female,rent,15039.9,retired,0,0,5384.64,0.62,11.8,0
21,bachelor,male,mortgage,23307.7,salary_worker,0,0,7787.28,0.3,8.1,0
26,phd,female,mortgage,33536.27,public_sector,1,0,4288.95,0.3,9.6,0
46,phd,female,rent,13121.83,retired,0,0,12117.69,0.27,3.6,0
34,phd,male,mortgage,27773.85,salary_worker,0,0,15960.75,0.47,5.9,0
45,bachelor,female,rent,41184.78,salary_worker,0,0,4843.77,0.25,4.0,0
22,high_school,female,own,29146.76,self_employed,0,0,7445.3,0.5,7.2,1
37,high_school,female,own,23528.62,salary_worker,0,0,6222.73,0.53,6.7,0
41,high_school,female,own,18022.1,public_sector,1,0,14638.78,0.45,5.4,0
42,high_school,male,rent,35379.18,self_employed,0,1,17664.89,0.3,10.0,0
48,high_school,male,rent,14333.95,salary_worker,0,0,6226.06,0.09,3.2,0
60,bachelor,female,own,27153.37,salary_worker,0,1,1480.08,0.3,0.0,0
44,high_school,male,rent,24624.13,public_sector,0,0,15276.04,0.22,5.2,0
63,high_school,male,own,40397.57,salary_worker,0,1,8306.57,0.2,16.1,0
47,bachelor,male,own,18727.78,salary_worker,1,0,8324.22,0.3,9.5,1
34,high_school,female,mortgage,19458.1,salary_worker,0,0,13767.18,0.43,4.1,0
32,master,male,mortgage,13921.1,public_sector,1,0,6632.85,0.23,9.3,0
37,high_school,female,rent,29636.97,salary_worker,0,0,5729.3,0.09,7.0,0
50,bachelor,female,rent,20116.24,salary_worker,1,1,6663.23,0.17,9.1,0
33,high_school,male,mortgage,16515.7,public_sector,1,0,10604.12,0.64,11.0,0
66,bachelor,female,mortgage,17239.05,salary_worker,0,1,13140.21,0.44,,0
44,high_school,male,mortgage,30998.6,public_sector,0,0,19895.22,0.17,8.0,1
64,high_school,male,mortgage,14819.03,salary_worker,1,1,10115.92,0.57,13.4,0
55,bachelor,female,own,15423.16,public_sector,1,0,7483.5,0.3,9.7,0
37,,female,mortgage,36437.82,salary_worker,0,0,13192.52,0.75,8.3,0
32,high_school,male,own,22589.62,salary_worker,1,0,4749.56,0.39,7.7,0
58,master,male,mortgage,37419.61,salary_worker,1,1,17688.39,0.44,5.2,0
37,high_school,female,mortgage,20708.3,retired,0,0,9102.07,0.49,2.5,0
33,bachelor,male,mortgage,24330.68,public_sector,0,0,7145.37,0.61,10.2,0
67,bachelor,male,own,26116.82,salary_worker,0,1,4758.02,0.26,12.6,0
45,high_school,male,own,45445.94,salary_worker,0,1,11439.38,0.59,9.2,0
23,bachelor,female,rent,43811.11,salary_worker,1,0,6944.19,0.23,9.8,0
45,high_school,male,own,40902.92,salary_worker,1,0,7693.61,0.27,4.0,0
44,bachelor,male,mortgage,18343.52,salary_worker,0,0,3231.96,0.34,5.1,0
64,high_school,female,mortgage,15614.05,retired,0,1,6380.02,0.51,2.4,0
56,high_school,male,rent,34281.33,salary_worker,0,0,5927.31,0.28,6.5,0
30,high_school,male,mortgage,45231.18,retired,0,0,10200.68,0.64,11.4,0
28,master,male,own,41079.66,salary_worker,0,0,6993.91,0.58,4.7,0
51,master,male,own,24486.38,public_sector,0,0,1887.71,0.35,7.2,0
23,phd,male,own,33776.27,salary_worker,0,0,6449.41,0.17,10.3,0
36,,male,own,34044.52,salary_worker,0,0,3641.07,0.52,12.3,0
27,bachelor,male,mortgage,26030.5,public_sector,1,0,4566.19,0.01,,0
22,bachelor,female,mortgage,26544.24,salary_worker,0,0,14074.73,0.47,5.6,0
66,,female,mortgage,25442.8,retired,0,1,3200.49,0.19,4.5,0
25,bachelor,female,own,17074.76,public_sector,1,0,9529.66,0.57,4.0,0
21,high_school,male,mortgage,17877.11,student,1,0,6130.48,0.09,6.0,0
67,bachelor,female,rent,17753.35,public_sector,0,1,5513.64,0.22,0.0,0
30,bachelor,male,own,11853.09,salary_worker,0,0,4728.54,0.42,6.0,0
61,high_school,female,own,25959.35,salary_worker,0,0,9659.89,0.45,7.6,0
22,high_school,female,mortgage,23902.59,public_sector,0,0,10275.24,0.23,3.3,0
28,high_school,male,mortgage,34299.42,salary_worker,0,0,3137.46,0.28,5.6,0
26,master,male,rent,,self_employed,0,0,15256.92,0.51,7.6,0
56,high_school,female,mortgage,44175.8,,0,1,4219.85,0.52,8.0,0
52,master,female,rent,46088.07,public_sector,0,1,10034.0,0.28,1.0,0
44,bachelor,female,own,17314.74,salary_worker,1,0,4232.16,0.23,10.3,0
33,,female,mortgage,12779.76,salary_worker,0,0,6295.03,0.09,10.4,0
25,high_school,female,mortgage,37005.97,student,0,1,4010.45,0.39,4.5,0
49,master,male,mortgage,45340.69,retired,0,0,6058.35,0.49,,0
32,bachelor,female,mortgage,49030.44,salary_worker,0,1,7255.13,0.37,9.3,0
50,high_school,female,rent,30280.17,salary_worker,0,1,4306.47,0.17,8.7,0
55,high_school,female,mortgage,9911.82,public_sector,0,1,9632.93,0.66,10.2,1
63,high_school,female,mortgage,28696.32,salary_worker,1,1,10352.54,0.01,3.4,1
45,high_school,male,own,31255.43,self_employed,1,0,35893.67,0.5,6.1,0
21,bachelor,female,rent,42763.22,public_sector,1,0,13504.56,0.38,10.0,0
35,phd,female,rent,46320.18,salary_worker,0,0,15475.78,0.42,4.3,1
63,bachelor,male,mortgage,36656.1,salary_worker,0,0,3062.67,0.2,6.1,0
47,bachelor,male,mortgage,18689.64,salary_worker,0,0,2759.61,0.31,9.9,0
51,bachelor,male,mortgage,15319.74,salary_worker,0,0,6881.94,0.39,,0
43,master,male,own,30954.77,self_employed,0,1,21649.75,,7.6,0
29,master,male,rent,17041.61,salary_worker,0,0,31599.59,0.02,7.8,0
65,high_school,male,own,47278.54,student,0,0,5551.68,0.65,6.8,0
59,phd,male,own,11304.41,public_sector,1,1,5869.81,0.46,10.9,1
70,high_school,female,rent,31416.83,salary_worker,0,1,10928.63,0.35,15.9,0
63,master,male,rent,28107.47,self_employed,1,1,7270.37,0.36,8.7,0
35,phd,male,rent,22180.19,salary_worker,0,0,7371.94,0.64,12.6,0
33,bachelor,male,rent,16053.75,salary_worker,0,0,11489.57,0.21,5.8,0
33,high_school,female,mortgage,9625.78,self_employed,0,0,36081.48,0.17,4.8,0
66,bachelor,male,own,19165.31,salary_worker,0,1,16605.93,0.49,4.3,0
48,high_school,female,own,19317.23,salary_worker,1,1,22652.37,0.42,3.8,0
43,master,male,own,40146.14,salary_worker,0,0,2938.71,0.16,6.3,0
69,high_school,female,mortgage,17115.08,salary_worker,0,1,14634.39,0.54,11.0,1
51,bachelor,male,mortgage,29844.23,public_sector,0,0,4805.77,0.39,11.5,0
66,master,male,own,13609.07,student,0,0,20374.65,0.18,5.5,0
70,high_school,female,mortgage,30215.54,public_sector,0,0,17094.8,0.43,6.2,0
24,high_school,female,mortgage,8893.13,student,0,0,11294.8,0.4,7.5,0
39,bachelor,female,mortgage,62497.59,self_employed,0,0,5385.19,0.32,8.4,0
57,high_school,male,own,22845.73,,0,0,6209.9,0.41,9.8,0
61,high_school,male,own,6922.1,retired,0,0,6492.49,0.45,5.9,0
28,high_school,male,own,17623.93,salary_worker,0,0,12323.75,0.5,6.7,0
36,high_school,female,own,16415.02,salary_worker,0,0,10118.68,0.36,12.9,0
48,bachelor,male,rent,18122.0,student,0,0,17694.65,0.29,6.4,0
60,bachelor,male,own,20659.1,public_sector,0,1,19652.33,0.38,5.2,1
26,high_school,female,own,18066.64,retired,0,0,5090.1,0.55,7.2,0
51,bachelor,female,own,16858.57,salary_worker,0,1,10523.42,0.45,7.8,0
35,high_school,female,own,14452.07,public_sector,0,0,10453.27,0.28,1.3,0
31,high_school,female,rent,35235.35,,0,0,7690.47,0.35,5.7,0
46,bachelor,female,rent,41794.12,salary_worker,0,0,13601.98,0.64,,0
41,high_school,female,own,21708.12,retired,0,1,10615.13,0.47,15.5,0
52,bachelor,female,mortgage,24150.58,salary_worker,1,0,5907.59,0.37,5.4,0
36,master,female,rent,14664.0,public_sector,1,1,7493.83,0.55,10.6,0
62,bachelor,female,rent,25133.56,retired,0,1,6687.05,,8.2,0
24,bachelor,male,rent,26997.07,retired,0,0,5430.93,0.4,12.1,0
64,high_school,male,own,22054.47,salary_worker,0,1,7731.61,0.68,,0
22,high_school,female,rent,29092.44,salary_worker,0,0,3970.68,0.46,11.9,0
57,high_school,male,own,27970.87,retired,0,1,10515.81,0.63,13.1,0
38,master,male,own,15148.2,self_employed,1,0,17540.45,0.32,13.3,0
40,master,female,mortgage,41642.28,self_employed,0,0,8331.17,0.25,13.2,0
21,high_school,female,mortgage,22171.42,salary_worker,0,0,13636.91,0.55,8.3,0
56,high_school,female,rent,51741.07,salary_worker,0,1,8825.77,0.01,9.8,0
29,high_school,male,own,29412.92,student,0,0,4618.58,0.37,5.8,0
53,bachelor,female,mortgage,,self_employed,1,0,24437.79,0.53,0.0,0
57,bachelor,female,rent,41310.46,public_sector,0,1,2138.08,0.44,8.5,0
63,bachelor,male,mortgage,26963.39,salary_worker,0,1,8149.15,0.01,6.9,0
56,master,male,own,17581.49,salary_worker,0,1,5309.73,0.1,11.4,0
36,high_school,female,rent,17752.73,self_employed,0,0,19340.01,0.32,10.9,0
57,bachelor,male,rent,30941.87,retired,0,1,9125.09,0.43,,0
62,bachelor,male,mortgage,25962.46,salary_worker,0,0,33041.26,0.43,16.9,0
36,high_school,male,mortgage,18674.95,salary_worker,0,0,8265.15,0.34,9.1,0
27,master,male,mortgage,35414.51,self_employed,0,0,5332.3,0.47,2.4,0
65,high_school,male,rent,24771.45,salary_worker,0,1,3163.24,0.42,2.9,0
28,bachelor,female,mortgage,35509.46,salary_worker,1,1,14893.12,0.32,0.0,0
50,bachelor,female,rent,15694.07,self_employed,0,0,5119.94,0.44,10.6,0
32,master,male,own,38168.36,salary_worker,0,1,6432.41,0.22,5.4,0
27,bachelor,female,mortgage,30498.96,self_employed,1,0,15922.03,0.45,4.1,0
59,high_school,male,mortgage,41727.11,salary_worker,0,0,14463.03,0.19,4.9,1
28,master,female,own,37791.66,public_sector,1,0,5794.71,0.43,6.3,0
54,master,male,own,23429.96,public_sector,0,1,6312.55,0.42,9.8,0
55,bachelor,female,rent,22597.2,public_sector,1,0,3084.55,0.29,0.9,0
24,master,female,own,54304.59,public_sector,0,0,2616.17,0.45,3.2,1
29,high_school,male,rent,21359.34,self_employed,1,0,12333.0,0.62,9.4,0
60,bachelor,female,mortgage,34091.22,salary_worker,0,0,13104.66,0.16,5.1,0
46,master,male,rent,20504.01,salary_worker,0,0,9862.21,0.51,9.8,0
27,high_school,male,mortgage,10531.78,salary_worker,1,0,8981.96,0.54,5.5,0
70,bachelor,male,rent,14012.39,public_sector,0,0,5495.08,0.3,13.8,0
34,phd,male,own,29221.63,salary_worker,0,0,18169.02,0.48,8.3,0
21,master,male,rent,33373.23,salary_worker,0,0,3037.49,0.29,12.4,0
67,master,male,own,29264.96,self_employed,0,0,27628.79,0.57,9.6,0
21,high_school,female,own,40769.0,public_sector,0,0,8851.89,0.01,9.8,0
48,phd,male,own,29029.48,salary_worker,0,0,8101.25,0.6,4.5,0
70,high_school,male,mortgage,17173.87,salary_worker,0,1,8093.96,0.14,12.2,0
49,bachelor,female,rent,31806.82,self_employed,0,1,6090.06,0.36,8.4,0
50,bachelor,male,own,26273.7,retired,1,0,10910.7,0.19,3.7,0
40,master,female,mortgage,18788.47,public_sector,0,0,4152.78,0.61,0.0,0
27,master,male,rent,30110.63,salary_worker,0,0,7486.05,0.3,8.1,0
49,bachelor,female,mortgage,,retired,0,1,10275.79,0.24,13.5,0
65,bachelor,male,mortgage,18541.18,salary_worker,1,1,6748.72,0.54,3.9,0
25,bachelor,female,mortgage,22470.54,salary_worker,0,0,8124.45,0.47,3.7,0
65,bachelor,male,own,45986.59,salary_worker,0,0,9122.81,0.28,6.2,0
41,bachelor,female,mortgage,45315.28,salary_worker,0,1,3076.5,0.16,11.9,0
47,high_school,male,own,26493.77,self_employed,0,0,3238.89,0.14,0.2,0
29,bachelor,male,own,24978.49,self_employed,0,0,8722.5,0.57,4.9,0
52,master,male,mortgage,12773.52,public_sector,0,0,5798.7,0.42,3.5,1
30,bachelor,female,rent,52770.85,self_employed,0,0,5994.44,0.37,9.7,0
34,master,female,mortgage,38806.92,salary_worker,0,0,11080.63,0.43,6.9,0
57,high_school,female,own,34145.23,self_employed,0,1,4703.86,0.01,6.1,0
23,bachelor,male,rent,8746.17,public_sector,0,0,2148.91,0.28,6.8,0
43,high_school,female,own,24795.44,self_employed,0,0,20158.19,0.29,10.6,0
50,high_school,male,mortgage,22989.48,salary_worker,0,0,15762.89,0.52,12.0,0
27,bachelor,female,own,33099.28,self_employed,0,0,15653.4,0.08,11.6,1
35,high_school,male,mortgage,19871.39,self_employed,0,0,4374.68,0.53,9.8,0
38,high_school,female,own,21932.62,salary_worker,0,0,7765.29,0.66,13.0,1
54,bachelor,female,mortgage,32168.27,retired,0,0,4033.42,0.03,3.8,0
69,bachelor,female,own,,salary_worker,1,0,7840.22,0.34,,1
62,high_school,female,mortgage,18801.29,salary_worker,0,1,6691.5,0.43,16.9,0
30,high_school,female,rent,26555.63,public_sector,0,1,4478.61,0.5,0.2,0
21,bachelor,female,own,44458.82,retired,0,1,10687.26,0.01,5.4,0
23,bachelor,male,mortgage,35024.79,public_sector,1,0,7028.24,0.4,3.4,0
50,bachelor,male,rent,39495.1,self_employed,0,1,20899.6,0.3,8.7,0
28,bachelor,female,own,25046.58,student,0,0,8494.54,0.29,13.3,0
32,high_school,male,mortgage,47704.7,salary_worker,0,0,8674.94,0.71,9.7,0
63,master,female,mortgage,11119.64,,0,1,2990.9,0.3,6.6,0
64,high_school,female,mortgage,60476.35,self_employed,1,0,25657.75,0.42,9.7,0
62,bachelor,female,mortgage,64105.89,,1,1,6651.05,0.32,6.3,0
33,high_school,female,mortgage,29895.92,self_employed,1,1,9246.54,0.38,8.3,0
51,bachelor,female,own,35401.81,student,1,0,8146.56,0.44,10.0,0
51,high_school,male,own,23930.28,salary_worker,1,1,17658.56,0.5,14.5,1
30,master,male,mortgage,22152.25,salary_worker,0,1,2838.98,0.2,9.3,0
48,high_school,male,mortgage,18492.27,salary_worker,1,1,16832.87,0.37,8.4,0
47,bachelor,male,rent,23811.99,self_employed,0,0,16207.1,0.37,15.6,0
40,,female,own,31262.36,public_sector,0,0,8130.58,0.04,0.0,0
58,high_school,male,own,29405.82,student,0,0,10171.12,0.17,7.1,0
54,high_school,female,mortgage,59514.27,public_sector,0,1,6608.9,0.5,4.5,0
47,bachelor,female,own,25466.61,student,0,0,3207.07,0.26,6.5,0
57,bachelor,female,mortgage,12456.86,salary_worker,0,0,11149.58,0.81,9.9,0
59,phd,female,mortgage,51018.31,salary_worker,0,0,9280.02,0.51,11.4,0
49,bachelor,male,rent,14052.71,salary_worker,0,0,9386.69,0.42,5.4,0
34,phd,female,own,18925.66,public_sector,0,0,10564.57,0.61,10.2,1
58,high_school,female,own,27509.44,salary_worker,0,0,5811.63,0.48,3.9,0
56,master,male,rent,29369.99,salary_worker,0,0,18421.92,0.37,2.4,0
70,bachelor,male,own,,salary_worker,0,0,8139.41,0.09,7.8,0
28,bachelor,male,own,17397.6,salary_worker,0,0,10915.52,0.46,6.6,0
41,phd,male,mortgage,12502.05,public_sector,0,0,6976.7,0.59,13.5,0
67,bachelor,male,own,32201.58,retired,0,1,14438.05,0.23,16.0,0
46,master,female,rent,41461.52,salary_worker,0,1,8580.06,0.01,5.1,0
68,bachelor,female,own,14047.12,self_employed,0,1,7732.48,0.15,0.3,0
21,high_school,female,mortgage,38102.95,salary_worker,0,0,15741.35,0.66,2.0,0
22,bachelor,female,own,,salary_worker,1,0,3141.39,0.35,4.2,0
60,,male,rent,18095.49,salary_worker,0,1,6946.48,0.6,8.3,0
38,master,male,mortgage,,self_employed,1,1,5785.12,0.34,6.5,0
47,master,male,rent,15031.97,self_employed,0,0,9953.05,0.25,2.5,0
42,high_school,male,rent,18622.65,public_sector,0,0,9640.14,0.72,14.6,0
41,high_school,male,own,48715.47,public_sector,0,1,8050.68,0.27,10.2,0
67,high_school,male,mortgage,23080.97,salary_worker,1,1,5471.45,0.3,14.5,0
25,bachelor,male,mortgage,15474.17,public_sector,0,0,7996.69,0.42,0.3,0
59,high_school,female,rent,26017.69,public_sector,0,1,9680.34,0.29,12.6,0
65,bachelor,female,mortgage,13590.05,salary_worker,0,0,7345.63,0.48,6.9,0
53,bachelor,male,mortgage,30682.66,salary_worker,0,1,14900.51,0.42,,0
40,master,female,mortgage,15678.59,salary_worker,0,0,11345.86,0.43,7.6,0
29,high_school,male,mortgage,16736.79,salary_worker,0,0,8188.35,0.23,4.7,0
55,bachelor,female,mortgage,28824.22,salary_worker,1,1,2229.85,0.04,6.9,0
44,high_school,male,rent,53509.0,salary_worker,0,0,7186.29,0.19,11.3,0
28,master,female,rent,65447.55,retired,0,0,11459.26,0.21,0.0,0
38,high_school,female,mortgage,15245.82,retired,0,1,6948.99,0.39,13.5,0
69,high_school,male,own,18611.35,self_employed,0,1,9573.84,0.19,9.1,0
34,high_school,female,own,30699.13,public_sector,0,0,7161.56,0.08,7.1,0
29,master,male,mortgage,41190.18,student,0,0,9208.4,0.13,11.2,0
55,high_school,female,mortgage,,salary_worker,0,1,17510.48,0.41,9.0,0
30,bachelor,female,mortgage,25318.78,self_employed,0,0,12490.33,0.46,5.6,1
66,bachelor,female,mortgage,19551.08,public_sector,1,1,3973.61,0.25,4.4,0
63,bachelor,male,rent,,retired,0,1,3255.45,0.27,13.5,0
70,high_school,male,mortgage,13336.69,public_sector,0,0,10336.19,0.45,1.6,0
66,high_school,female,mortgage,18854.4,salary_worker,0,1,15403.03,0.37,6.7,0
33,bachelor,female,rent,24995.89,public_sector,0,0,3250.76,0.55,1.9,0
31,high_school,male,rent,38316.9,salary_worker,0,0,7219.97,0.31,9.5,0
38,bachelor,male,mortgage,28551.27,salary_worker,1,0,29889.73,0.19,7.1,0
44,high_school,female,own,37286.73,self_employed,1,1,6990.09,0.54,2.5,0
64,bachelor,female,rent,24637.52,public_sector,0,1,32507.35,0.28,4.0,1
57,high_school,female,rent,17725.76,salary_worker,0,0,5151.38,0.2,7.7,0
53,bachelor,female,rent,22411.12,salary_worker,1,1,5677.14,0.5,8.6,0
64,high_school,male,rent,33289.02,public_sector,0,0,5504.8,0.6,0.0,0
53,bachelor,male,mortgage,38740.97,salary_worker,0,1,4009.6,0.37,4.7,0
39,high_school,male,mortgage,22775.86,retired,1,0,3196.4,0.16,8.1,0
41,phd,male,mortgage,16024.89,salary_worker,0,1,7174.7,0.62,12.3,0
46,bachelor,female,rent,,self_employed,0,1,8775.12,0.41,10.9,0
25,high_school,male,own,30184.73,salary_worker,0,0,5463.1,0.38,,0
58,high_school,female,rent,42392.37,student,0,0,6235.91,0.27,11.5,0
53,high_school,female,mortgage,17935.85,,0,1,17949.93,0.54,6.2,0
57,high_school,male,mortgage,18024.57,salary_worker,0,1,13828.11,0.14,0.0,0
47,high_school,female,own,34209.96,public_sector,0,0,7028.5,0.12,13.3,0
60,master,male,mortgage,20265.09,public_sector,0,0,10264.34,0.68,9.3,0
68,bachelor,male,rent,19883.43,salary_worker,0,0,3294.36,0.18,8.3,0
49,high_school,male,rent,42802.98,self_employed,0,0,35605.34,0.51,7.5,0
43,bachelor,male,mortgage,13135.15,retired,0,0,7829.66,,8.7,0
26,high_school,female,own,61407.76,self_employed,0,0,6595.94,0.38,7.5,0
59,phd,female,mortgage,18477.59,retired,0,1,8250.64,0.18,6.3,0
66,high_school,male,rent,35955.16,salary_worker,1,1,7548.75,0.45,4.9,1
55,bachelor,male,mortgage,23179.88,retired,0,0,3934.34,0.59,7.8,0
64,master,male,rent,27504.72,student,0,0,20411.94,0.4,4.0,0
64,high_school,female,rent,21628.04,salary_worker,0,1,13669.87,0.21,2.9,0
60,high_school,female,own,35791.28,salary_worker,0,0,6546.67,0.4,8.6,0
46,high_school,female,mortgage,20820.73,,0,0,3076.93,0.09,11.4,0
25,master,male,own,18810.57,retired,0,0,2098.64,0.16,4.3,0
21,bachelor,male,own,55050.37,salary_worker,0,0,24406.07,0.29,5.0,0
31,bachelor,male,rent,24667.02,salary_worker,0,0,7364.94,0.35,0.7,0
42,master,female,rent,17960.62,public_sector,0,1,12328.15,0.12,,0
58,master,male,rent,12448.69,salary_worker,0,0,4808.78,0.38,2.4,0
43,bachelor,female,mortgage,56359.73,self_employed,0,0,6842.76,0.43,11.4,0
22,bachelor,female,rent,18989.35,self_employed,1,0,7037.56,0.3,0.6,1
31,bachelor,female,rent,61563.67,student,0,1,9253.93,0.01,9.3,0
69,high_school,male,own,29128.85,salary_worker,0,1,8513.66,0.36,6.4,0
70,master,female,own,,student,1,1,4879.28,0.67,9.9,0
39,high_school,female,own,26276.49,self_employed,0,1,4851.4,0.42,12.2,1
61,high_school,male,rent,65984.68,retired,0,0,7747.68,0.34,7.4,0
56,master,male,own,9077.02,salary_worker,1,1,3087.53,0.27,12.0,1
67,high_school,female,mortgage,26807.95,public_sector,0,0,5152.87,0.44,13.7,1
65,high_school,female,rent,,retired,0,1,7444.45,0.38,12.9,0
52,high_school,male,mortgage,22117.14,public_sector,0,1,10083.19,0.47,4.8,0
40,bachelor,male,rent,26034.82,salary_worker,1,0,18525.24,0.14,0.0,0
52,master,male,mortgage,21594.32,salary_worker,0,0,6235.07,0.36,7.0,0
36,high_school,female,mortgage,26493.61,salary_worker,0,1,8265.64,0.26,8.2,0
38,high_school,male,rent,24086.1,salary_worker,0,1,7428.63,0.41,0.0,0
51,bachelor,male,own,13479.14,public_sector,0,0,9741.47,0.01,7.7,0
49,phd,female,own,28900.52,student,0,1,4914.05,0.27,0.0,0
50,high_school,female,mortgage,33598.09,self_employed,0,1,6839.51,0.44,13.7,1
40,phd,male,own,19073.79,salary_worker,0,0,10527.38,0.47,9.4,0
41,master,female,own,56418.55,salary_worker,0,0,10772.22,0.33,4.2,0
21,high_school,male,rent,44400.56,salary_worker,0,0,3642.55,0.01,8.0,0
51,master,male,rent,35588.53,salary_worker,0,1,12595.22,0.46,8.5,0
49,bachelor,female,mortgage,35394.77,,0,0,7931.67,0.63,9.4,0
67,bachelor,male,own,24674.94,salary_worker,0,1,16267.89,,7.8,0
46,bachelor,female,mortgage,40685.11,salary_worker,0,0,18104.16,0.26,11.3,0
44,master,male,mortgage,49357.23,public_sector,0,0,19601.71,0.49,2.4,0
24,master,male,own,35017.77,salary_worker,1,0,3701.78,0.49,7.0,0
30,bachelor,male,own,18833.12,salary_worker,0,0,10109.76,0.54,14.6,1
37,phd,female,mortgage,23912.18,self_employed,0,0,3403.06,0.52,6.1,1
39,bachelor,male,mortgage,31512.88,salary_worker,1,1,16577.44,0.06,8.5,0
39,master,male,mortgage,35489.25,self_employed,0,0,17927.19,0.25,3.5,0
40,master,male,mortgage,23508.92,self_employed,0,0,13876.17,0.45,16.1,0
59,high_school,male,own,18862.6,public_sector,0,1,6415.49,0.32,8.6,0
27,high_school,female,mortgage,49656.93,salary_worker,1,0,10930.76,0.41,2.5,0
37,high_school,male,mortgage,15024.78,salary_worker,0,0,21768.98,0.32,11.9,0
29,master,female,rent,,public_sector,0,0,8164.69,0.26,3.2,0
36,high_school,female,own,13397.09,salary_worker,0,0,7702.38,0.3,10.2,0
55,bachelor,male,own,15921.13,salary_worker,0,1,11894.91,0.14,11.6,0
23,high_school,male,own,42672.3,salary_worker,0,0,5191.47,0.21,15.6,0
37,high_school,male,rent,43320.22,salary_worker,1,0,28253.5,0.33,8.4,0
22,bachelor,female,mortgage,23545.25,salary_worker,1,0,7725.79,0.33,7.7,0
68,high_school,female,mortgage,30434.79,student,0,1,8849.58,0.44,0.0,1
57,master,male,own,24228.21,salary_worker,1,0,8064.53,0.29,5.7,0
33,,female,rent,14237.16,self_employed,0,1,6465.35,0.64,4.6,0
30,master,male,own,66048.73,salary_worker,1,0,8265.61,0.56,6.8,0
25,high_school,male,rent,,,1,0,6477.85,0.25,5.4,0
44,phd,female,rent,28552.18,public_sector,1,1,2308.56,0.38,10.6,0
58,bachelor,female,own,16561.72,public_sector,0,0,12486.77,0.56,5.3,0
50,high_school,female,mortgage,21999.6,student,0,0,19674.49,0.22,9.4,0
65,high_school,male,own,17825.91,salary_worker,0,1,4271.42,0.21,7.0,0
38,high_school,male,own,25435.78,salary_worker,0,0,6457.08,0.57,5.0,0
34,bachelor,female,mortgage,27986.16,public_sector,1,1,18489.81,0.46,4.6,0
44,master,female,own,20878.88,salary_worker,1,1,5301.41,0.53,8.4,0
31,high_school,female,mortgage,12651.29,salary_worker,1,0,10029.08,0.4,13.0,0
69,bachelor,female,rent,63540.1,salary_worker,0,0,87536.09,0.29,4.6,0
30,bachelor,male,own,27089.11,salary_worker,0,0,49685.29,0.1,7.7,0
44,bachelor,male,rent,29895.59,,0,1,8415.7,0.36,9.4,1
47,bachelor,female,own,,retired,0,0,13160.05,0.56,7.4,0
23,bachelor,male,mortgage,12053.31,self_employed,0,0,12421.83,0.56,0.5,0
44,bachelor,female,mortgage,23447.4,,0,0,5629.38,0.53,9.4,0
43,phd,female,own,21047.77,public_sector,0,1,3118.03,0.48,1.5,0
33,high_school,male,rent,33499.66,self_employed,0,1,11233.46,0.74,1.5,0
27,high_school,female,mortgage,36597.49,public_sector,0,1,12199.15,0.06,2.3,0
23,high_school,female,own,34346.77,self_employed,0,0,6879.97,0.38,6.9,0
21,bachelor,male,rent,37976.49,student,0,0,20027.42,0.17,3.6,0
45,high_school,male,mortgage,54811.19,salary_worker,0,0,17936.71,0.62,1.8,0
25,master,female,own,29011.09,self_employed,0,0,12406.61,0.24,9.0,0
68,bachelor,male,own,39920.57,,0,1,6951.82,0.52,7.4,0
33,bachelor,female,rent,30401.2,retired,0,0,2565.71,0.26,10.5,0
53,master,male,rent,10352.51,student,0,0,7362.13,0.42,4.6,0
54,high_school,female,mortgage,22707.85,salary_worker,0,0,2951.58,0.32,7.2,0
45,master,male,own,16473.85,public_sector,0,1,2216.31,0.34,10.7,0
65,high_school,female,mortgage,,salary_worker,1,1,11567.3,0.4,2.2,0
26,bachelor,male,rent,17052.39,public_sector,0,0,15440.81,0.51,4.9,0
32,master,male,own,31970.1,salary_worker,0,0,2771.58,0.32,11.5,0
33,master,female,mortgage,37852.89,salary_worker,1,0,7036.74,0.5,7.6,0
27,master,male,own,41839.93,,1,0,8025.5,0.53,6.9,0
35,high_school,female,own,50446.45,public_sector,0,0,6899.32,0.26,7.3,0
36,master,male,own,11450.51,self_employed,0,0,3796.44,0.68,12.4,1
59,bachelor,female,mortgage,14192.23,salary_worker,0,0,16849.4,0.47,7.4,0
36,bachelor,female,mortgage,90900.14,salary_worker,1,0,3854.55,0.26,7.7,0
64,high_school,male,rent,38341.41,salary_worker,0,0,2773.71,0.45,7.4,0
59,high_school,female,own,26930.15,salary_worker,0,0,3804.93,0.53,1.0,0
66,bachelor,male,own,24696.5,retired,1,1,10559.05,0.45,9.5,1
26,high_school,male,rent,23728.04,self_employed,0,0,6995.61,0.38,4.2,0
70,bachelor,female,rent,10196.65,salary_worker,0,1,5304.78,0.01,2.5,0
51,master,female,mortgage,17196.34,public_sector,1,0,10831.43,0.17,0.5,0
70,master,male,rent,23148.11,salary_worker,0,1,9729.77,0.46,1.3,0
38,high_school,male,rent,17638.92,salary_worker,0,0,2277.82,0.16,0.0,0
68,master,female,own,18707.67,salary_worker,0,0,10771.53,0.43,3.4,0
50,high_school,female,rent,76989.87,salary_worker,0,0,15516.79,0.5,5.8,0
24,bachelor,male,rent,21736.67,self_employed,0,0,7572.28,0.32,11.7,0
41,,male,rent,27588.49,public_sector,0,0,7120.95,0.02,7.7,0
27,high_school,male,rent,27150.24,,0,0,22962.81,0.21,8.5,0
68,high_school,female,own,31737.58,public_sector,0,0,5484.05,0.46,12.6,0
36,high_school,male,mortgage,19638.02,retired,1,0,7397.42,0.57,0.0,0
32,bachelor,male,own,42665.31,public_sector,0,0,9720.95,0.01,9.1,0
48,master,female,own,29720.82,student,0,0,8321.87,0.35,8.8,0
42,high_school,female,own,13640.19,retired,1,0,6976.09,0.08,10.8,0
25,high_school,female,rent,23193.4,public_sector,0,0,8510.65,0.36,0.3,0
61,bachelor,male,own,22528.43,salary_worker,0,1,19204.89,0.31,5.2,0
63,high_school,female,own,22066.71,salary_worker,0,1,12634.82,0.76,3.8,0
58,bachelor,male,own,30613.11,public_sector,0,1,7776.84,0.24,2.3,0
51,phd,male,own,32390.69,retired,0,0,5038.34,0.53,16.8,0
41,,female,rent,30714.62,public_sector,0,0,5420.52,0.52,5.2,0
48,master,male,mortgage,28353.67,public_sector,1,0,13665.36,0.3,11.2,0
47,bachelor,male,mortgage,25299.43,public_sector,0,0,3373.39,0.36,10.3,0
29,master,female,mortgage,9246.1,public_sector,0,0,30386.52,0.34,1.7,0
25,high_school,male,rent,34546.16,public_sector,0,0,7962.66,0.21,5.4,0
33,high_school,male,mortgage,30325.96,salary_worker,1,1,3796.36,0.19,7.7,0
43,bachelor,female,own,,self_employed,0,1,8956.07,0.27,9.1,0
29,high_school,male,rent,27619.08,salary_worker,0,1,5216.66,0.14,8.8,0
26,master,male,mortgage,,salary_worker,0,0,6435.32,0.25,14.5,0
63,bachelor,female,mortgage,41235.76,self_employed,0,1,3530.08,0.3,11.1,0
39,phd,male,rent,30626.95,salary_worker,0,0,7106.52,0.37,10.1,0
50,high_school,male,mortgage,28133.63,retired,0,1,2521.35,0.42,11.4,0
47,bachelor,male,rent,37273.86,salary_worker,0,1,5825.93,0.3,12.9,0
57,bachelor,female,own,21206.37,public_sector,0,1,5140.89,0.2,5.0,0
57,high_school,female,rent,29301.72,salary_worker,1,0,6147.03,0.42,1.2,1
35,bachelor,female,rent,,retired,0,0,5322.46,0.48,5.1,0
63,bachelor,male,mortgage,40120.13,self_employed,0,1,8255.87,0.25,2.0,0
39,phd,male,own,11797.35,self_employed,0,0,13205.69,0.16,3.6,0
62,bachelor,male,rent,35155.34,public_sector,0,1,9880.68,0.26,7.9,0
41,high_school,female,mortgage,24537.77,,0,0,16557.49,0.31,5.3,0
26,bachelor,male,mortgage,37587.4,self_employed,0,0,6159.86,0.55,10.1,0
59,bachelor,male,mortgage,,public_sector,0,0,9687.51,0.46,8.7,0
22,high_school,male,mortgage,25348.95,public_sector,0,0,9899.73,0.34,9.0,0
59,bachelor,male,mortgage,25016.32,salary_worker,0,1,15266.38,0.68,2.4,0
23,,male,own,29591.65,retired,0,0,5422.19,0.33,4.0,0
31,high_school,female,own,15193.11,salary_worker,1,0,12504.67,0.59,0.0,0
51,bachelor,male,mortgage,32412.41,salary_worker,0,1,5056.75,0.56,9.8,0
68,high_school,male,rent,10607.83,salary_worker,1,0,5922.68,,15.2,0
41,bachelor,male,rent,18024.21,salary_worker,1,0,6652.44,0.4,8.2,0
27,high_school,female,own,12049.42,salary_worker,0,0,10396.72,0.36,8.6,0
32,bachelor,male,rent,35337.46,retired,0,0,4456.62,0.34,5.4,0
65,high_school,female,own,29145.59,self_employed,1,1,4811.63,0.49,6.6,0
57,master,female,mortgage,29888.15,student,0,1,5682.89,0.2,12.6,0
26,high_school,female,own,47237.12,,0,0,8321.88,0.29,7.9,0
40,bachelor,female,own,21116.84,self_employed,0,0,4841.9,0.64,10.1,0
34,high_school,female,own,32026.33,salary_worker,0,0,9369.21,0.45,12.7,1
29,high_school,male,mortgage,25077.09,salary_worker,0,0,6655.46,0.51,11.9,0
63,bachelor,male,rent,23416.46,salary_worker,1,1,11635.87,0.12,7.6,0
51,master,female,rent,43825.96,public_sector,0,1,8388.51,0.26,7.9,0
29,master,male,own,62121.39,public_sector,0,0,21240.69,0.4,6.0,0
53,high_school,male,own,20047.1,salary_worker,0,0,8661.39,0.33,9.5,0
41,high_school,male,own,35425.03,salary_worker,0,0,4145.94,0.12,5.8,0
24,bachelor,female,rent,28102.19,salary_worker,0,0,7208.22,0.48,8.9,0
43,bachelor,female,rent,28254.29,salary_worker,0,0,8197.85,0.53,11.7,0
30,high_school,male,mortgage,27207.01,public_sector,0,0,4915.9,0.29,0.8,0
33,master,male,own,20954.63,,0,1,18664.98,0.48,0.1,0
64,bachelor,male,own,4850.12,public_sector,0,1,6833.1,0.71,7.3,0
56,bachelor,female,mortgage,48565.28,student,0,1,5684.12,0.61,10.2,0
27,high_school,male,mortgage,17807.42,salary_worker,0,0,8953.93,0.3,8.6,0
63,bachelor,male,rent,21835.65,retired,0,1,4922.57,0.14,2.7,0
49,high_school,male,mortgage,,public_sector,0,0,13787.13,0.38,11.1,0
64,bachelor,male,rent,17107.78,salary_worker,0,1,12344.23,0.76,15.1,0
58,high_school,male,rent,27122.21,public_sector,0,1,8706.66,0.58,4.0,0
37,master,male,mortgage,23862.4,self_employed,0,0,11218.89,0.34,4.6,0
47,master,male,rent,17633.55,public_sector,0,1,6155.99,0.62,7.6,0
47,bachelor,male,rent,26034.71,public_sector,0,1,3545.75,0.55,7.0,0
56,high_school,male,mortgage,23983.68,retired,0,1,6774.47,0.01,12.3,0
33,high_school,female,mortgage,36957.63,public_sector,0,1,6149.75,0.53,8.6,0
37,bachelor,male,mortgage,13317.41,public_sector,0,0,2643.62,0.36,6.3,0
33,bachelor,male,mortgage,16942.4,salary_worker,1,0,4528.66,0.18,5.1,0
35,master,male,rent,33738.13,student,0,1,4118.7,0.36,1.4,0
29,high_school,female,own,18253.56,public_sector,0,0,4538.78,0.41,13.0,0
22,master,male,own,16211.38,public_sector,0,0,16870.47,0.2,10.0,0
68,high_school,male,mortgage,18664.32,retired,1,1,10738.24,0.32,7.1,0
24,high_school,female,own,23261.61,salary_worker,0,0,13776.71,0.28,7.9,0
65,high_school,female,rent,23301.42,salary_worker,0,0,10724.37,0.48,7.1,0
21,bachelor,female,rent,22148.36,public_sector,1,0,14700.78,0.29,0.4,0
59,high_school,male,mortgage,15323.54,retired,0,0,8223.99,0.03,1.8,0
37,high_school,male,rent,34472.65,public_sector,0,1,18650.34,0.26,6.7,0
46,master,male,own,44214.09,self_employed,0,0,4116.4,0.17,6.6,0
35,bachelor,female,mortgage,10304.2,salary_worker,1,1,7806.75,0.11,7.5,0
45,high_school,male,mortgage,12099.35,self_employed,0,1,4611.52,0.55,14.3,1
43,high_school,male,own,38226.55,salary_worker,1,1,16041.52,0.48,6.4,0
47,bachelor,male,rent,49335.95,retired,0,0,10207.58,0.17,4.4,0
40,high_school,female,mortgage,9338.21,self_employed,1,0,15563.48,0.11,7.7,0
47,high_school,female,own,35134.77,salary_worker,0,0,3744.69,0.32,1.9,0
62,bachelor,male,own,50870.88,self_employed,0,1,5817.69,0.1,8.1,0
42,high_school,female,mortgage,16513.19,retired,0,1,3037.61,0.3,4.6,0
39,bachelor,male,rent,49555.6,self_employed,1,1,9884.29,0.35,8.4,0
27,high_school,male,own,22469.24,salary_worker,0,0,6403.02,0.39,6.8,0
38,high_school,female,rent,,self_employed,0,0,12278.1,0.4,6.9,0
27,high_school,female,rent,17612.16,self_employed,0,1,8245.39,0.2,10.0,0
30,high_school,male,own,38195.11,salary_worker,0,0,2510.9,0.35,10.4,0
68,high_school,male,mortgage,35436.71,public_sector,0,1,3251.24,0.57,15.6,0
25,high_school,male,rent,52897.92,salary_worker,0,0,8478.83,0.01,10.3,0
45,master,female,mortgage,46549.58,self_employed,0,0,10468.72,0.4,6.5,0
62,master,male,mortgage,24242.98,salary_worker,0,0,2394.77,0.13,5.0,0
68,high_school,female,mortgage,98594.46,self_employed,0,1,7739.46,0.59,8.9,0
28,bachelor,male,rent,44705.72,self_employed,1,0,4630.54,0.49,13.3,0
29,bachelor,male,mortgage,31046.22,public_sector,0,0,4400.1,0.48,10.9,0
39,master,female,rent,15541.68,salary_worker,0,1,5651.88,0.19,4.7,0
48,high_school,male,mortgage,12228.02,salary_worker,0,1,8672.7,0.39,9.3,1
68,,male,own,12704.83,public_sector,0,0,5493.94,0.41,8.4,0
31,high_school,female,mortgage,15992.11,retired,0,0,2717.92,0.01,11.7,0
29,high_school,male,rent,45242.23,salary_worker,1,1,8635.16,0.37,,0
33,high_school,male,own,30308.7,salary_worker,0,0,6681.63,0.45,8.6,0
64,master,male,rent,18471.46,retired,0,1,4836.48,0.09,2.8,0
22,master,female,rent,22899.24,salary_worker,0,0,6841.04,0.45,10.7,0
40,high_school,male,own,21677.15,student,1,0,6692.08,0.36,1.9,0
26,bachelor,female,rent,34892.35,public_sector,0,0,8301.63,0.59,7.9,0
28,high_school,male,mortgage,16391.87,salary_worker,1,1,7070.32,0.27,5.3,0
66,bachelor,male,mortgage,28491.44,salary_worker,0,1,8874.84,0.37,5.1,0
21,bachelor,female,own,27862.55,student,0,0,7889.33,0.4,9.8,0
37,high_school,female,mortgage,16614.14,salary_worker,1,1,12718.74,0.01,7.5,0
66,master,male,mortgage,49741.89,self_employed,0,0,19372.43,0.28,0.0,0
51,,female,mortgage,,salary_worker,0,1,8035.91,0.36,6.7,0
24,bachelor,male,rent,15572.51,self_employed,1,0,5756.66,0.01,5.9,0
44,bachelor,male,own,35731.79,retired,0,0,3676.58,0.46,12.5,0
69,bachelor,male,mortgage,24947.35,public_sector,0,1,11562.14,0.36,2.5,0
41,high_school,female,rent,29254.62,salary_worker,1,1,4932.63,0.35,15.2,0
47,high_school,female,rent,14283.98,self_employed,0,1,29470.67,0.47,10.9,0
47,bachelor,female,rent,35087.05,public_sector,1,0,37367.08,0.27,6.4,0
54,high_school,male,own,,salary_worker,1,0,7207.19,0.35,5.8,0
30,master,male,own,13790.36,public_sector,0,0,3242.98,0.5,4.9,0
62,bachelor,male,mortgage,28549.48,self_employed,0,1,11609.53,0.35,8.8,0
70,high_school,female,own,17096.19,salary_worker,0,1,25702.26,0.01,4.3,0
28,high_school,female,mortgage,81660.26,student,0,0,3937.29,0.35,7.0,0
61,phd,female,rent,42524.46,salary_worker,0,1,23015.63,0.35,3.2,0
61,,male,mortgage,27638.04,salary_worker,0,1,2930.85,0.5,10.4,0
58,high_school,female,mortgage,14009.06,salary_worker,1,0,3641.64,0.28,8.2,0
39,high_school,female,rent,15619.49,salary_worker,1,0,9603.95,0.16,5.6,0
44,bachelor,male,rent,34058.11,salary_worker,1,0,14174.36,0.16,6.5,1
62,phd,male,rent,13185.57,salary_worker,0,1,7812.33,0.6,4.7,0
28,,female,mortgage,13373.08,public_sector,0,0,10375.27,0.39,8.8,0
62,master,male,rent,24439.94,public_sector,0,1,14874.85,0.59,2.5,0
67,high_school,female,rent,25849.27,,0,0,15852.81,0.62,11.1,0
55,bachelor,female,rent,28883.16,public_sector,1,0,5754.49,0.21,8.2,0
38,high_school,female,rent,,public_sector,1,1,5039.69,0.19,5.7,0
48,bachelor,female,own,36829.92,self_employed,1,0,14464.7,0.32,9.9,0
23,bachelor,male,mortgage,16517.63,student,0,0,10402.67,0.45,9.1,0
67,bachelor,male,own,32273.12,salary_worker,0,0,11201.5,0.09,3.3,0
38,high_school,male,mortgage,26805.28,salary_worker,0,0,5632.73,0.42,12.7,0
23,master,female,rent,31897.79,salary_worker,0,0,11509.53,0.41,0.0,0
60,phd,male,own,41435.74,salary_worker,0,1,4438.33,0.14,11.9,0
53,bachelor,male,mortgage,19832.96,self_employed,0,0,9283.4,0.14,6.8,1
52,bachelor,female,mortgage,18079.16,salary_worker,0,1,8616.84,0.42,11.5,0
23,master,male,mortgage,11386.95,self_employed,0,0,8649.64,0.71,13.3,0
58,high_school,male,rent,9812.86,retired,1,0,12452.28,0.29,5.8,0
52,master,male,own,22489.68,public_sector,0,0,4623.41,0.4,6.0,0
60,high_school,female,mortgage,23193.21,public_sector,0,1,11758.24,0.23,8.8,0
62,master,male,rent,14932.01,public_sector,1,0,8195.64,0.38,3.0,0
31,high_school,male,mortgage,16448.76,public_sector,1,0,5242.99,0.23,6.2,0
31,high_school,male,rent,48317.75,self_employed,0,0,3916.68,0.29,5.8,0
67,bachelor,male,rent,36102.88,salary_worker,0,1,22897.24,0.78,2.8,0
47,bachelor,female,mortgage,13797.97,salary_worker,0,0,7799.4,0.36,5.6,0
42,master,male,mortgage,19949.18,salary_worker,0,1,6665.95,0.06,10.5,0
35,phd,male,mortgage,29222.7,self_employed,0,0,4319.86,0.46,10.2,0
52,high_school,male,mortgage,18363.07,self_employed,0,0,14746.48,0.54,6.8,0
58,high_school,female,rent,16917.22,salary_worker,0,1,14130.58,0.46,7.7,0
21,high_school,female,own,20905.96,salary_worker,0,0,12710.39,0.31,6.3,0
48,bachelor,female,mortgage,,public_sector,0,0,7835.59,0.17,0.5,0
70,bachelor,female,rent,41424.62,salary_worker,0,1,12248.91,0.18,3.4,0
35,master,male,own,17484.13,salary_worker,0,0,5150.75,0.31,,0
35,master,female,mortgage,29948.9,salary_worker,0,0,9133.35,0.27,12.3,0
64,high_school,male,rent,24272.87,salary_worker,0,0,7864.56,0.24,4.1,0
24,bachelor,male,mortgage,15464.37,public_sector,0,0,9385.07,0.56,12.0,0
40,bachelor,male,own,21296.89,salary_worker,0,1,2989.2,0.51,2.7,0
43,bachelor,female,mortgage,13781.67,salary_worker,0,0,22659.37,0.57,5.4,1
60,high_school,male,own,41084.03,student,0,1,19735.85,0.2,7.0,0
27,high_school,male,mortgage,,self_employed,0,1,4304.78,0.17,6.4,0
42,high_school,male,mortgage,20236.48,self_employed,0,0,11131.66,0.35,4.7,0
28,high_school,female,rent,,public_sector,0,0,3576.58,0.41,8.0,0
60,bachelor,male,own,39126.98,salary_worker,1,1,8485.59,0.35,10.6,0
52,high_school,female,mortgage,,salary_worker,0,0,2422.0,0.4,1.7,0
45,bachelor,male,mortgage,14742.87,salary_worker,0,0,6900.23,0.63,8.0,0
40,bachelor,female,mortgage,22774.12,salary_worker,0,0,6196.45,0.3,,0
28,master,female,own,,salary_worker,0,0,15309.18,0.49,5.8,0
67,high_school,male,own,17208.36,self_employed,0,1,20285.52,0.43,5.3,0
53,high_school,female,own,28960.61,salary_worker,0,0,20538.23,0.36,4.1,1
36,high_school,male,own,17765.69,salary_worker,0,0,15321.96,0.48,15.5,0
41,bachelor,male,own,19089.29,self_employed,0,1,8478.85,0.2,13.5,0
57,high_school,female,rent,23257.8,salary_worker,0,0,10032.28,0.17,6.3,1
56,master,female,rent,12455.55,self_employed,0,1,10005.5,0.42,12.2,0
44,high_school,female,own,,,1,0,4233.67,0.05,5.4,0
36,high_school,male,rent,36798.88,public_sector,0,0,15218.38,0.43,6.9,0
53,high_school,male,rent,17445.81,retired,0,0,11843.47,0.14,3.3,0
53,master,female,rent,63620.36,self_employed,0,1,12149.9,0.61,0.1,0
50,master,male,mortgage,59120.15,retired,0,1,2310.43,0.27,5.2,0
24,bachelor,female,mortgage,19381.7,salary_worker,0,0,10394.29,0.6,5.8,0
44,bachelor,male,own,69743.11,salary_worker,0,1,14088.34,0.3,9.2,0
51,bachelor,male,mortgage,37119.9,salary_worker,0,0,8035.43,0.29,10.1,0
68,bachelor,female,mortgage,18207.86,salary_worker,0,1,6152.37,0.5,7.0,0
47,high_school,male,rent,7617.26,retired,0,1,3830.21,0.39,3.5,0
38,bachelor,female,rent,33178.91,salary_worker,0,1,3682.02,0.33,4.9,0
48,master,male,rent,24688.26,salary_worker,0,0,8820.93,0.27,13.9,0
29,high_school,male,rent,29558.09,retired,0,0,7121.58,0.27,10.0,0
25,bachelor,male,own,21961.01,salary_worker,0,0,7066.88,0.76,13.2,0
54,bachelor,male,rent,14548.81,public_sector,0,1,18786.77,0.04,14.6,0
70,bachelor,male,mortgage,20087.2,salary_worker,0,0,4061.25,0.12,4.9,0
63,high_school,female,own,33456.01,student,1,0,6700.01,0.55,10.8,0
50,,male,own,20754.76,salary_worker,0,0,20573.52,0.54,3.9,0
23,master,female,mortgage,20698.41,public_sector,0,0,6825.01,0.17,11.6,0
70,high_school,male,mortgage,12286.74,self_employed,0,0,8403.96,0.02,10.8,0
43,high_school,female,mortgage,25362.84,student,0,0,7359.14,0.57,0.0,0
35,high_school,male,mortgage,14759.33,student,0,1,11946.36,,9.1,0
65,high_school,male,mortgage,36803.08,,1,1,2616.85,0.25,4.1,0
58,phd,female,own,17494.72,salary_worker,1,1,7245.64,0.36,6.1,0
58,bachelor,male,mortgage,21310.03,self_employed,0,1,8349.4,0.15,4.9,0
34,high_school,male,rent,64459.51,retired,1,0,4679.69,0.51,11.1,0
70,high_school,female,own,21206.05,self_employed,0,1,9788.62,0.34,4.8,0
43,phd,male,own,19965.11,retired,0,0,12487.81,0.18,2.4,0
47,high_school,male,rent,31682.82,public_sector,0,1,10389.65,0.2,4.3,0
58,bachelor,male,rent,10901.24,salary_worker,0,1,21560.18,0.57,6.6,0
53,high_school,female,rent,42738.87,salary_worker,0,1,6384.65,0.29,9.1,0
29,high_school,male,rent,38073.47,salary_worker,0,0,10659.61,0.45,12.3,0
36,bachelor,female,rent,30822.59,public_sector,0,0,10528.32,0.34,9.6,0
39,high_school,male,own,5325.74,self_employed,0,0,7118.21,0.02,9.8,1
68,bachelor,female,mortgage,21660.91,salary_worker,0,0,15113.89,0.47,10.5,0
56,high_school,female,own,13728.24,public_sector,0,1,9495.09,0.53,10.8,0
39,bachelor,female,mortgage,40370.24,salary_worker,0,0,4185.68,0.67,11.6,1
57,master,female,rent,39091.19,salary_worker,1,1,12244.44,0.01,17.5,0
57,bachelor,male,mortgage,28987.05,self_employed,0,1,6157.0,0.01,10.7,0
40,high_school,male,rent,14166.0,self_employed,0,0,6785.12,0.46,8.6,0
41,bachelor,male,rent,47687.87,salary_worker,1,0,7067.2,0.23,5.6,0
65,phd,male,own,21633.16,public_sector,0,1,12141.81,0.08,8.7,0
49,high_school,female,mortgage,54853.26,retired,0,1,14668.27,0.36,12.1,0
28,high_school,female,mortgage,27430.87,public_sector,1,0,7422.58,0.26,2.6,0
56,master,male,mortgage,30578.84,student,0,0,7192.1,0.11,12.5,0
50,high_school,male,mortgage,19788.63,salary_worker,0,0,2628.24,0.33,5.8,0
46,bachelor,male,own,45849.98,salary_worker,0,1,5484.03,0.44,6.6,0
57,bachelor,female,mortgage,32009.73,salary_worker,0,0,4813.98,0.37,9.6,0
66,high_school,male,rent,46597.46,public_sector,0,1,9615.74,0.37,5.4,0
37,bachelor,female,rent,26367.66,salary_worker,0,0,7639.69,0.42,9.3,0
41,bachelor,male,mortgage,23833.15,retired,0,0,4915.46,0.04,2.9,0
30,high_school,female,mortgage,31818.67,self_employed,0,0,8813.03,0.33,11.0,0
53,master,male,rent,46590.09,public_sector,0,0,7807.1,0.38,8.3,0
41,high_school,female,rent,38466.02,salary_worker,0,0,2003.73,0.27,7.5,1
38,high_school,male,rent,25905.24,public_sector,0,0,14903.57,0.19,8.6,0
55,master,female,own,,salary_worker,0,1,14129.07,0.21,7.4,1
41,high_school,male,rent,35055.01,self_employed,0,0,7109.19,0.29,9.3,0
44,master,female,own,12741.03,public_sector,0,0,9837.22,0.5,6.7,0
43,high_school,male,rent,24729.51,salary_worker,1,0,6775.72,0.61,6.3,0
33,bachelor,female,rent,23107.33,retired,0,0,3352.81,0.58,0.4,0
27,high_school,female,rent,12861.64,public_sector,0,0,26636.78,0.06,13.0,0
62,bachelor,male,mortgage,28785.48,public_sector,0,0,49398.6,0.17,2.8,0
25,master,female,rent,64179.75,salary_worker,0,0,13593.29,0.46,14.0,0
37,master,female,own,21148.57,salary_worker,0,0,6929.21,0.57,6.5,0
54,phd,male,mortgage,34359.91,salary_worker,0,0,15052.32,0.17,12.4,0
27,bachelor,male,mortgage,,public_sector,0,0,3813.77,0.37,11.7,0
53,master,male,rent,35888.63,salary_worker,0,1,7079.67,0.14,11.3,0
57,,female,mortgage,18211.72,student,0,0,12172.04,0.39,7.7,0
54,master,male,rent,27082.87,student,0,1,5740.24,0.22,2.7,0
36,bachelor,male,own,30222.78,salary_worker,0,1,13371.65,0.37,6.8,0
21,master,female,own,,public_sector,0,0,9576.47,,6.2,0
65,high_school,male,mortgage,42037.72,salary_worker,0,0,9093.27,0.05,7.1,0
37,bachelor,female,mortgage,6999.21,salary_worker,0,1,5453.23,0.9,2.6,0
61,bachelor,male,mortgage,16559.38,salary_worker,0,1,10121.4,0.35,6.4,0
30,high_school,male,mortgage,23587.87,public_sector,0,0,23456.44,0.72,0.0,0
29,,male,rent,15415.38,retired,0,0,8923.18,0.61,,1
59,phd,male,mortgage,4605.28,salary_worker,0,1,11001.44,0.05,,0
67,bachelor,female,rent,17561.63,salary_worker,1,1,11931.5,0.41,4.4,0
64,high_school,female,rent,24303.49,salary_worker,0,1,4318.11,0.11,6.4,0
58,high_school,male,own,19218.37,self_employed,0,0,7533.26,0.29,8.2,0
33,high_school,male,mortgage,15543.15,salary_worker,1,1,7408.16,0.01,11.6,0
66,bachelor,male,mortgage,24801.49,public_sector,0,0,2518.2,0.06,11.7,0
54,master,female,mortgage,28406.97,retired,1,1,12505.64,0.19,8.7,0
29,phd,male,own,,salary_worker,0,0,4853.7,0.24,7.4,0
27,bachelor,female,mortgage,45129.2,retired,0,0,11775.76,0.35,8.9,0
64,bachelor,female,mortgage,24983.52,public_sector,0,1,5340.56,0.15,14.7,0
34,high_school,male,mortgage,16445.69,self_employed,0,0,24913.43,0.37,9.5,0
59,master,male,rent,14675.84,public_sector,0,0,6952.06,0.54,8.5,0
27,high_school,male,own,22118.37,self_employed,0,0,23310.02,0.39,11.8,0
35,high_school,male,mortgage,40176.57,self_employed,0,0,7368.79,0.33,7.7,0
35,phd,female,mortgage,16803.46,salary_worker,0,0,7868.25,0.4,4.1,0
35,master,male,rent,31829.4,public_sector,0,0,19180.03,0.08,9.3,0
54,high_school,male,rent,25401.17,salary_worker,1,1,4891.91,0.51,8.2,0
66,bachelor,male,own,59692.09,salary_worker,0,1,8328.82,0.12,6.6,0
66,bachelor,female,rent,29016.3,self_employed,0,1,10902.48,0.62,9.7,0
58,high_school,female,mortgage,17779.44,salary_worker,0,0,10118.13,0.48,0.2,0
31,high_school,female,rent,33906.64,salary_worker,0,0,8297.11,0.44,5.3,0
69,high_school,female,own,34424.02,salary_worker,0,1,7693.42,0.45,4.0,0
48,bachelor,female,mortgage,20360.36,retired,0,0,12907.24,0.34,4.4,0
48,bachelor,male,own,14417.56,self_employed,0,0,8930.54,0.2,6.9,1
56,bachelor,male,rent,30983.68,salary_worker,0,1,13787.37,0.17,3.9,0
59,high_school,female,own,25048.82,retired,0,1,10052.15,0.66,14.2,0
68,master,male,own,12302.43,public_sector,0,1,11586.7,0.36,9.3,0
50,bachelor,male,mortgage,27297.06,salary_worker,0,0,15115.25,0.14,4.3,0
51,master,male,mortgage,18276.17,self_employed,1,0,6832.56,0.43,0.5,0
58,high_school,male,mortgage,12307.68,salary_worker,0,0,14891.52,0.4,5.2,0
33,,male,rent,20775.87,self_employed,0,0,7433.5,0.28,6.2,0
36,master,female,mortgage,43360.9,public_sector,1,0,3750.47,0.18,5.0,0
52,high_school,female,own,41924.58,salary_worker,0,1,30686.3,0.47,,0
24,high_school,male,mortgage,37273.52,self_employed,0,0,5445.33,0.51,,0
37,high_school,male,own,27478.38,salary_worker,0,0,9961.01,0.4,7.7,0
56,high_school,male,rent,31828.22,self_employed,0,0,6924.51,0.35,7.0,0
69,bachelor,male,rent,25447.94,salary_worker,0,1,8693.49,,6.5,0
46,high_school,female,mortgage,14805.1,public_sector,0,0,14154.96,,0.0,0
40,high_school,female,mortgage,16196.07,self_employed,1,0,18346.16,0.23,7.3,0
43,bachelor,male,rent,18523.0,salary_worker,0,1,9518.44,0.11,8.2,0
55,high_school,female,own,45734.65,public_sector,0,1,14722.14,0.54,10.3,0
48,,male,mortgage,39517.97,salary_worker,1,0,7350.84,0.15,9.4,0
22,bachelor,male,own,,,0,0,3429.82,0.01,12.4,0
47,high_school,male,rent,24934.96,,1,1,4235.99,0.58,0.0,0
41,high_school,female,mortgage,20309.15,salary_worker,1,0,7276.17,0.03,6.6,0
56,high_school,male,own,22701.92,salary_worker,1,0,12551.27,0.27,17.5,1
64,high_school,female,mortgage,19125.56,salary_worker,0,0,7287.54,0.14,11.7,0
69,bachelor,male,mortgage,,public_sector,0,1,15556.5,0.21,1.7,0
51,high_school,female,mortgage,24136.78,public_sector,0,0,22190.21,0.74,7.9,0
39,high_school,male,rent,26829.86,salary_worker,0,1,15624.73,0.32,3.3,0
43,phd,male,mortgage,26927.85,salary_worker,0,0,26073.46,0.4,5.8,1
29,master,female,rent,15329.03,retired,0,0,3297.4,0.48,15.5,0
67,high_school,male,mortgage,25561.67,salary_worker,0,1,22400.96,0.22,11.3,0
63,high_school,female,mortgage,39263.18,salary_worker,1,1,7955.05,0.53,1.4,0
63,bachelor,female,mortgage,47226.52,public_sector,1,1,7129.07,0.41,4.4,0
37,master,male,own,14522.92,salary_worker,0,0,8067.42,0.48,7.5,0
37,master,male,rent,12291.08,student,0,0,5218.77,0.21,6.4,0
63,high_school,female,own,25033.26,salary_worker,0,1,18506.1,0.42,8.8,0
48,high_school,male,own,40100.11,retired,0,0,5538.05,,4.4,0
56,high_school,male,rent,28618.78,salary_worker,0,1,5940.32,0.54,6.0,0
45,master,male,rent,,salary_worker,0,0,3794.89,0.24,4.4,0
43,master,female,mortgage,13198.89,salary_worker,0,0,5421.54,0.71,6.0,0
52,high_school,female,rent,18818.69,student,0,1,5513.01,0.4,10.3,0
61,bachelor,male,own,9061.13,self_employed,0,0,5313.2,0.32,8.7,0
37,high_school,female,rent,22831.13,salary_worker,0,0,7356.67,0.3,4.7,0
61,bachelor,female,own,9192.11,student,0,1,4389.13,0.34,12.0,0
33,master,male,own,44342.45,salary_worker,0,0,19476.93,0.23,11.8,0
41,bachelor,female,mortgage,49004.61,salary_worker,0,0,7449.93,0.46,7.5,0
66,high_school,male,own,,salary_worker,0,0,9953.89,0.34,6.5,0
68,bachelor,female,rent,12324.47,public_sector,0,0,13016.66,,14.6,0
67,high_school,male,own,28827.09,salary_worker,0,0,24679.19,0.26,13.9,0
36,master,male,rent,56196.49,salary_worker,0,0,13365.55,0.32,1.4,0
63,high_school,male,mortgage,30154.24,student,0,0,7070.55,0.26,12.3,0
67,master,male,rent,41491.46,self_employed,0,1,4491.74,0.68,14.4,0
69,high_school,male,rent,19568.48,salary_worker,0,1,9759.07,0.08,10.1,0
22,high_school,female,own,16447.94,self_employed,0,0,14534.25,0.36,5.6,1
58,high_school,male,rent,23579.01,salary_worker,0,0,8760.97,0.4,6.1,0
70,high_school,male,own,10229.0,self_employed,1,0,8399.01,0.14,14.3,0
59,high_school,male,own,67429.63,salary_worker,0,0,9112.63,0.82,,0
32,bachelor,female,mortgage,25921.88,self_employed,0,0,2897.54,0.17,9.7,0
59,high_school,female,rent,35955.88,public_sector,0,0,8782.86,0.35,16.8,0
26,high_school,male,own,19777.91,salary_worker,0,0,12121.68,0.64,3.5,0
45,high_school,male,mortgage,12156.4,salary_worker,0,0,7902.02,0.27,7.1,1
52,high_school,female,rent,46240.75,salary_worker,0,0,15031.91,0.37,8.3,0
43,master,female,own,,public_sector,0,0,15310.4,0.28,6.7,0
55,phd,male,mortgage,28480.57,public_sector,0,0,6141.69,0.33,0.1,0
33,high_school,female,mortgage,29714.43,public_sector,0,0,10331.82,0.53,11.5,0
51,master,male,mortgage,25166.73,student,0,1,8295.89,0.26,4.5,0
53,bachelor,female,mortgage,17101.77,public_sector,0,1,2655.28,0.01,4.4,0
52,phd,female,own,22757.85,student,0,0,7310.36,0.33,6.1,0
35,high_school,female,mortgage,15874.62,self_employed,1,0,4596.29,0.35,6.6,0
36,high_school,male,rent,35035.95,salary_worker,0,0,8722.79,0.38,7.0,0
33,bachelor,male,own,31482.78,self_employed,0,0,11795.97,0.31,11.4,0
44,master,female,mortgage,24109.68,salary_worker,0,0,7189.02,0.18,12.2,0
50,bachelor,female,mortgage,18849.5,salary_worker,0,0,4939.31,0.3,6.5,0
39,bachelor,female,mortgage,62836.6,salary_worker,0,1,9215.86,0.66,5.1,0
41,high_school,female,rent,13549.04,salary_worker,0,0,31071.24,0.33,7.0,0
35,bachelor,male,mortgage,12148.05,public_sector,0,0,2453.42,0.46,3.9,1
31,master,female,rent,23461.06,salary_worker,0,1,9209.98,0.15,7.4,0
53,high_school,male,mortgage,21674.22,salary_worker,0,1,6008.43,0.29,3.7,0
61,bachelor,female,mortgage,39891.24,retired,0,0,6410.26,0.16,16.0,1
35,high_school,female,rent,32557.15,self_employed,0,0,7649.69,0.57,8.0,0
64,bachelor,female,mortgage,24668.6,salary_worker,0,1,6706.07,0.06,5.3,0
49,bachelor,female,own,30489.94,,0,0,11282.32,0.41,10.3,0
29,master,female,own,30241.63,salary_worker,0,0,7094.08,0.4,2.6,0
39,phd,female,mortgage,,retired,0,0,2467.52,0.39,4.7,0
21,bachelor,female,mortgage,27282.85,salary_worker,0,0,16380.03,0.01,9.2,0
22,high_school,male,own,17917.18,student,1,0,15079.68,0.01,8.0,0
37,high_school,female,rent,26617.54,salary_worker,0,0,5803.89,0.36,11.7,0
43,high_school,female,rent,7492.02,public_sector,0,1,8327.97,0.17,0.0,0
60,high_school,female,rent,23987.99,salary_worker,0,1,15830.19,0.22,10.8,0
27,high_school,male,rent,39808.75,self_employed,0,0,14303.22,0.26,5.3,0
62,bachelor,male,own,,salary_worker,0,0,17095.2,0.15,2.8,0
32,high_school,male,own,27843.37,,0,0,9956.32,0.12,0.6,0
27,high_school,male,mortgage,32602.94,student,0,0,12372.65,0.34,5.3,0
55,master,male,rent,39993.23,public_sector,0,0,17585.37,0.01,13.9,0
59,high_school,female,own,46228.65,salary_worker,0,0,6708.92,0.25,11.4,0
51,bachelor,male,mortgage,29772.94,public_sector,0,1,10325.19,0.22,14.0,0
26,master,male,rent,21115.23,salary_worker,0,0,2488.35,0.34,7.0,0
26,bachelor,female,mortgage,8594.82,retired,0,0,3398.49,0.77,7.9,0
40,high_school,male,rent,37804.3,salary_worker,0,1,10667.86,0.16,1.2,0
43,high_school,female,own,30694.57,,0,0,11602.37,,1.2,0
70,bachelor,female,mortgage,26074.07,salary_worker,1,1,6548.51,0.38,6.9,0
35,bachelor,male,rent,17861.04,salary_worker,0,0,5804.99,0.44,2.0,0
30,,female,rent,37583.42,retired,0,0,6663.75,0.3,4.1,0
68,bachelor,male,mortgage,21682.13,salary_worker,0,1,9004.94,0.6,7.7,0
28,bachelor,male,rent,23968.84,salary_worker,1,0,2269.81,0.46,12.6,0
22,high_school,male,mortgage,23737.35,public_sector,0,0,10468.13,0.47,7.5,0
42,bachelor,female,own,29805.05,salary_worker,0,0,8248.81,0.09,2.1,0
41,high_school,male,rent,14517.58,salary_worker,1,1,9284.36,0.36,0.2,0
51,high_school,male,mortgage,,public_sector,0,0,7570.0,0.25,8.0,0
64,master,female,own,17599.05,salary_worker,0,1,3786.9,0.18,5.0,1
67,high_school,female,rent,17879.11,public_sector,0,1,4429.28,0.23,8.0,0
35,bachelor,male,mortgage,36255.92,self_employed,1,0,18730.66,0.33,6.7,1
70,high_school,male,own,15556.55,salary_worker,0,0,5690.52,0.42,7.2,0
52,high_school,female,mortgage,36226.61,self_employed,0,0,12635.91,0.52,12.3,0
24,master,female,rent,25479.13,salary_worker,0,0,4468.01,0.51,11.7,0
67,high_school,male,rent,11594.38,self_employed,1,1,8036.53,0.39,9.0,0
27,high_school,female,mortgage,44981.84,self_employed,1,0,6358.99,0.35,3.9,0
50,master,female,mortgage,27990.32,public_sector,0,1,6917.96,0.28,5.3,0
60,bachelor,male,rent,29066.94,,0,0,6721.04,0.3,10.6,0
33,bachelor,female,mortgage,38302.06,public_sector,0,1,17928.68,0.2,12.7,0
34,high_school,female,own,47793.71,salary_worker,0,0,23391.25,0.26,2.4,0
44,high_school,male,own,26647.81,retired,0,0,9234.45,0.4,13.6,0
65,bachelor,male,mortgage,32137.51,salary_worker,0,1,6457.62,0.62,4.4,0
32,high_school,male,own,28768.42,public_sector,0,0,3900.75,0.31,10.2,0
54,high_school,female,own,20862.52,self_employed,0,0,3755.82,0.19,18.7,0
43,master,male,mortgage,11937.66,salary_worker,0,0,17982.35,0.51,1.1,0
26,,male,own,26814.95,salary_worker,1,0,3612.92,0.01,9.5,0
56,high_school,male,mortgage,45275.53,retired,0,0,24279.79,0.53,6.2,0
62,high_school,male,mortgage,31650.2,public_sector,0,0,8825.66,0.08,9.3,0
49,bachelor,male,own,15057.92,public_sector,1,0,1937.47,0.46,5.0,0
29,bachelor,male,own,,salary_worker,0,0,4073.15,0.25,,0
28,master,male,mortgage,21178.43,self_employed,0,0,3881.07,0.4,4.5,0
42,high_school,female,mortgage,9495.64,salary_worker,0,0,5618.74,0.71,8.9,0
46,high_school,male,rent,38486.27,public_sector,0,0,9342.0,0.19,12.9,0
48,bachelor,male,rent,15908.02,salary_worker,0,1,14260.91,0.16,9.1,0
33,high_school,female,own,54248.35,public_sector,0,0,5625.38,0.35,13.4,1
46,bachelor,female,mortgage,40802.48,public_sector,0,0,6286.04,0.61,5.5,0
35,master,male,mortgage,21971.26,salary_worker,1,0,7587.29,0.37,5.2,0
55,bachelor,female,mortgage,29932.85,public_sector,0,0,5202.81,0.35,8.9,0
60,high_school,male,rent,72458.07,,0,0,10196.46,0.37,6.0,0
53,phd,male,mortgage,38177.56,salary_worker,0,1,10371.13,0.16,12.0,0
21,high_school,female,rent,27097.32,salary_worker,1,0,1813.72,0.37,1.9,0
70,master,female,own,89332.38,salary_worker,1,1,11518.19,0.27,11.0,0
22,bachelor,male,own,25665.72,salary_worker,0,0,8690.31,0.58,12.3,0
70,bachelor,female,own,31628.59,public_sector,0,1,9342.44,0.48,9.0,0
22,master,male,own,15973.78,public_sector,0,0,15502.82,0.1,,0
46,bachelor,female,rent,11457.23,salary_worker,0,0,3033.7,0.29,4.9,0
26,bachelor,female,rent,21385.94,student,1,0,4062.2,0.44,4.2,0
25,high_school,male,mortgage,24767.4,retired,0,0,7796.02,0.16,8.9,0
55,bachelor,female,rent,28230.79,salary_worker,0,0,2260.28,0.15,4.6,1
57,bachelor,male,own,,self_employed,0,0,7212.65,0.26,8.7,0
26,high_school,male,rent,32771.14,retired,0,0,12904.56,0.4,8.7,0
69,bachelor,female,rent,16752.9,salary_worker,0,1,10078.42,0.53,7.2,0
37,bachelor,female,rent,32014.06,salary_worker,0,0,8462.9,0.38,8.6,0
36,high_school,male,mortgage,37075.7,student,0,0,7129.54,0.78,10.0,0
35,high_school,male,own,20374.12,public_sector,0,0,6403.96,0.22,7.1,0
44,bachelor,male,rent,15776.57,public_sector,0,0,6204.23,0.47,5.6,0
29,high_school,male,mortgage,48758.86,retired,0,0,9189.33,0.14,10.8,0
42,high_school,female,rent,36055.35,salary_worker,1,1,3453.04,0.63,8.6,0
31,bachelor,female,mortgage,26066.06,public_sector,0,0,18118.95,0.58,9.3,0
23,high_school,male,rent,47136.01,public_sector,0,0,5400.78,0.47,9.8,0
39,high_school,male,mortgage,25272.39,salary_worker,0,1,11011.81,0.03,8.1,0
54,bachelor,male,rent,18412.26,salary_worker,1,1,8469.27,0.47,6.1,0
59,high_school,female,own,15509.9,salary_worker,0,1,4296.25,0.19,5.0,0
38,phd,male,own,23190.32,public_sector,1,0,16497.53,0.42,7.1,1
37,master,male,own,,public_sector,0,0,14688.27,0.08,9.4,0
60,bachelor,female,mortgage,45496.54,retired,0,1,3415.69,0.39,9.6,0
55,phd,male,rent,24601.92,salary_worker,0,0,7781.75,0.28,8.1,0
62,master,male,own,42020.22,self_employed,0,0,9082.02,0.2,8.9,0
66,high_school,female,mortgage,22105.43,salary_worker,0,1,2593.5,0.45,3.1,0
62,bachelor,female,mortgage,17124.76,retired,0,1,2524.25,0.33,5.6,0
67,high_school,female,own,13523.16,self_employed,0,1,5122.95,0.3,10.2,0
41,bachelor,male,own,19383.78,public_sector,0,0,3935.24,0.47,4.2,0
40,bachelor,female,mortgage,13754.26,salary_worker,0,0,4564.49,0.68,8.1,0
37,high_school,female,mortgage,60130.97,salary_worker,0,0,3935.61,0.39,7.7,0
32,high_school,female,mortgage,29663.82,salary_worker,0,0,7575.57,0.01,7.0,0
58,phd,female,mortgage,23317.82,public_sector,0,1,4960.43,0.06,10.2,0
56,high_school,female,own,52833.5,salary_worker,0,1,14953.21,0.35,8.4,0
61,high_school,male,own,13547.8,public_sector,0,0,8947.67,0.52,2.7,0
29,high_school,female,own,22886.12,salary_worker,1,0,12542.43,0.36,9.6,0
45,bachelor,female,rent,59865.35,self_employed,0,1,3201.75,0.43,5.5,1
32,master,female,mortgage,22815.19,salary_worker,0,0,5735.77,0.33,2.0,0
65,bachelor,female,own,73208.46,salary_worker,0,1,8733.48,0.51,10.5,0
34,bachelor,female,rent,,self_employed,0,0,10395.6,0.45,2.8,0
28,high_school,male,mortgage,43812.16,salary_worker,0,0,5674.67,0.16,6.1,0
49,high_school,male,rent,44387.03,salary_worker,0,0,6151.05,0.42,8.7,0
64,bachelor,male,rent,24360.57,self_employed,0,0,6533.21,0.06,7.2,0
66,master,female,own,19541.68,salary_worker,0,1,6878.63,0.42,5.0,0
25,bachelor,male,mortgage,23110.72,self_employed,0,0,26643.71,0.29,3.5,0
37,high_school,male,own,15613.33,public_sector,0,0,9626.58,0.37,4.5,1
28,bachelor,female,rent,23631.05,salary_worker,0,0,8282.76,0.4,3.2,0
36,bachelor,female,own,24294.79,salary_worker,0,0,4054.35,0.39,7.0,0
47,bachelor,male,rent,52060.19,salary_worker,0,0,4107.46,0.6,5.3,0
35,bachelor,female,mortgage,31792.13,salary_worker,0,0,7206.48,0.35,2.0,0
24,bachelor,female,rent,70486.6,salary_worker,0,0,15088.77,0.37,6.3,0
46,bachelor,male,mortgage,9211.47,self_employed,0,0,7262.45,0.58,,0
23,phd,female,rent,14077.46,salary_worker,1,0,7435.56,0.68,8.6,0
32,bachelor,male,rent,20745.71,retired,0,0,5381.18,0.34,8.9,0
21,,female,own,47649.27,public_sector,0,0,3109.07,0.25,12.9,0
25,high_school,female,mortgage,23171.78,salary_worker,0,0,10304.05,0.26,10.1,0
42,bachelor,female,mortgage,12575.15,self_employed,0,1,7045.24,0.42,3.1,0
63,bachelor,female,own,21800.63,salary_worker,0,1,10355.96,0.3,0.0,0
59,bachelor,male,own,14201.19,salary_worker,0,1,8822.39,0.03,1.4,0
25,bachelor,male,rent,13002.13,student,0,0,4768.3,0.54,5.5,0
22,high_school,male,own,59842.57,salary_worker,0,0,9172.59,,1.1,0
37,bachelor,male,own,20780.62,salary_worker,0,0,3983.52,0.55,5.0,0
53,bachelor,female,mortgage,26315.64,retired,0,1,9132.99,0.58,7.6,0
58,high_school,female,own,23345.74,retired,0,1,7827.82,0.37,5.2,0
62,high_school,female,mortgage,21738.21,self_employed,0,0,18907.8,0.39,8.6,0
38,high_school,male,mortgage,16675.61,public_sector,0,1,5030.18,0.52,5.1,0
29,high_school,male,rent,21167.33,public_sector,0,0,3905.78,0.12,4.5,0
22,master,female,own,28332.25,public_sector,1,0,6455.97,0.28,14.3,0
28,master,male,mortgage,46091.59,self_employed,0,0,11327.6,0.33,7.4,1
24,bachelor,male,own,37284.99,public_sector,0,0,1739.32,0.51,7.9,0
64,high_school,female,own,14064.65,self_employed,0,1,13115.41,0.24,10.9,0
34,bachelor,male,mortgage,37980.93,salary_worker,1,0,7224.7,0.21,11.0,0
62,bachelor,male,rent,30150.21,salary_worker,0,0,4324.06,0.26,6.0,0
48,high_school,male,mortgage,18377.37,salary_worker,0,1,6618.9,0.42,11.7,0
47,master,female,own,26421.77,salary_worker,0,1,5390.59,0.33,5.7,0
43,high_school,female,own,31493.27,salary_worker,0,0,4130.66,0.08,11.6,0
61,high_school,female,rent,24863.94,self_employed,0,1,2789.92,0.11,2.6,0
23,high_school,male,own,30215.48,student,0,0,12109.72,0.36,6.3,0
25,high_school,male,rent,16509.18,salary_worker,1,0,5956.78,0.37,8.4,1
42,master,male,rent,,salary_worker,0,0,6533.44,0.34,8.9,0
40,bachelor,female,own,10217.14,public_sector,0,1,12895.42,0.26,4.1,0
48,high_school,female,rent,31572.22,salary_worker,0,0,8355.92,0.48,0.9,0
57,bachelor,male,own,28711.23,,0,1,3436.88,0.41,9.3,0
50,high_school,female,rent,32510.7,self_employed,1,0,11731.56,0.4,6.7,0
33,,male,rent,17698.47,self_employed,0,0,18326.62,0.41,5.9,0
37,high_school,male,rent,41197.74,salary_worker,0,0,10686.13,0.63,14.1,1
58,bachelor,female,own,23188.43,salary_worker,0,1,5035.38,0.16,6.3,0
31,high_school,female,rent,14274.12,self_employed,0,0,3604.61,0.26,5.4,0
46,master,female,rent,14873.48,salary_worker,1,0,4935.62,0.28,0.3,0
47,high_school,female,own,25748.13,salary_worker,0,0,8575.53,0.57,3.2,0
58,bachelor,male,mortgage,11867.58,salary_worker,0,0,17755.33,0.27,11.0,0
56,master,female,mortgage,54733.31,public_sector,0,0,5336.65,0.2,4.6,0
44,high_school,female,rent,39027.22,self_employed,0,0,5670.87,0.32,10.0,0
36,high_school,female,mortgage,55385.88,public_sector,0,0,14211.32,0.36,2.3,0
39,phd,female,own,52819.76,public_sector,0,0,6382.36,0.56,4.0,0
41,bachelor,male,own,20777.84,salary_worker,0,1,20799.59,0.27,3.9,0
31,bachelor,male,rent,16461.86,,0,0,7469.2,0.22,9.4,0
52,high_school,male,rent,7295.42,public_sector,0,0,15402.32,0.18,6.7,0
31,high_school,male,own,20276.03,salary_worker,0,0,10001.9,0.28,3.1,1
53,bachelor,female,rent,53881.57,self_employed,0,1,11954.94,0.8,10.4,0
58,master,male,mortgage,16772.02,salary_worker,0,0,7351.16,0.41,9.5,0
69,high_school,female,rent,22148.73,retired,0,1,7620.41,0.45,8.9,0
26,master,male,rent,18966.76,salary_worker,0,0,10202.68,0.34,8.7,0
58,bachelor,female,rent,28817.78,salary_worker,0,0,12568.85,0.36,4.1,0
25,high_school,female,rent,43422.72,,0,0,10821.97,,12.5,0
37,high_school,female,own,12177.62,self_employed,0,0,3065.31,0.44,7.1,0
29,high_school,male,rent,13273.18,salary_worker,0,0,9336.86,0.4,8.6,0
29,bachelor,female,own,47523.47,self_employed,0,0,5646.98,0.34,9.0,0
29,bachelor,male,rent,33856.29,public_sector,0,0,6001.51,0.28,3.7,1
23,bachelor,female,own,21661.22,salary_worker,0,0,10421.5,0.42,15.1,0
62,high_school,male,mortgage,52479.99,self_employed,0,0,20616.67,0.36,7.4,0
24,bachelor,male,mortgage,13170.53,self_employed,0,1,7132.18,0.72,7.6,0
40,bachelor,female,own,37013.8,self_employed,0,0,23982.61,0.53,5.8,0
55,bachelor,female,own,23606.87,student,0,1,4432.2,0.22,12.1,0
70,bachelor,female,mortgage,31982.52,self_employed,0,0,15953.9,0.13,12.3,0
63,high_school,male,mortgage,8314.71,public_sector,0,1,10268.96,0.27,8.1,0
27,bachelor,male,own,21648.33,public_sector,0,0,9087.96,0.15,1.6,0
70,high_school,female,rent,33913.16,salary_worker,1,1,17339.45,0.26,6.8,0
53,high_school,female,mortgage,23659.06,,0,1,5709.62,0.17,7.2,0
29,high_school,female,rent,42825.29,student,0,0,44955.08,0.28,5.7,0
43,bachelor,female,mortgage,42184.67,public_sector,1,0,7225.9,0.28,3.6,0
66,bachelor,male,rent,15813.93,salary_worker,0,1,5692.14,0.37,1.3,0
40,high_school,female,rent,35270.31,salary_worker,0,0,3906.27,0.3,13.4,0
30,master,female,mortgage,15573.12,salary_worker,1,0,19378.99,0.18,10.5,0
64,master,male,mortgage,24941.96,salary_worker,0,0,15179.38,0.56,7.6,0
68,high_school,male,own,32704.16,salary_worker,0,0,6229.59,0.41,4.9,1
69,bachelor,male,mortgage,16716.02,self_employed,0,1,10937.8,0.24,8.9,0
68,high_school,female,mortgage,34686.88,salary_worker,1,1,8687.41,0.18,8.3,0
64,phd,male,own,19391.5,self_employed,0,1,6673.49,0.08,5.9,0
43,high_school,male,mortgage,18745.07,student,0,0,13775.09,0.06,9.1,0
30,high_school,male,own,33456.22,student,0,0,5744.63,0.53,9.5,0
51,,female,rent,16710.83,public_sector,1,0,9092.78,0.51,10.2,0
32,high_school,male,mortgage,16332.69,salary_worker,0,0,9347.93,0.23,3.9,0
44,bachelor,male,own,38891.08,self_employed,0,0,8406.17,0.59,9.2,0
53,bachelor,male,mortgage,25561.71,self_employed,0,1,5847.1,0.45,12.2,0
68,high_school,male,rent,12652.96,salary_worker,0,0,4960.04,0.38,8.7,0
35,bachelor,male,rent,35776.22,retired,0,0,3436.92,0.5,16.3,0
33,master,male,rent,20272.68,public_sector,0,0,6637.58,0.45,6.8,0
57,master,male,own,12947.32,self_employed,1,1,5007.15,0.37,0.6,0
21,bachelor,female,mortgage,7877.05,salary_worker,0,0,13772.34,0.3,4.1,0
49,high_school,female,own,36553.65,salary_worker,0,0,10765.23,0.32,4.8,0
58,high_school,male,rent,16531.73,retired,1,1,6207.46,0.05,9.7,0
48,master,male,own,13908.7,salary_worker,0,1,10802.1,0.2,10.8,0
40,bachelor,male,own,32458.94,salary_worker,0,1,7637.98,0.66,8.0,0
62,bachelor,male,own,34982.61,self_employed,0,0,6986.97,,8.7,0
39,master,male,mortgage,17082.39,public_sector,0,0,7862.46,0.01,15.2,0
56,high_school,male,rent,36705.74,salary_worker,0,0,21465.89,0.5,4.2,1
44,bachelor,female,own,61371.56,salary_worker,0,1,11547.34,0.38,,0
22,high_school,male,own,44622.72,public_sector,0,0,6876.29,0.39,5.7,0
47,high_school,female,rent,41605.0,retired,0,1,13248.3,0.31,2.8,0
23,bachelor,male,own,28039.18,self_employed,0,0,12988.17,0.5,0.0,0
67,high_school,male,own,19936.88,public_sector,0,1,9347.32,,12.7,0
51,phd,female,own,23738.45,salary_worker,1,0,6763.44,0.25,4.4,1
39,high_school,female,rent,29683.12,public_sector,0,0,6522.18,0.45,6.5,0
45,master,female,rent,13823.42,self_employed,1,1,4485.79,0.54,9.2,0
51,bachelor,male,mortgage,17219.16,retired,0,1,8948.76,0.24,2.7,0
34,bachelor,female,rent,12803.99,public_sector,0,1,5793.97,0.61,4.2,0
35,master,female,mortgage,27060.6,salary_worker,0,0,6372.87,0.54,7.4,0
41,high_school,male,own,25270.03,salary_worker,1,0,11421.01,0.12,5.7,0
33,high_school,female,own,18147.37,public_sector,1,0,20495.29,0.63,2.4,0
58,high_school,male,mortgage,35214.9,salary_worker,0,0,9954.81,0.13,9.9,0
26,high_school,male,own,,public_sector,0,0,7647.77,0.22,5.6,0
62,master,female,rent,17846.71,self_employed,0,0,8019.89,0.46,8.0,0
38,bachelor,female,rent,34587.13,salary_worker,0,1,15151.89,0.53,7.7,0
49,high_school,male,mortgage,36973.88,public_sector,1,0,10029.0,0.36,11.4,0
28,high_school,male,own,17016.24,self_employed,0,0,9014.19,0.23,8.9,0
40,bachelor,female,mortgage,,retired,0,1,9372.3,0.29,4.0,0
58,bachelor,male,own,17146.28,salary_worker,0,1,3693.24,0.27,12.1,0
34,high_school,male,own,22274.49,salary_worker,0,0,10044.31,0.49,,0
27,bachelor,female,rent,25970.77,salary_worker,0,0,5007.19,0.27,4.2,0
47,bachelor,male,rent,31324.78,,0,0,10066.11,0.22,3.7,0
29,master,male,mortgage,28082.49,public_sector,0,1,5408.06,0.07,0.0,0
36,high_school,female,rent,27527.01,salary_worker,0,0,11216.52,0.23,5.1,0
43,bachelor,male,mortgage,14983.06,salary_worker,0,0,7448.81,0.32,9.1,1
49,high_school,female,rent,28990.53,student,1,1,4315.86,0.14,2.1,0
52,high_school,female,own,31193.95,salary_worker,0,0,6905.86,0.03,14.3,0
54,bachelor,female,rent,,salary_worker,1,1,27261.72,0.52,0.0,0
63,bachelor,male,mortgage,17609.89,retired,0,0,2321.15,0.16,4.4,0
24,high_school,male,rent,36754.41,public_sector,1,0,8879.39,0.1,1.5,0
39,master,male,own,13456.86,salary_worker,0,0,4647.98,0.62,11.2,0
21,high_school,female,mortgage,20052.96,student,0,0,17279.6,,10.1,0
21,bachelor,male,own,21504.48,self_employed,0,0,12695.08,0.52,6.4,0
31,phd,male,rent,13792.99,salary_worker,0,0,8975.47,0.43,1.8,0
50,,female,mortgage,21357.97,salary_worker,0,0,13421.16,0.58,2.7,0
65,master,female,own,26894.21,,0,1,9269.78,0.5,8.5,0
59,bachelor,male,rent,10704.32,salary_worker,1,0,8130.4,0.28,4.8,0
53,master,female,own,20381.65,public_sector,0,0,5829.16,0.15,,0
59,bachelor,male,mortgage,11083.58,salary_worker,0,1,6644.18,0.11,7.2,0
29,bachelor,male,own,61003.86,salary_worker,0,0,6277.75,0.31,5.8,0
62,high_school,female,mortgage,,retired,0,0,8149.32,0.14,0.5,0
65,bachelor,male,mortgage,25761.16,student,1,1,2862.2,0.2,2.2,0
25,high_school,male,own,27022.71,salary_worker,0,0,14275.72,0.31,2.3,0
44,phd,male,rent,31953.41,salary_worker,0,1,23641.98,0.59,4.6,0
62,high_school,male,mortgage,37803.98,,0,0,6388.67,0.07,7.9,0
44,high_school,female,own,12044.95,,0,0,15463.28,0.35,7.7,0
63,master,male,rent,43896.06,salary_worker,0,0,7526.94,0.11,12.2,0
67,high_school,female,rent,42643.13,salary_worker,0,1,5818.13,0.24,1.9,0
44,high_school,female,mortgage,23626.97,student,0,0,6568.36,0.51,8.7,0
23,bachelor,female,rent,23076.55,salary_worker,0,0,8494.13,0.19,4.4,1
38,high_school,female,rent,6025.51,salary_worker,0,1,5449.51,0.29,15.4,0
31,high_school,female,rent,13907.78,salary_worker,0,1,11309.52,0.37,7.1,0
44,bachelor,female,rent,30744.99,salary_worker,0,0,6089.96,0.47,5.3,0
50,high_school,male,mortgage,41784.38,self_employed,0,0,4490.53,0.24,8.6,0
44,high_school,female,own,33791.91,salary_worker,0,1,8014.81,0.57,8.3,0
30,high_school,female,mortgage,23527.57,self_employed,1,0,5532.17,0.26,6.0,0
36,high_school,female,mortgage,57909.85,,0,0,6768.11,0.43,9.9,0
54,high_school,male,own,38266.46,salary_worker,1,0,7864.62,0.31,13.5,0
22,high_school,female,mortgage,20389.56,retired,0,0,3878.34,0.47,11.2,1
31,bachelor,male,mortgage,64987.47,self_employed,0,0,18076.64,0.7,6.9,0
65,bachelor,male,mortgage,14864.41,salary_worker,0,0,12669.52,0.29,14.6,0
25,,female,mortgage,12552.46,salary_worker,0,0,5730.0,0.34,9.4,0
41,high_school,male,own,20140.79,self_employed,0,0,8018.29,0.26,3.1,0
31,master,female,mortgage,17302.6,public_sector,0,0,11495.19,0.23,7.7,0
26,bachelor,male,rent,20656.41,public_sector,0,0,9088.75,0.21,6.6,0
42,high_school,female,mortgage,34861.59,public_sector,0,1,22786.38,0.34,5.3,0
47,bachelor,male,own,23973.62,salary_worker,0,0,7106.29,0.2,8.8,0
29,high_school,male,own,24252.29,student,0,0,15583.04,0.21,0.0,0
24,master,female,mortgage,24995.89,salary_worker,0,0,3889.16,0.01,13.9,0
27,master,female,own,8599.45,salary_worker,0,0,11929.61,0.59,9.9,0
53,master,female,rent,12309.58,self_employed,0,0,20464.76,0.64,0.1,0
64,high_school,female,mortgage,20467.84,salary_worker,0,1,6389.58,0.46,9.9,0
30,high_school,male,mortgage,16658.6,salary_worker,0,0,4263.75,0.18,9.3,0
37,high_school,male,own,21931.86,salary_worker,0,0,7893.16,0.11,13.4,0
38,high_school,male,mortgage,45791.68,public_sector,0,0,16239.26,0.06,14.4,0
39,high_school,male,mortgage,23540.97,public_sector,0,0,5324.43,0.46,15.1,0
33,bachelor,male,mortgage,13427.02,self_employed,0,0,7919.33,0.57,6.4,0
23,high_school,male,own,17036.36,salary_worker,0,0,2922.02,0.37,9.7,0
47,master,female,own,52562.55,salary_worker,0,0,6261.27,,5.6,0
38,high_school,female,mortgage,48514.71,public_sector,0,0,14023.08,0.42,11.4,0
38,high_school,female,mortgage,31829.37,self_employed,0,1,5263.82,0.2,0.0,0
34,master,female,rent,12050.76,self_employed,0,0,4025.69,0.52,2.4,0
67,bachelor,female,rent,27946.92,salary_worker,0,1,5287.69,0.51,5.8,0
51,high_school,female,own,28930.85,salary_worker,1,1,5794.56,0.16,7.3,0
41,bachelor,female,mortgage,24624.4,salary_worker,1,0,12339.89,0.49,,0
31,high_school,female,mortgage,18835.43,public_sector,0,0,9985.38,0.31,12.6,0
61,high_school,female,own,20677.8,retired,0,0,11104.63,0.29,4.9,0
65,bachelor,female,rent,18253.8,student,1,1,8230.79,0.41,2.3,1
22,high_school,female,rent,14540.84,salary_worker,0,0,5762.21,0.4,5.9,0
67,bachelor,male,mortgage,45012.46,salary_worker,1,1,5286.96,0.5,5.1,0
55,high_school,male,own,36208.21,public_sector,0,1,10278.2,0.19,9.7,0
25,bachelor,male,rent,21413.61,salary_worker,1,0,19417.92,0.44,13.6,0
58,master,female,rent,28523.4,self_employed,0,1,4829.97,0.13,,0
26,high_school,female,mortgage,29009.12,public_sector,0,0,4629.06,0.31,11.9,0
23,high_school,female,own,69863.43,salary_worker,0,0,4338.55,0.32,5.2,0
26,bachelor,female,rent,36049.78,salary_worker,0,1,12801.79,0.51,6.9,0
43,master,female,rent,35441.77,salary_worker,0,0,7917.43,0.34,9.2,0
51,bachelor,male,mortgage,24762.64,self_employed,0,0,10997.99,0.29,4.4,1
41,bachelor,female,own,,salary_worker,0,1,6127.96,0.6,4.8,0
27,high_school,female,own,45352.46,salary_worker,1,0,11384.75,0.26,9.0,0
30,high_school,male,rent,32647.46,salary_worker,1,0,6917.44,0.26,2.0,0
63,bachelor,male,rent,16759.26,public_sector,1,0,3464.39,0.01,11.9,1
69,high_school,female,mortgage,29858.95,retired,1,0,13461.57,0.3,5.9,0
58,bachelor,female,mortgage,,retired,0,1,7943.24,0.17,9.7,0
26,high_school,male,own,9479.4,public_sector,1,0,6831.75,0.29,,0
61,high_school,female,mortgage,16073.48,salary_worker,0,0,9458.89,0.38,12.5,1
55,bachelor,male,own,,salary_worker,0,0,3661.79,0.14,0.0,0
47,bachelor,male,mortgage,10239.34,,1,0,10269.13,0.19,12.5,0
28,bachelor,female,rent,10995.5,self_employed,0,0,5838.94,0.05,,0
70,bachelor,male,own,21553.47,public_sector,0,0,7436.4,0.25,8.6,0
43,master,female,mortgage,30369.52,salary_worker,0,0,15162.97,0.17,9.6,0
23,master,female,mortgage,31008.07,retired,0,0,11535.76,0.73,9.9,0
31,master,female,mortgage,49616.55,salary_worker,0,0,7353.93,0.61,3.9,0
41,bachelor,male,mortgage,25261.04,self_employed,0,0,7664.88,0.58,,0
24,bachelor,female,mortgage,20584.76,retired,0,0,1981.65,0.11,11.1,0
37,,female,mortgage,,self_employed,0,0,5156.22,0.31,0.3,0
44,bachelor,male,rent,20474.13,public_sector,0,0,8883.22,0.12,9.4,0
68,high_school,female,own,33469.44,public_sector,0,1,5322.56,0.67,7.8,0
25,bachelor,male,mortgage,34157.07,public_sector,0,0,3906.75,0.49,10.0,0
49,high_school,male,own,27421.39,public_sector,0,1,10552.12,0.15,2.4,0
66,,male,mortgage,31138.55,salary_worker,0,1,16623.03,,4.5,0
61,master,male,own,43233.57,salary_worker,1,1,5449.24,0.07,1.9,0
67,high_school,male,rent,25181.69,public_sector,0,0,13111.64,0.32,1.9,0
29,bachelor,female,rent,45039.42,self_employed,1,0,12071.99,0.31,10.8,0
61,bachelor,male,mortgage,17553.5,self_employed,1,1,4735.06,0.47,5.1,0
69,high_school,male,rent,23553.25,salary_worker,1,0,5430.42,0.52,4.9,0
37,master,male,mortgage,19606.67,salary_worker,0,0,21844.54,0.34,11.9,0
45,high_school,male,rent,34777.2,salary_worker,0,1,4383.65,0.3,6.1,0
47,master,male,own,15420.95,student,0,0,5796.67,0.01,11.4,0
45,master,male,mortgage,21061.57,salary_worker,0,1,23888.73,,3.3,0
35,high_school,female,own,10542.24,salary_worker,0,0,5926.1,0.22,6.1,1
69,high_school,male,mortgage,31807.88,salary_worker,0,1,17054.08,0.36,3.9,0
68,high_school,male,rent,42661.65,self_employed,0,0,4618.8,0.75,9.7,0
40,high_school,male,own,36673.83,salary_worker,0,0,8743.34,0.13,6.7,0
61,high_school,female,own,35090.38,public_sector,0,1,14724.33,0.34,10.4,1
40,phd,female,mortgage,35515.7,salary_worker,0,0,6266.0,0.43,8.1,0
60,high_school,male,rent,33351.64,salary_worker,0,1,8560.0,0.54,0.0,0
50,master,female,rent,32095.72,salary_worker,0,0,12203.03,0.34,6.4,0
44,high_school,male,mortgage,33041.22,salary_worker,0,0,4933.99,0.55,1.4,0
27,phd,male,mortgage,18123.11,public_sector,1,1,27783.43,0.27,8.9,0
53,high_school,female,mortgage,22245.9,retired,0,0,14339.14,0.44,9.7,0
37,bachelor,female,mortgage,25124.77,public_sector,1,1,6657.47,0.41,10.1,0
31,bachelor,male,own,20929.87,retired,0,0,7121.31,0.32,7.0,1
30,high_school,female,own,12030.02,salary_worker,0,0,23189.3,0.4,1.0,0
70,master,male,mortgage,13964.11,retired,0,0,6666.51,0.18,8.3,0
26,high_school,female,mortgage,26997.22,self_employed,0,0,6249.85,0.29,9.1,0
60,bachelor,female,mortgage,36592.52,public_sector,0,0,15220.39,0.11,6.8,0
64,bachelor,female,mortgage,24445.56,self_employed,0,0,3750.68,0.26,7.8,0
22,bachelor,male,mortgage,84471.53,salary_worker,0,0,7761.39,0.54,0.0,0
50,high_school,male,rent,16092.47,salary_worker,0,0,8486.97,0.42,7.8,0
49,high_school,male,rent,29739.28,salary_worker,0,0,5502.5,0.4,7.1,0
38,high_school,male,mortgage,43522.84,,1,0,11379.54,0.05,2.6,0
54,high_school,male,own,39322.6,self_employed,0,1,8416.97,0.4,9.6,0
41,high_school,female,rent,32688.55,student,0,1,11831.25,0.33,5.5,0
42,master,male,own,39403.67,salary_worker,0,1,5577.63,0.44,8.4,1
42,bachelor,male,own,24957.45,self_employed,0,0,4234.86,0.59,9.5,0
61,bachelor,female,mortgage,51446.45,self_employed,0,1,16168.9,0.27,8.8,0
52,high_school,male,mortgage,43365.59,salary_worker,0,1,10834.28,0.28,2.1,0
39,high_school,female,rent,,salary_worker,0,0,6640.94,0.51,6.0,0
67,,female,own,28133.2,salary_worker,0,1,13446.44,0.23,16.0,0
61,high_school,male,rent,12133.39,self_employed,0,1,9255.35,0.36,13.1,0
67,high_school,male,mortgage,48281.56,salary_worker,0,0,21678.33,0.01,10.8,0
57,bachelor,female,rent,26927.52,salary_worker,0,0,11676.03,0.28,8.6,0
40,bachelor,male,own,44665.1,salary_worker,1,0,17132.44,0.57,3.5,0
59,phd,female,own,23174.07,public_sector,0,0,5640.31,0.4,6.9,0
37,high_school,male,own,10558.43,public_sector,0,1,5790.66,0.5,5.8,0
34,bachelor,male,own,79763.03,salary_worker,0,0,9607.1,0.51,7.2,0
43,high_school,female,mortgage,25822.2,public_sector,0,0,6857.38,0.58,1.7,0
69,high_school,male,own,15520.33,retired,0,1,4358.97,0.28,11.3,0
49,bachelor,male,rent,40765.57,salary_worker,1,0,11204.01,0.51,0.0,0
40,high_school,male,own,60848.09,salary_worker,0,0,14045.6,0.74,10.9,0
44,bachelor,female,own,22223.44,salary_worker,0,0,7657.92,0.34,11.0,0
35,high_school,female,rent,23279.79,salary_worker,1,0,9092.47,0.1,16.8,0
53,high_school,male,mortgage,27095.44,public_sector,0,0,4759.24,0.23,6.5,0
38,master,male,rent,14765.71,public_sector,0,0,6079.05,0.42,5.4,0
48,high_school,male,mortgage,17840.02,self_employed,1,1,6217.37,0.04,8.0,0
39,master,male,rent,54277.59,salary_worker,0,0,11017.31,0.2,9.7,0
37,high_school,male,mortgage,22937.01,public_sector,0,0,9328.36,0.28,7.1,0
69,master,female,rent,16698.92,salary_worker,0,0,6759.26,0.36,2.8,0
38,high_school,male,own,19862.35,salary_worker,0,1,6613.31,0.66,9.7,0
24,high_school,male,rent,39449.26,salary_worker,0,0,2745.45,0.46,7.5,0
39,bachelor,female,own,10005.06,retired,0,1,19598.94,0.14,3.5,0
47,high_school,female,rent,27298.65,public_sector,1,1,2573.46,1.04,,0
25,high_school,male,mortgage,73717.72,self_employed,0,0,10219.31,0.34,,0
36,phd,male,own,60716.95,public_sector,0,0,8272.9,0.04,10.8,0
29,bachelor,male,mortgage,31506.25,salary_worker,0,0,7001.47,0.15,9.7,0
46,bachelor,female,mortgage,44019.99,salary_worker,0,0,8066.65,0.15,7.0,0
57,bachelor,male,own,43829.91,public_sector,0,1,5627.16,0.1,10.3,0
69,master,female,mortgage,23002.69,retired,0,0,11603.34,0.43,3.3,0
40,master,female,rent,36907.03,self_employed,0,0,3934.49,0.01,8.3,0
64,bachelor,male,own,54440.43,salary_worker,0,0,9704.04,0.52,8.5,0
31,high_school,male,own,13784.6,student,0,0,5581.6,0.49,3.4,1
60,high_school,male,mortgage,31555.18,salary_worker,0,1,6407.28,0.26,7.1,0
49,bachelor,male,rent,28642.99,salary_worker,0,0,6503.21,0.5,5.8,0
58,master,male,own,25499.75,salary_worker,0,1,7398.66,0.14,4.4,0
58,bachelor,female,mortgage,24503.84,salary_worker,0,1,10680.6,0.19,5.3,0
47,high_school,female,own,27017.81,self_employed,0,1,7945.11,0.44,0.7,0
33,high_school,male,rent,28057.39,self_employed,0,0,13536.41,0.3,11.8,0
47,bachelor,male,own,40270.6,salary_worker,0,0,14395.82,0.23,13.7,0
62,master,female,mortgage,,salary_worker,0,1,9602.92,0.32,3.8,0
69,high_school,female,rent,,self_employed,0,1,37893.73,0.58,11.9,1
67,bachelor,female,own,16681.16,salary_worker,0,1,24679.1,0.57,7.4,0
30,bachelor,female,mortgage,19680.84,salary_worker,1,1,3724.43,0.42,7.5,0
50,master,male,mortgage,27378.81,salary_worker,0,0,14645.3,0.28,2.3,0
26,high_school,female,rent,17716.79,retired,0,0,18952.01,0.43,,0
54,master,female,own,37258.85,student,0,1,10285.79,0.18,9.6,0
70,bachelor,male,rent,29540.72,salary_worker,0,1,23091.62,0.55,3.6,0
23,master,male,mortgage,40724.59,public_sector,0,0,21494.78,0.51,4.5,0
53,high_school,female,own,18261.15,retired,0,1,6732.02,0.69,5.5,0
68,bachelor,female,own,16747.76,salary_worker,0,1,7021.67,0.2,0.0,0
63,,female,rent,40587.92,retired,1,1,10849.06,0.17,8.8,0
40,high_school,female,own,25809.02,self_employed,0,1,5748.75,0.44,,0
26,bachelor,female,rent,22222.65,self_employed,0,0,35996.3,0.29,9.0,1
67,bachelor,female,mortgage,,self_employed,0,1,12504.69,0.52,11.3,0
67,bachelor,female,own,32782.57,,1,1,8313.17,0.58,5.7,0
49,high_school,female,own,13834.3,public_sector,0,0,3730.84,0.65,14.7,0
69,bachelor,female,mortgage,45391.96,public_sector,1,1,9307.31,0.35,4.1,0
21,high_school,male,rent,20237.99,salary_worker,1,0,4221.28,0.5,6.6,0
51,master,female,rent,52313.42,self_employed,0,1,31684.83,0.25,6.2,0
22,phd,female,own,13358.43,,0,0,2046.31,0.38,8.2,0
67,high_school,male,mortgage,28080.47,retired,0,0,17344.81,0.33,6.5,0
55,high_school,female,rent,22392.26,self_employed,0,0,6417.09,0.32,7.1,0
66,high_school,male,mortgage,10008.04,salary_worker,0,1,3195.67,0.67,4.8,0
49,bachelor,male,own,32734.79,salary_worker,0,0,8030.37,0.1,5.7,0
25,master,male,own,10241.76,salary_worker,1,0,8178.41,0.34,0.0,0
22,bachelor,female,own,21348.78,public_sector,0,0,7821.45,0.35,10.7,0
37,,male,rent,40011.57,public_sector,0,0,17306.71,0.46,3.4,0
58,high_school,male,rent,19177.32,retired,0,0,9991.43,0.14,5.5,0
28,,female,mortgage,16208.96,salary_worker,0,0,12554.68,0.29,3.3,1
63,master,female,own,34897.15,student,0,0,7067.07,0.23,9.8,0
32,bachelor,female,own,21757.57,student,1,0,10248.12,0.01,5.3,0
45,bachelor,male,mortgage,20286.75,public_sector,0,0,3945.5,0.55,0.0,0
31,high_school,female,rent,43206.52,retired,0,0,9339.02,0.08,8.6,1
44,master,female,own,14396.27,salary_worker,0,0,5340.02,0.05,4.5,0
43,high_school,male,own,19794.84,salary_worker,0,0,16744.08,0.51,7.4,0
21,master,male,rent,35950.6,,1,0,8446.67,0.28,10.8,0
49,master,female,mortgage,13983.37,salary_worker,1,1,11667.68,0.29,3.5,0
60,bachelor,female,mortgage,54117.14,salary_worker,0,1,9360.72,0.29,7.3,0
67,master,female,rent,22079.8,public_sector,0,1,21883.01,0.53,4.4,0
37,high_school,male,mortgage,36081.56,salary_worker,0,0,3435.1,0.24,11.4,0
65,bachelor,female,rent,36047.61,,0,1,7611.47,0.45,7.8,0
64,high_school,male,mortgage,22730.67,salary_worker,0,0,4778.84,0.13,7.4,0
70,bachelor,female,mortgage,19622.74,public_sector,1,1,2624.65,0.4,2.5,0
39,high_school,female,rent,23876.88,retired,0,0,4611.16,0.5,10.5,0
63,high_school,female,own,33547.17,salary_worker,0,0,15438.5,0.59,11.0,0
49,high_school,female,mortgage,15616.9,public_sector,0,1,7969.71,0.06,4.4,0
23,high_school,male,rent,14165.06,student,0,0,7180.51,0.29,8.1,0
34,bachelor,male,own,47471.8,public_sector,1,0,12399.68,0.63,9.9,0
54,bachelor,female,own,17488.79,public_sector,0,1,8634.21,0.51,16.4,0
29,high_school,male,rent,28547.87,self_employed,0,0,11354.09,0.3,9.1,0
42,phd,female,rent,22225.78,student,0,0,9677.55,0.34,7.5,0
59,master,male,rent,22673.69,salary_worker,1,0,10921.47,0.39,6.9,0
28,high_school,female,mortgage,,public_sector,0,0,6327.57,0.27,7.1,0
45,high_school,male,own,23427.69,salary_worker,0,0,14413.18,0.44,10.6,1
31,bachelor,female,own,20731.89,salary_worker,0,0,4160.24,0.43,4.0,0
47,bachelor,male,rent,21560.71,public_sector,0,0,7728.82,0.14,11.2,0
33,high_school,male,rent,19408.06,public_sector,0,0,14813.69,0.25,1.3,0
69,bachelor,male,mortgage,18005.98,retired,0,1,7444.75,0.26,10.2,0
24,high_school,male,rent,19443.13,retired,0,0,6393.46,0.29,11.3,0
69,high_school,female,mortgage,51454.05,public_sector,0,1,28528.03,0.39,10.7,0
60,bachelor,male,own,33529.13,self_employed,0,1,17680.64,0.37,8.6,0
63,bachelor,female,mortgage,20840.67,retired,0,1,8759.53,0.21,9.1,0
63,master,male,own,37863.58,salary_worker,1,0,4751.6,0.58,5.9,0
30,high_school,female,mortgage,11917.5,salary_worker,0,0,2645.73,0.34,3.0,0
67,high_school,female,rent,45209.17,salary_worker,0,1,11965.27,0.6,8.5,0
50,high_school,male,mortgage,43600.33,self_employed,0,0,16256.17,0.6,7.8,1
69,high_school,female,rent,66592.7,public_sector,0,1,10073.6,0.15,11.2,0
64,high_school,male,rent,38376.41,public_sector,0,0,3162.49,0.25,6.9,0
49,bachelor,female,own,29636.31,salary_worker,0,0,8850.02,0.26,8.1,0
39,bachelor,male,rent,43521.62,public_sector,0,0,6199.55,0.4,8.6,0
26,bachelor,male,own,18368.38,self_employed,0,0,8856.54,0.47,9.8,0
26,high_school,male,mortgage,20374.97,student,0,0,23597.24,0.37,,0
40,high_school,female,mortgage,23649.32,salary_worker,0,1,12508.59,0.24,3.7,0
61,bachelor,female,own,45071.11,self_employed,0,1,11123.79,0.64,10.3,0
46,high_school,female,mortgage,,public_sector,1,1,7903.5,0.26,6.8,0
45,master,female,own,15789.05,self_employed,0,0,44099.96,0.47,,0
33,high_school,male,rent,27077.06,salary_worker,0,1,5444.38,0.33,13.4,0
49,bachelor,female,mortgage,33620.41,salary_worker,0,0,10995.21,0.33,0.0,0
52,master,female,rent,17740.65,salary_worker,0,1,7285.54,0.46,12.4,0
70,bachelor,female,rent,32915.14,self_employed,0,0,5155.19,0.62,7.0,0
57,bachelor,male,rent,45061.33,self_employed,1,0,12685.96,0.39,4.1,0
51,bachelor,female,rent,41781.45,self_employed,0,1,2374.74,0.25,5.7,0
66,high_school,female,rent,28537.71,public_sector,0,1,6005.65,0.61,3.4,0
42,bachelor,female,rent,23370.53,salary_worker,0,0,11354.01,0.43,9.5,0
67,master,female,own,53158.36,salary_worker,0,1,15891.21,0.37,3.4,0
39,phd,male,mortgage,24512.34,public_sector,0,0,10503.21,0.52,12.3,0
27,bachelor,female,mortgage,37166.37,public_sector,1,0,5599.05,0.4,10.3,1
41,high_school,male,rent,58760.59,public_sector,0,0,7879.24,0.78,8.4,0
27,bachelor,male,rent,35449.72,public_sector,0,0,9510.97,0.34,0.0,0
26,bachelor,male,own,15542.12,student,0,0,19116.25,0.55,2.2,0
65,high_school,male,rent,13938.91,student,0,1,13444.55,0.42,7.2,0
60,high_school,male,own,21291.58,public_sector,0,1,13498.87,0.42,7.4,0
32,high_school,female,own,33499.13,salary_worker,0,0,8399.95,0.27,11.3,0
62,bachelor,male,mortgage,29737.19,salary_worker,0,1,4496.06,0.28,0.0,1
24,high_school,male,rent,65721.86,self_employed,0,0,3739.39,0.43,,0
35,high_school,male,mortgage,29607.27,salary_worker,1,0,6865.77,0.18,10.8,0
56,high_school,male,own,,salary_worker,0,0,11904.68,0.24,6.2,0
36,master,female,mortgage,14617.81,salary_worker,0,0,6148.5,0.34,5.6,0
57,high_school,female,rent,41406.65,retired,1,0,11099.95,0.56,1.1,0
64,high_school,female,mortgage,24276.7,salary_worker,0,1,5233.96,0.35,11.7,0
24,bachelor,female,mortgage,12360.2,public_sector,0,0,5697.42,0.35,5.6,0
22,high_school,female,rent,24588.09,retired,1,0,17578.04,0.15,11.9,0
68,phd,female,own,15551.59,public_sector,0,0,12354.55,0.65,13.4,0
47,master,male,mortgage,20099.76,salary_worker,0,0,6846.08,0.54,12.8,0
46,high_school,male,rent,24410.93,retired,0,0,5131.72,0.56,7.4,0
44,bachelor,male,own,16198.43,public_sector,0,0,13655.58,0.08,5.6,0
42,high_school,male,own,19546.84,salary_worker,0,0,13122.1,0.4,5.3,0
55,high_school,female,mortgage,17416.03,self_employed,0,0,11516.76,0.17,15.4,0
49,high_school,female,rent,17627.58,salary_worker,0,0,7348.08,0.48,6.7,0
29,high_school,male,own,15465.87,public_sector,0,0,4438.07,0.4,11.7,0
52,high_school,male,rent,19589.64,retired,0,0,8037.23,0.43,9.4,0
54,bachelor,male,own,16275.0,self_employed,0,1,17574.07,0.21,,0
26,high_school,male,mortgage,31696.54,student,0,0,4914.91,0.15,6.5,1
39,high_school,male,own,26645.09,salary_worker,0,1,8317.35,0.22,12.2,0
60,bachelor,male,own,41673.55,retired,0,1,19924.11,,7.6,0
51,bachelor,male,rent,56898.06,public_sector,1,1,6854.58,0.3,5.7,0
27,high_school,male,rent,33017.61,salary_worker,1,0,7554.4,0.39,4.3,0
23,high_school,female,mortgage,29801.5,retired,0,0,3855.59,0.16,8.8,0
50,high_school,female,rent,33967.24,retired,0,0,42299.72,0.34,5.4,0
44,high_school,female,mortgage,30030.38,salary_worker,0,0,5392.0,0.59,9.9,0
69,master,male,mortgage,24899.17,public_sector,1,0,3446.0,0.4,17.7,0
47,master,male,mortgage,24023.87,salary_worker,0,0,4796.03,0.41,9.6,0
67,high_school,female,rent,15371.16,salary_worker,0,0,9087.41,0.41,,0
31,high_school,female,own,,salary_worker,0,1,3398.0,0.25,4.6,0
43,bachelor,male,rent,24002.6,self_employed,0,0,3781.22,0.63,10.2,0
27,bachelor,female,mortgage,46736.63,,0,0,11021.53,0.4,12.5,0
49,high_school,male,mortgage,36746.97,salary_worker,0,1,7786.83,0.37,13.0,1
30,high_school,female,own,18367.2,,1,0,4901.55,0.46,12.6,0
45,bachelor,female,mortgage,42659.74,self_employed,0,0,6790.66,0.51,7.6,0
38,bachelor,female,rent,7689.92,public_sector,0,0,21078.18,0.12,11.1,0
30,high_school,female,own,,salary_worker,0,0,16398.62,0.35,3.4,0
25,high_school,female,mortgage,13329.03,salary_worker,0,0,7638.16,0.74,,0
46,high_school,female,rent,30418.32,public_sector,0,0,12694.2,0.64,3.7,0
68,high_school,female,mortgage,29505.66,salary_worker,0,0,8660.71,0.32,12.5,0
30,bachelor,female,mortgage,40363.15,salary_worker,0,0,3053.96,0.47,11.7,0
41,bachelor,male,mortgage,20995.98,student,0,0,2767.68,0.28,11.6,0
32,bachelor,female,mortgage,9269.8,salary_worker,0,0,4914.12,0.4,15.8,0
61,high_school,female,rent,21009.3,self_employed,0,0,3406.14,0.26,11.7,0
41,high_school,female,own,22056.82,self_employed,0,0,9408.43,0.25,2.2,0
69,master,male,rent,9680.45,salary_worker,0,1,5988.12,0.23,9.9,0
33,bachelor,male,mortgage,24845.13,public_sector,0,0,10238.71,0.64,0.0,0
25,high_school,male,rent,15000.92,salary_worker,0,0,10325.61,0.25,7.1,0
50,high_school,male,mortgage,32600.68,salary_worker,0,0,11843.27,0.55,5.8,0
53,master,female,rent,21791.26,salary_worker,0,1,4856.91,0.26,10.1,0
70,bachelor,male,rent,58835.03,self_employed,0,1,10760.31,,4.2,0
64,master,female,rent,21692.45,public_sector,0,1,4791.01,0.41,4.3,0
65,bachelor,male,mortgage,29545.19,retired,0,1,11982.91,0.11,9.5,0
52,bachelor,female,rent,22117.35,public_sector,0,1,15874.35,0.46,12.2,0
38,bachelor,female,rent,11725.59,salary_worker,1,0,12061.03,0.32,7.5,0
42,high_school,male,rent,22200.7,,0,1,7351.12,0.24,16.8,0
27,bachelor,male,rent,34167.7,public_sector,0,0,11067.0,0.2,,0
42,bachelor,male,mortgage,31917.04,salary_worker,0,0,3486.67,0.69,10.2,0
39,high_school,female,own,21333.41,salary_worker,0,0,3080.08,0.33,8.9,0
22,master,female,rent,12637.95,salary_worker,1,0,10474.91,0.33,6.1,0
31,high_school,female,rent,,salary_worker,0,0,16634.83,0.5,12.7,0
47,high_school,female,rent,29400.56,self_employed,0,0,4116.27,0.19,3.9,0
39,high_school,female,own,35579.85,salary_worker,0,1,8171.04,0.54,0.0,0
70,master,female,rent,21518.1,student,1,1,10315.21,0.33,7.0,0
44,master,male,rent,11407.56,self_employed,0,0,5779.06,0.09,6.5,0
68,bachelor,female,rent,30951.97,salary_worker,1,1,6723.33,0.24,11.8,0
54,phd,male,rent,24243.06,student,0,0,11353.53,0.14,2.5,0
23,master,male,mortgage,45535.96,self_employed,1,0,8599.87,0.35,9.6,0
31,master,male,rent,24659.8,salary_worker,1,0,8620.57,0.2,9.1,0
56,master,female,mortgage,23850.01,salary_worker,0,0,4720.81,0.18,8.8,0
48,high_school,female,own,29371.04,public_sector,1,1,7965.44,0.39,11.7,0
36,bachelor,female,mortgage,,self_employed,1,0,6510.34,0.35,7.4,0
47,bachelor,male,rent,18209.32,self_employed,1,0,6704.87,0.56,7.7,0
66,bachelor,female,mortgage,23293.91,retired,0,1,6016.3,0.55,9.3,0
40,high_school,female,mortgage,16087.81,public_sector,0,0,7982.41,0.35,7.1,0
23,bachelor,male,mortgage,21958.44,retired,0,0,5026.34,0.43,2.1,0
36,phd,male,mortgage,58267.67,public_sector,0,0,8157.14,0.09,5.9,0
67,high_school,male,rent,38916.95,public_sector,0,1,6629.16,0.47,6.5,0
59,phd,female,mortgage,27962.43,salary_worker,0,0,4852.98,0.41,5.3,0
62,high_school,male,mortgage,48935.32,self_employed,1,0,2774.64,0.51,6.2,0
66,high_school,female,rent,16794.33,salary_worker,0,0,13644.7,0.28,8.2,0
26,high_school,female,rent,,self_employed,0,0,12215.62,0.29,6.4,0
35,master,male,mortgage,19786.87,salary_worker,0,1,5204.77,0.29,10.9,0
23,bachelor,male,rent,59976.77,self_employed,0,0,11788.94,0.6,11.0,0
21,high_school,male,mortgage,59858.06,salary_worker,0,0,4611.77,0.39,0.0,0
62,bachelor,female,own,11059.52,self_employed,0,1,25571.74,0.07,1.8,0
67,high_school,female,mortgage,47107.69,salary_worker,0,1,6053.22,0.46,0.0,0
28,bachelor,male,rent,21423.44,retired,0,0,6955.76,0.26,6.4,0
57,master,male,mortgage,18852.75,salary_worker,0,0,11561.07,0.54,6.2,0
47,bachelor,female,own,30825.18,,0,0,6496.18,0.44,8.1,0
24,master,female,mortgage,15466.6,self_employed,0,0,6722.39,0.56,10.9,0
66,bachelor,male,rent,30512.71,salary_worker,0,1,12194.92,0.53,7.3,0
64,phd,male,rent,15940.89,public_sector,0,0,8382.82,0.51,5.1,0
49,high_school,female,rent,26362.18,retired,1,1,5851.87,0.54,7.5,0
56,high_school,male,rent,44396.38,public_sector,0,0,9249.76,,5.5,0
40,high_school,male,mortgage,28967.6,student,0,1,13988.13,0.22,1.6,1
60,bachelor,female,rent,20704.24,salary_worker,0,0,14483.34,0.13,11.3,0
43,bachelor,male,rent,31058.72,retired,0,0,3910.63,0.19,9.2,0
70,bachelor,male,mortgage,12927.14,retired,0,1,4019.85,0.47,13.3,0
24,high_school,male,rent,,public_sector,0,0,14037.62,0.01,2.6,0
29,high_school,male,rent,20057.9,public_sector,0,0,6917.88,0.34,1.0,0
69,bachelor,male,mortgage,34685.69,public_sector,0,1,2416.31,0.29,3.8,0
35,phd,male,own,29220.02,self_employed,0,0,5423.81,0.56,9.1,0
36,high_school,female,mortgage,30971.57,self_employed,0,0,6364.73,0.32,10.9,0
60,high_school,male,own,24044.89,salary_worker,0,0,6823.22,0.27,8.6,0
30,high_school,female,rent,17074.73,public_sector,0,1,12341.35,0.58,8.1,0
46,bachelor,female,own,47555.49,salary_worker,0,1,4860.8,0.32,10.9,0
35,high_school,male,mortgage,17782.91,,1,0,13555.43,0.29,5.7,0
30,high_school,male,own,29394.64,self_employed,0,0,9478.89,0.25,,0
69,bachelor,male,mortgage,23145.44,salary_worker,0,1,3993.42,0.39,15.4,0
30,high_school,male,own,31361.83,salary_worker,0,0,6797.36,0.28,3.2,0
25,high_school,male,own,18537.13,salary_worker,0,0,10636.71,0.28,6.5,0
54,high_school,female,mortgage,39093.24,public_sector,1,1,8281.33,0.6,1.9,0
64,master,male,rent,45262.09,salary_worker,0,1,9980.97,0.35,3.6,0
27,high_school,male,own,38028.66,salary_worker,0,0,5865.96,0.26,9.1,0
56,high_school,female,rent,26132.41,salary_worker,0,0,10994.19,0.16,0.8,0
48,high_school,male,mortgage,20014.13,salary_worker,0,0,6508.38,0.38,,0
62,bachelor,male,own,86677.56,salary_worker,0,1,32872.48,0.24,11.7,0
27,master,female,rent,15580.4,salary_worker,0,0,3921.78,0.27,8.4,0
69,high_school,male,rent,36190.55,public_sector,0,1,35734.54,0.19,10.6,0
51,high_school,female,mortgage,28275.56,public_sector,0,1,4802.39,0.38,2.3,1
63,high_school,female,rent,23667.5,student,0,0,16304.13,0.11,7.8,0
39,bachelor,female,rent,26458.25,salary_worker,1,0,12773.05,0.41,15.0,0
68,master,female,rent,19349.14,salary_worker,0,1,4913.49,0.24,,0
52,bachelor,female,own,29500.87,salary_worker,0,1,11267.86,0.47,5.5,0
27,high_school,male,rent,28073.21,self_employed,1,0,6169.08,0.43,9.8,0
67,master,female,mortgage,81222.21,salary_worker,0,0,9425.44,0.36,3.9,0
60,bachelor,male,mortgage,39413.75,salary_worker,0,1,8789.62,0.49,10.4,0
36,,male,rent,30703.97,self_employed,0,1,6686.73,,0.3,1
48,high_school,female,own,,salary_worker,0,1,6387.92,0.57,,0
40,high_school,female,rent,55703.15,self_employed,1,0,9773.99,0.1,8.8,0
48,master,male,rent,15729.73,,1,0,4929.03,0.23,3.6,0
69,bachelor,male,own,22421.38,public_sector,0,1,5032.38,0.25,5.2,0
65,bachelor,male,rent,10319.47,salary_worker,1,0,13701.18,0.45,11.0,0
31,master,female,mortgage,31302.34,salary_worker,0,0,10255.94,0.25,10.0,0
69,high_school,male,own,35656.2,self_employed,0,1,3949.46,0.24,2.6,0
42,high_school,male,rent,15552.55,salary_worker,0,1,4666.65,0.21,9.6,0
56,high_school,male,mortgage,46433.94,,0,0,2502.18,0.39,6.3,0
59,master,female,own,17614.96,salary_worker,0,1,13364.13,0.45,9.2,1
45,bachelor,male,rent,20866.27,salary_worker,0,1,11833.82,0.12,,0
43,high_school,female,own,25688.65,salary_worker,1,0,4452.33,0.25,1.5,0
43,high_school,male,mortgage,49880.65,public_sector,0,1,11583.16,0.01,4.6,0
64,bachelor,male,own,16544.53,public_sector,1,1,24149.66,0.01,0.0,0
40,bachelor,male,own,27751.94,salary_worker,0,0,10973.61,0.43,8.2,0
34,bachelor,female,own,34498.7,self_employed,0,0,5777.32,0.4,9.1,0
39,high_school,male,rent,31439.22,student,0,1,3433.53,0.37,4.7,0
30,master,female,rent,31966.08,salary_worker,0,0,13652.79,0.63,7.0,0
40,bachelor,male,own,34292.27,public_sector,0,0,7686.1,0.04,3.6,0
26,bachelor,male,mortgage,18965.46,salary_worker,0,0,6509.66,0.01,12.5,0
25,,male,mortgage,52026.11,retired,0,0,9182.73,0.14,2.4,0
57,master,female,rent,23155.39,salary_worker,0,1,5965.13,0.01,6.3,0
24,master,male,own,21813.15,salary_worker,0,0,6497.04,0.23,2.3,0
49,bachelor,male,rent,44642.05,student,0,1,9424.98,0.44,8.4,0
59,high_school,male,rent,18329.09,public_sector,0,1,5793.3,0.39,11.7,0
57,high_school,male,mortgage,28116.87,salary_worker,0,1,6260.77,0.52,0.0,0
43,,male,rent,17583.64,public_sector,0,0,7434.7,0.41,10.1,0
30,bachelor,male,mortgage,75633.62,retired,0,0,8520.56,0.27,14.0,0
67,high_school,male,own,68795.56,self_employed,1,1,11281.33,0.25,8.0,0
62,high_school,female,mortgage,23164.86,salary_worker,0,1,11167.64,0.42,4.8,0
51,master,male,mortgage,30758.93,salary_worker,0,0,3551.86,0.06,7.3,0
25,master,female,mortgage,24400.04,student,0,0,17577.47,0.01,5.3,0
22,phd,female,mortgage,20808.78,salary_worker,0,0,8370.88,0.41,15.4,0
36,bachelor,male,mortgage,25689.41,salary_worker,0,0,6751.95,0.38,10.8,0
28,master,female,own,23902.29,salary_worker,0,0,4929.79,0.62,11.1,0
64,master,male,rent,12279.66,salary_worker,0,0,24198.4,0.47,16.1,0
31,high_school,male,rent,27401.7,self_employed,0,0,29670.98,0.4,12.9,0
35,high_school,female,mortgage,23884.1,salary_worker,0,1,22615.69,0.28,7.0,0
69,phd,female,rent,,salary_worker,0,0,8662.67,0.19,7.6,0
61,high_school,female,mortgage,23508.49,salary_worker,0,1,9791.38,0.29,,0
31,bachelor,female,rent,20699.14,salary_worker,0,0,18399.34,0.51,4.5,0
40,bachelor,male,mortgage,36087.78,salary_worker,0,0,7098.13,0.42,6.8,0
46,bachelor,male,rent,30943.26,salary_worker,0,0,10913.07,0.51,3.4,0
54,high_school,male,mortgage,45625.47,public_sector,0,0,9181.73,0.36,0.2,0
67,bachelor,female,rent,30413.09,salary_worker,1,0,23279.36,0.18,4.0,0
64,high_school,male,own,22271.81,salary_worker,0,1,17853.95,0.55,4.1,0
69,master,female,mortgage,,self_employed,0,1,7510.94,0.53,5.0,0
23,high_school,male,rent,9983.85,public_sector,0,0,18746.79,0.37,9.9,0
32,,male,rent,62733.82,public_sector,0,0,8085.98,0.44,7.5,0
49,master,female,mortgage,27542.1,student,1,0,6001.85,0.43,11.5,0
23,high_school,male,mortgage,65056.09,salary_worker,1,0,6926.19,0.26,8.1,0
38,high_school,male,rent,16461.75,salary_worker,0,0,8787.42,0.29,8.2,0
28,master,female,own,14721.43,salary_worker,0,0,5261.77,0.18,6.3,0
67,high_school,male,rent,28699.21,salary_worker,0,1,6095.52,0.29,15.3,0
24,high_school,male,rent,28656.65,student,0,0,3663.37,0.53,5.8,1
28,bachelor,female,own,28345.12,self_employed,0,0,5154.55,0.49,11.2,0
30,master,female,rent,26466.15,public_sector,0,0,9218.81,0.44,2.8,0
28,bachelor,male,own,18349.31,student,0,0,14374.0,0.51,6.5,0
49,high_school,male,rent,12476.35,retired,0,1,13396.08,0.27,15.5,0
39,phd,male,mortgage,27651.02,salary_worker,0,0,10264.14,0.13,10.2,0
66,bachelor,male,own,13668.29,retired,0,0,3494.34,0.31,1.9,1
34,bachelor,male,rent,13099.73,salary_worker,0,0,5046.49,0.33,3.4,0
47,high_school,female,mortgage,20510.98,salary_worker,0,0,7269.24,0.46,13.9,0
54,high_school,female,mortgage,29548.74,self_employed,0,0,13760.51,0.43,7.9,1
52,high_school,female,rent,59545.24,retired,0,0,5965.39,0.52,6.4,0
60,bachelor,male,mortgage,37822.77,public_sector,0,0,4142.83,0.01,4.4,0
31,high_school,male,rent,46395.04,salary_worker,0,0,17971.79,0.2,6.2,0
46,bachelor,male,rent,32667.88,retired,0,0,5408.82,0.32,13.2,0
61,high_school,female,own,28712.39,self_employed,0,1,4357.58,0.43,4.7,0
64,high_school,male,rent,75177.38,public_sector,1,1,9182.31,0.72,5.1,0
51,high_school,male,mortgage,13422.87,salary_worker,1,1,7882.96,0.16,9.9,0
53,bachelor,female,own,20212.29,salary_worker,0,1,6154.45,0.21,3.3,0
64,bachelor,female,mortgage,20934.82,salary_worker,0,1,8104.72,0.26,3.8,0
52,high_school,male,rent,36391.87,retired,0,0,4869.43,0.21,7.5,0
68,high_school,male,rent,15670.74,student,0,1,6115.8,0.18,7.6,0
27,high_school,male,own,34322.05,salary_worker,0,1,7943.66,0.35,4.3,0
38,master,female,rent,31597.79,,0,0,2644.61,0.52,9.4,0
26,high_school,male,mortgage,35101.75,salary_worker,0,0,13701.85,,8.4,0
25,master,female,mortgage,34816.63,public_sector,0,0,3808.16,0.19,0.0,0
44,high_school,female,mortgage,,self_employed,0,1,4834.96,0.3,10.6,0
32,high_school,male,mortgage,,self_employed,1,0,14045.88,0.15,5.2,0
41,bachelor,female,rent,30901.84,salary_worker,0,1,11082.49,0.52,10.7,0
42,bachelor,male,rent,17475.46,salary_worker,0,0,8501.75,0.6,15.8,0
52,high_school,female,own,15769.65,retired,0,1,3166.86,0.05,7.2,0
68,phd,female,mortgage,53861.59,self_employed,1,1,5807.33,0.38,4.9,0
63,high_school,female,rent,,salary_worker,1,0,7194.8,,13.0,0
39,high_school,male,rent,32486.84,salary_worker,0,0,7488.06,0.35,4.1,0
37,high_school,female,mortgage,30914.15,salary_worker,1,1,15180.7,0.32,15.1,0
59,bachelor,female,rent,41305.11,salary_worker,1,1,24266.73,0.1,5.6,1
27,master,female,own,11542.71,salary_worker,1,0,11363.59,0.56,5.0,0
48,high_school,female,rent,36353.4,public_sector,0,0,6039.55,0.31,17.0,0
42,master,male,own,23715.53,salary_worker,0,0,15802.56,0.26,9.0,0
30,bachelor,male,own,,,0,0,5859.01,0.36,14.0,0
51,phd,female,mortgage,21744.85,self_employed,0,1,1914.03,0.18,7.4,0
37,master,male,mortgage,38814.41,salary_worker,0,0,4075.53,0.31,7.1,0
30,master,female,rent,33828.48,self_employed,0,0,2198.31,0.01,0.0,0
53,bachelor,male,mortgage,22981.26,,1,1,6560.97,0.01,11.5,0
29,high_school,female,mortgage,14579.94,salary_worker,0,0,7346.24,0.17,9.0,0
54,bachelor,male,mortgage,15050.33,public_sector,0,1,3374.6,0.24,7.1,0
29,bachelor,female,mortgage,34161.81,salary_worker,0,0,5065.65,0.02,9.9,0
42,bachelor,male,mortgage,13698.15,salary_worker,0,0,3697.84,0.25,7.7,0
61,bachelor,female,rent,23082.51,salary_worker,0,0,7556.39,0.24,3.7,0
32,high_school,male,own,81347.26,public_sector,0,0,5067.4,0.33,9.0,0
59,master,female,own,29935.56,salary_worker,0,0,14121.68,0.45,6.7,0
57,high_school,male,own,33996.48,public_sector,0,0,8895.73,0.65,10.5,0
66,phd,male,mortgage,15101.27,salary_worker,0,1,91880.78,0.42,,0
29,high_school,female,own,14012.63,self_employed,0,0,6309.93,0.16,5.6,0
56,high_school,female,rent,34826.01,salary_worker,0,1,26354.69,0.46,5.3,1
67,master,female,mortgage,,salary_worker,0,0,8114.32,0.59,4.0,0
59,master,male,mortgage,41279.85,self_employed,1,0,6059.27,0.14,5.4,0
30,bachelor,male,rent,25962.54,salary_worker,0,0,30479.35,0.15,9.2,0
62,phd,male,mortgage,120615.52,salary_worker,1,0,2964.08,0.08,4.5,0
26,high_school,female,own,19681.93,self_employed,0,0,5979.11,0.24,2.8,0
50,master,male,own,29001.68,public_sector,0,1,3242.9,0.41,10.7,0
45,high_school,female,own,17028.34,public_sector,0,1,2948.2,0.61,,0
47,bachelor,female,mortgage,40515.34,salary_worker,0,0,2599.5,0.5,10.6,0
46,bachelor,female,rent,31046.17,salary_worker,0,1,11375.49,0.41,6.6,0
22,high_school,female,rent,16522.27,salary_worker,0,0,3901.13,0.35,5.2,1
46,bachelor,male,mortgage,22075.46,salary_worker,0,0,7043.59,0.41,0.5,0
67,bachelor,male,mortgage,47208.33,salary_worker,0,0,13234.12,0.42,3.0,0
42,high_school,female,rent,44724.16,salary_worker,0,0,10455.04,0.57,4.0,0
34,master,female,rent,13474.06,salary_worker,0,0,10174.66,0.34,8.6,0
70,bachelor,male,mortgage,20646.76,self_employed,0,1,15797.42,0.39,7.1,0
25,high_school,male,mortgage,57793.32,salary_worker,1,0,19637.31,0.27,3.4,0
45,bachelor,female,own,23618.13,salary_worker,1,1,4070.6,0.36,0.0,0
46,high_school,female,own,27654.4,salary_worker,0,1,42476.75,0.29,9.4,0
44,,male,own,40421.59,salary_worker,0,1,6976.35,0.13,11.0,0
67,bachelor,male,mortgage,,public_sector,1,0,7475.07,0.5,11.4,0
42,high_school,male,own,16682.84,salary_worker,0,0,3528.71,0.61,3.6,0
69,high_school,female,mortgage,22011.83,salary_worker,0,0,6047.67,0.33,11.6,0
24,bachelor,male,rent,43786.49,retired,0,0,6422.03,0.4,9.8,0
57,high_school,female,mortgage,40291.44,salary_worker,0,0,17794.41,0.5,9.7,0
50,master,male,rent,35203.29,salary_worker,0,0,4292.32,0.31,5.1,0
33,master,female,mortgage,23917.8,public_sector,0,0,2182.01,0.37,7.0,0
32,high_school,female,rent,42332.33,public_sector,0,0,8075.94,0.3,14.8,0
56,bachelor,female,rent,23773.09,student,0,1,4059.35,0.24,14.2,0
52,high_school,female,rent,33027.16,retired,0,1,7504.31,0.43,7.3,0
51,bachelor,female,rent,38384.83,public_sector,0,0,11654.13,0.43,8.3,0
23,high_school,male,own,54642.6,salary_worker,0,0,7670.23,0.51,0.0,0
50,phd,male,mortgage,24826.18,self_employed,0,0,6392.08,0.34,12.3,0
70,high_school,male,mortgage,21629.76,salary_worker,0,1,7434.54,0.12,10.5,0
21,bachelor,female,own,45605.51,self_employed,1,0,12914.03,0.54,8.9,0
44,high_school,female,own,47208.71,retired,0,1,4293.82,0.21,5.1,0
45,high_school,male,rent,19939.97,salary_worker,0,0,12096.42,0.2,7.8,0
65,bachelor,female,mortgage,15486.67,retired,0,0,4663.67,0.24,13.4,0
35,bachelor,female,rent,44071.36,self_employed,0,1,11283.97,0.03,8.9,0
44,phd,male,rent,12163.84,salary_worker,1,1,3467.89,0.3,18.0,0
56,high_school,male,rent,11887.46,retired,1,0,10920.32,0.45,10.7,0
24,high_school,female,rent,22567.52,self_employed,0,0,7661.56,0.26,3.8,0
61,high_school,male,own,25491.44,salary_worker,0,1,8545.03,0.58,5.9,0
62,high_school,male,rent,15108.63,self_employed,0,1,13731.1,0.57,4.7,0
56,master,female,rent,26898.85,salary_worker,0,1,5158.48,0.5,10.9,0
53,master,male,mortgage,27444.24,salary_worker,0,0,7992.2,0.01,12.1,0
58,master,female,rent,19610.6,public_sector,0,0,9574.09,0.6,14.4,0
60,high_school,female,own,60782.6,retired,0,0,6874.29,0.3,6.2,0
66,high_school,male,own,29536.81,public_sector,0,0,12018.88,0.64,9.4,0
42,bachelor,male,mortgage,40449.92,retired,1,1,9714.76,0.23,12.6,0
43,high_school,female,mortgage,12641.04,retired,0,0,5890.16,0.31,13.7,0
52,bachelor,female,rent,12592.05,salary_worker,0,0,16210.31,0.36,2.6,1
30,high_school,male,mortgage,29942.32,public_sector,0,0,11037.38,0.17,10.0,0
63,high_school,female,own,56088.49,public_sector,0,1,5097.92,0.05,2.7,0
59,master,male,rent,,salary_worker,1,1,5069.88,0.01,5.1,0
52,high_school,male,mortgage,25965.38,salary_worker,0,1,7181.53,0.87,2.3,0
36,phd,female,mortgage,13963.56,public_sector,0,0,10364.2,0.04,5.0,0
38,high_school,male,rent,17617.0,student,0,0,2398.52,0.04,1.7,0
42,high_school,male,own,26553.06,student,0,0,5217.22,0.44,2.8,0
54,high_school,male,rent,19503.03,self_employed,0,1,5898.11,0.08,3.9,0
59,high_school,female,own,13527.96,public_sector,0,1,3674.93,0.05,8.7,0
54,bachelor,female,mortgage,13392.32,self_employed,0,1,4619.44,0.01,7.6,0
67,high_school,female,own,10418.06,retired,1,1,8738.69,0.39,0.9,1
69,bachelor,male,mortgage,30165.76,public_sector,0,0,6192.53,0.15,18.5,0
56,master,male,rent,31853.78,retired,0,0,6466.05,0.46,5.5,0
39,high_school,male,mortgage,31781.8,student,0,0,3796.17,0.33,2.2,0
50,high_school,male,mortgage,16169.32,salary_worker,1,1,7205.25,0.36,9.8,0
42,high_school,female,mortgage,38279.82,student,0,0,3543.13,0.26,7.5,0
52,master,female,rent,33458.14,public_sector,1,0,18078.28,0.29,4.2,0
61,bachelor,male,rent,24423.05,salary_worker,0,1,21138.06,0.18,9.1,0
39,high_school,male,rent,,salary_worker,0,0,6246.39,,4.8,0
46,bachelor,male,own,18176.74,public_sector,0,1,4370.61,0.14,6.3,0
23,bachelor,female,mortgage,26541.71,salary_worker,0,0,12965.29,0.61,13.4,0
57,high_school,female,own,50400.76,salary_worker,0,0,11223.89,0.27,8.0,0
45,high_school,male,rent,40620.8,self_employed,1,0,22722.48,0.01,10.0,0
43,phd,female,rent,21692.14,salary_worker,0,1,26307.06,0.39,5.4,0
47,high_school,female,own,31019.76,salary_worker,0,0,2657.8,0.2,8.1,0
31,high_school,male,own,14829.24,public_sector,0,0,15325.34,0.33,4.4,0
50,high_school,male,rent,33810.62,salary_worker,0,1,7169.71,0.29,4.2,0
58,,male,mortgage,16749.34,self_employed,0,0,27836.93,0.61,5.9,0
38,bachelor,male,rent,33210.29,salary_worker,0,1,12429.36,0.27,4.7,0
27,high_school,male,own,92603.52,retired,1,1,12145.97,0.49,11.7,0
40,bachelor,female,own,18835.42,salary_worker,0,0,14047.55,0.47,9.8,0
30,bachelor,male,rent,90695.36,public_sector,0,1,5954.2,0.09,0.0,0
39,high_school,male,own,,public_sector,0,1,4797.81,0.37,14.4,0
52,master,female,mortgage,17372.93,retired,0,1,15565.34,0.2,10.1,0
26,high_school,male,own,17018.3,self_employed,0,0,5016.81,0.12,12.1,0
58,high_school,male,mortgage,70560.8,self_employed,0,1,22556.29,0.12,6.8,0
32,phd,female,own,30389.27,salary_worker,0,0,5321.94,0.49,1.5,0
65,master,male,rent,18868.16,self_employed,1,1,6571.78,0.82,2.2,0
57,high_school,male,mortgage,22213.22,self_employed,1,0,7297.41,0.2,14.3,0
34,master,female,mortgage,29550.3,self_employed,0,1,3471.76,0.38,1.0,0
49,bachelor,female,rent,24247.67,salary_worker,1,1,3477.27,0.4,1.7,0
26,high_school,male,mortgage,28442.92,self_employed,0,0,13381.37,0.24,5.8,0
25,master,female,mortgage,54074.87,salary_worker,0,0,3146.29,0.59,2.0,0
68,bachelor,female,rent,14653.19,,1,1,32396.79,0.74,9.6,0
61,high_school,male,own,32535.39,public_sector,1,1,7694.27,0.23,9.9,0
28,bachelor,male,rent,23557.42,salary_worker,0,0,4600.23,0.65,9.2,1
35,,male,own,19446.64,self_employed,0,1,10209.97,0.24,5.0,0
30,high_school,male,mortgage,,salary_worker,0,0,2092.16,0.17,8.7,0
40,phd,male,own,12611.43,public_sector,0,1,6744.87,0.31,14.6,0
35,bachelor,female,own,8392.59,public_sector,0,0,7237.73,0.5,1.8,0
37,bachelor,female,rent,26931.18,salary_worker,0,0,4038.33,0.32,12.0,0
47,bachelor,male,own,22875.44,salary_worker,0,0,5724.56,0.47,10.7,0
30,bachelor,female,mortgage,13242.93,public_sector,0,0,18756.82,0.38,7.1,0
65,high_school,male,rent,11273.97,,0,0,8962.35,0.58,,0
57,phd,male,own,58034.04,salary_worker,0,1,10094.11,0.44,8.9,0
59,bachelor,female,own,29982.13,salary_worker,0,1,5256.63,0.62,3.6,0
29,bachelor,male,mortgage,24559.17,salary_worker,0,1,3913.28,0.19,1.0,0
56,bachelor,male,mortgage,65372.71,public_sector,0,1,7096.93,0.3,11.1,0
62,high_school,male,mortgage,38558.36,salary_worker,0,1,2097.09,0.34,2.5,0
29,high_school,female,own,53969.51,public_sector,0,1,4432.65,0.19,3.1,0
58,high_school,male,own,14314.39,public_sector,1,0,4068.89,0.16,5.4,0
38,high_school,female,mortgage,14075.25,retired,0,0,2640.38,0.41,8.6,0
60,bachelor,male,mortgage,32134.45,student,0,1,11580.4,0.46,,0
44,master,male,own,29334.65,self_employed,0,0,7541.84,0.36,4.6,0
61,high_school,female,mortgage,42716.82,public_sector,0,1,5762.82,0.53,11.3,0
28,high_school,female,rent,11685.98,public_sector,0,0,11720.08,0.14,6.2,0
40,bachelor,male,rent,33410.28,retired,0,0,3280.17,0.27,4.3,0
34,high_school,male,mortgage,37993.52,self_employed,0,0,3870.08,0.13,9.1,0
33,master,female,rent,37096.48,salary_worker,1,0,14980.87,0.37,7.7,0
36,high_school,male,mortgage,20271.83,student,0,0,28417.88,0.43,7.6,0
40,high_school,male,own,30741.75,salary_worker,0,0,11805.54,0.58,9.3,0
27,high_school,female,mortgage,17170.61,student,0,0,10502.46,0.13,7.0,0
56,master,male,own,21336.49,salary_worker,0,0,5883.92,0.41,10.9,0
48,high_school,female,mortgage,15224.76,,0,0,5958.8,,1.8,0
62,bachelor,female,mortgage,17302.4,student,0,1,9181.98,0.16,12.5,0
56,high_school,male,own,21841.5,public_sector,1,0,17241.84,0.12,3.8,0
28,high_school,female,own,19517.73,self_employed,0,0,10245.55,0.07,1.0,0
24,master,male,rent,17301.42,,0,0,13723.66,0.45,4.3,0
42,high_school,male,rent,,salary_worker,0,0,4895.51,0.21,6.1,0
45,high_school,male,mortgage,58835.05,salary_worker,0,0,11376.54,0.43,4.6,0
33,bachelor,female,rent,19433.36,self_employed,1,0,5601.34,0.3,3.6,0
60,master,female,mortgage,28239.71,salary_worker,0,1,8752.4,0.66,11.5,0
50,high_school,male,own,11030.98,salary_worker,0,1,11369.63,0.48,4.0,0
58,high_school,male,rent,44843.87,salary_worker,0,1,6050.05,0.2,0.0,0
26,phd,male,mortgage,26244.78,student,0,0,4631.37,0.29,6.1,0
61,bachelor,female,rent,19935.48,retired,0,0,9891.47,0.48,15.7,0
31,master,female,own,20013.98,salary_worker,0,0,7524.17,0.15,3.2,0
43,bachelor,female,own,35998.57,student,1,1,8733.06,0.55,3.9,0
42,bachelor,male,rent,6445.3,self_employed,0,0,11631.0,0.29,5.9,0
62,high_school,female,rent,16799.64,salary_worker,0,1,16630.73,0.49,13.7,0
34,high_school,male,mortgage,23072.86,salary_worker,0,0,11670.22,0.3,,0
33,bachelor,female,rent,22953.48,retired,0,0,10857.02,0.25,3.4,0
37,bachelor,female,mortgage,75161.2,salary_worker,0,0,6153.6,0.22,9.0,0
39,phd,male,own,20912.09,salary_worker,0,1,6695.81,0.65,8.7,0
30,bachelor,male,rent,38009.91,student,1,0,10404.32,0.29,9.4,0
29,high_school,male,rent,55008.65,public_sector,0,0,6635.66,0.89,3.3,0
32,bachelor,female,rent,32918.05,public_sector,0,0,10380.64,0.37,5.2,0
44,bachelor,male,mortgage,17975.82,public_sector,0,0,5174.05,0.19,12.0,0
38,bachelor,female,own,13656.63,public_sector,0,0,23415.24,0.05,9.1,0
40,master,male,rent,34045.02,salary_worker,0,1,9013.9,0.56,10.7,0
56,bachelor,male,own,51034.71,public_sector,0,1,8694.13,,7.3,0
33,high_school,female,own,31122.41,salary_worker,0,0,6214.04,0.49,11.7,0
66,bachelor,male,own,42406.28,salary_worker,0,0,23205.89,0.76,8.7,0
58,bachelor,female,rent,78149.28,student,1,1,4067.12,0.46,5.4,0
29,master,female,rent,35483.33,salary_worker,0,0,5504.61,0.4,10.5,0
36,high_school,female,own,14834.57,salary_worker,0,0,12958.09,0.56,4.0,0
30,bachelor,female,mortgage,24908.82,salary_worker,1,0,9244.75,0.48,13.7,0
34,bachelor,male,mortgage,45098.16,retired,0,0,5900.41,0.11,11.5,0
39,bachelor,male,rent,21764.8,student,0,1,5994.23,0.58,6.3,0
27,high_school,male,rent,47933.39,salary_worker,0,0,6905.06,0.33,6.8,0
21,master,male,mortgage,23620.69,salary_worker,0,0,8571.32,0.62,8.0,1
42,master,male,rent,28295.45,public_sector,0,0,19043.8,0.43,6.8,0
56,bachelor,female,own,20788.73,public_sector,0,1,11303.18,0.55,12.8,0
36,bachelor,female,own,26154.89,salary_worker,0,0,14226.11,0.3,5.3,1
64,high_school,female,rent,26785.11,salary_worker,0,0,6381.44,0.07,1.5,0
39,bachelor,male,own,11803.56,,0,0,10760.65,0.44,6.5,0
66,bachelor,male,rent,19955.96,salary_worker,0,1,3445.64,0.52,10.5,0
32,bachelor,male,own,13975.43,public_sector,0,0,8956.86,0.24,11.6,0
47,high_school,female,rent,20268.05,salary_worker,0,0,8646.23,0.3,8.0,0
59,bachelor,female,own,17020.54,public_sector,0,1,22065.69,0.01,5.0,0
23,high_school,male,own,38381.07,public_sector,0,0,19085.26,0.31,7.3,0
67,bachelor,female,rent,38581.57,public_sector,0,0,7029.41,0.11,4.9,0
39,bachelor,male,own,31323.77,public_sector,0,0,5169.72,0.43,0.0,0
45,high_school,female,mortgage,13760.51,salary_worker,0,0,5248.35,0.4,4.1,0
52,bachelor,female,mortgage,23291.4,salary_worker,0,1,6890.82,0.34,9.5,0
53,master,male,rent,13276.67,self_employed,0,0,16580.08,0.58,6.4,0
22,bachelor,male,rent,22781.82,public_sector,0,0,10180.19,0.38,6.3,0
64,high_school,male,rent,32576.27,retired,0,0,10774.15,0.37,11.9,0
52,bachelor,male,mortgage,38042.03,salary_worker,0,0,12659.51,0.4,3.6,0
70,high_school,female,own,30115.04,public_sector,0,0,4690.12,0.24,4.0,0
44,bachelor,male,rent,42886.49,salary_worker,0,0,5486.34,0.52,8.8,0
51,bachelor,male,mortgage,27361.45,salary_worker,0,0,10787.34,0.18,4.7,0
43,high_school,male,rent,21914.37,salary_worker,0,1,5279.53,0.42,4.6,0
65,bachelor,male,own,36067.49,,0,0,3499.85,0.56,13.7,0
62,bachelor,female,own,36604.05,self_employed,0,1,4467.48,0.16,3.2,0
66,master,female,own,19228.0,self_employed,0,1,14470.95,0.1,4.6,0
46,high_school,male,mortgage,28869.53,public_sector,0,1,6596.24,0.15,9.3,0
60,high_school,male,rent,21323.37,salary_worker,0,0,9174.82,0.67,7.3,0
38,bachelor,female,own,9858.92,salary_worker,0,0,4592.18,0.23,2.0,0
44,high_school,female,own,29674.64,salary_worker,0,0,9983.33,0.12,14.6,0
59,bachelor,male,rent,13595.1,salary_worker,0,0,6986.43,0.41,4.3,0
25,high_school,male,mortgage,28217.59,salary_worker,0,0,10356.91,0.01,6.5,0
56,high_school,male,mortgage,12199.04,salary_worker,0,1,6230.21,0.17,9.2,0
21,bachelor,female,mortgage,,public_sector,0,0,10693.12,0.59,16.1,0
50,high_school,male,mortgage,20027.88,public_sector,0,0,6064.11,0.17,5.9,0
44,bachelor,male,rent,41805.21,,1,1,7752.9,0.29,3.8,0
44,high_school,male,own,19147.32,salary_worker,1,1,6978.41,0.39,9.5,0
45,bachelor,female,own,15006.87,self_employed,0,0,8220.86,0.39,15.9,0
45,high_school,male,rent,28680.0,,0,0,9447.31,0.24,8.0,0
41,master,male,own,22078.55,salary_worker,0,0,6172.15,0.44,6.4,0
43,master,male,own,34743.66,self_employed,0,1,7587.14,0.6,9.1,0
49,high_school,male,rent,15439.03,salary_worker,0,1,8978.32,0.15,0.0,0
59,bachelor,male,mortgage,26765.91,public_sector,0,0,10713.16,0.25,5.0,0
48,high_school,female,rent,73961.88,public_sector,0,1,7770.99,0.32,0.2,0
53,bachelor,male,own,21858.05,salary_worker,0,1,4974.7,0.47,6.1,0
62,high_school,male,mortgage,26476.92,retired,0,1,8497.69,0.35,5.4,0
70,bachelor,female,own,11527.97,salary_worker,0,1,11715.75,0.32,0.0,0
26,,female,rent,16583.43,student,1,0,3892.39,0.06,8.2,0
56,,male,own,29937.71,self_employed,0,1,3917.44,0.14,10.0,0
32,bachelor,female,mortgage,20984.64,salary_worker,0,1,5629.54,0.37,6.7,0
30,bachelor,male,mortgage,32096.26,salary_worker,0,0,7289.71,0.25,1.4,0
60,high_school,female,rent,29472.78,salary_worker,0,1,2420.42,0.28,12.6,0
24,high_school,female,rent,13452.05,public_sector,0,0,11111.65,,15.1,0
63,high_school,female,own,38441.31,salary_worker,0,1,7329.1,0.76,9.1,0
59,master,male,rent,13915.96,public_sector,1,1,2223.63,0.25,6.1,0
70,master,male,mortgage,17253.76,salary_worker,1,1,4392.95,0.59,6.1,0
54,high_school,female,mortgage,26991.26,student,0,0,6868.35,0.58,9.2,0
64,bachelor,female,mortgage,49274.42,salary_worker,0,1,3056.74,0.48,7.9,0
26,high_school,female,mortgage,15494.74,public_sector,0,0,13818.36,0.19,,0
65,high_school,male,own,26015.77,public_sector,1,1,8980.03,0.36,9.3,0
29,,male,mortgage,26113.54,salary_worker,0,0,11766.41,0.27,4.5,0
36,high_school,male,own,32722.3,salary_worker,0,1,4601.04,0.7,4.2,0
27,high_school,female,rent,41473.66,self_employed,0,0,10160.42,0.41,6.4,1
41,bachelor,male,mortgage,20295.74,public_sector,0,0,5634.4,0.3,9.4,1
58,high_school,female,mortgage,38381.55,public_sector,0,0,7289.15,0.66,1.3,0
34,master,female,mortgage,44295.78,salary_worker,0,1,9838.48,0.28,6.6,0
62,bachelor,female,rent,54327.27,retired,0,1,7796.76,0.44,7.4,0
51,master,female,rent,30511.7,retired,0,0,12640.12,0.47,5.6,0
52,bachelor,female,mortgage,26130.19,public_sector,0,1,8747.23,0.4,13.1,0
67,master,male,rent,19661.88,salary_worker,0,1,6280.97,0.32,12.4,0
42,high_school,female,own,12625.27,salary_worker,0,1,12881.98,0.49,9.2,0
38,,male,own,21480.93,student,0,0,14465.32,0.23,14.6,0
70,bachelor,male,rent,25605.23,public_sector,0,0,8503.03,0.54,11.0,0
48,master,male,rent,23172.66,self_employed,1,1,16896.45,0.29,8.0,0
51,high_school,male,mortgage,31855.75,retired,0,1,7118.89,0.58,5.6,0
35,bachelor,male,rent,12652.65,salary_worker,1,1,7552.51,0.53,5.9,0
31,bachelor,female,mortgage,22429.03,public_sector,1,0,8122.62,0.44,9.0,0
29,high_school,female,mortgage,59733.38,public_sector,0,0,7544.78,0.32,6.0,0
32,master,male,own,38101.9,retired,1,0,6830.83,0.54,1.4,0
30,high_school,male,own,,public_sector,0,0,5468.87,0.44,6.0,0
58,high_school,male,rent,29021.93,self_employed,0,1,4690.21,0.01,11.6,0
23,bachelor,male,mortgage,20651.76,salary_worker,0,0,8612.06,0.19,0.0,0
52,bachelor,male,rent,11055.33,retired,0,1,15663.48,0.37,13.1,0
68,high_school,male,rent,29902.81,,0,1,12680.38,0.39,9.8,0
59,high_school,male,mortgage,8088.57,salary_worker,1,0,10031.11,0.47,6.6,0
41,high_school,male,rent,21025.68,student,1,1,16107.54,0.62,8.7,0
23,master,male,rent,24302.96,salary_worker,0,0,8189.32,0.45,11.3,0
62,master,male,mortgage,19905.76,salary_worker,1,0,4703.93,,7.6,0
21,bachelor,male,rent,64674.51,student,0,0,6686.22,0.38,11.3,0
55,high_school,male,rent,55323.57,public_sector,0,1,7837.2,0.56,10.9,0
54,bachelor,female,own,38745.32,retired,0,1,6112.97,0.36,8.2,0
30,master,female,mortgage,16052.23,retired,0,0,11333.71,0.38,3.1,0
57,bachelor,male,mortgage,57793.81,self_employed,0,1,13555.49,0.25,7.1,0
29,high_school,female,mortgage,32161.85,salary_worker,0,1,3125.45,0.51,0.0,0
32,high_school,female,mortgage,15932.39,retired,0,0,7480.07,0.28,9.3,0
61,master,male,rent,24704.05,self_employed,0,1,1641.36,0.45,5.8,0
69,master,male,own,37472.35,self_employed,1,1,7705.08,,5.0,0
34,high_school,male,rent,18592.33,self_employed,0,0,7657.85,0.35,10.1,0
67,master,male,mortgage,25932.17,salary_worker,0,1,21523.82,0.43,2.4,0
66,high_school,female,mortgage,28068.81,salary_worker,0,0,18250.38,0.38,7.9,0
59,high_school,female,rent,14833.09,self_employed,0,1,13531.73,,6.1,1
28,bachelor,male,mortgage,21557.05,public_sector,0,0,4779.75,0.46,6.8,0
35,,female,own,15344.95,salary_worker,1,0,4630.27,0.53,8.6,0
54,high_school,male,rent,35986.55,salary_worker,0,0,4434.5,0.2,14.8,0
70,master,male,own,16177.47,salary_worker,0,1,18762.95,0.19,9.1,0
61,master,male,mortgage,27758.9,public_sector,0,0,4911.12,0.35,12.9,0
42,high_school,male,rent,13022.45,salary_worker,0,1,6554.69,0.47,13.1,0
32,bachelor,male,rent,14617.19,self_employed,1,0,4940.03,0.44,10.6,0
69,master,male,mortgage,14301.98,public_sector,1,1,4056.21,0.2,0.1,0
34,bachelor,female,own,21368.89,salary_worker,1,1,9729.71,0.48,6.5,0
38,phd,male,own,26401.38,self_employed,0,0,8816.13,0.23,3.1,1
69,bachelor,female,mortgage,28685.29,retired,0,1,2383.9,0.46,19.0,1
49,high_school,male,own,10965.33,salary_worker,0,0,3959.75,0.39,3.5,0
34,high_school,female,rent,22564.03,salary_worker,0,0,9324.06,0.3,1.5,0
21,master,male,rent,17365.53,salary_worker,0,1,7787.56,0.24,0.0,0
42,phd,male,mortgage,30957.8,public_sector,1,0,6499.55,0.36,3.4,0
70,high_school,female,own,21580.89,retired,0,1,11306.39,0.35,8.0,0
42,high_school,male,mortgage,23473.47,public_sector,1,0,3664.08,0.15,11.8,0
55,master,female,mortgage,17409.53,student,0,1,5841.57,0.45,3.2,0
33,high_school,female,rent,52896.45,public_sector,0,0,10774.32,0.55,12.2,0
59,high_school,female,mortgage,13662.21,salary_worker,0,0,5669.68,0.49,7.2,0
59,master,female,mortgage,20335.42,salary_worker,0,0,9622.9,0.4,5.6,0
51,master,male,mortgage,25550.68,public_sector,0,1,4313.8,0.26,8.2,0
59,master,male,rent,21739.54,public_sector,0,1,5150.67,0.36,13.2,0
49,bachelor,male,rent,17261.41,self_employed,0,1,3040.54,0.32,7.7,0
39,high_school,male,mortgage,10772.4,self_employed,0,0,2613.85,0.36,3.1,0
57,master,male,mortgage,17833.27,salary_worker,1,0,6236.84,0.51,9.2,0
62,high_school,male,mortgage,15808.09,salary_worker,1,1,10378.72,0.32,9.1,0
63,high_school,male,own,51826.2,self_employed,0,1,7607.28,0.01,6.7,0
31,master,female,own,67448.06,public_sector,0,0,15339.04,0.48,11.6,0
54,bachelor,male,rent,23792.93,public_sector,0,1,6528.68,0.41,0.0,0
21,,male,mortgage,12937.17,salary_worker,0,0,2524.82,0.37,8.9,0
49,high_school,female,mortgage,33932.21,retired,1,0,9791.86,0.13,10.6,0
49,,female,mortgage,15654.53,salary_worker,0,1,4477.45,0.19,1.7,0
39,bachelor,female,own,19012.9,salary_worker,0,0,8683.97,0.21,1.6,0
70,bachelor,female,mortgage,18343.26,public_sector,0,1,2305.34,0.23,11.5,0
65,master,male,rent,19433.87,student,0,1,6965.49,0.25,12.2,0
22,high_school,female,own,20751.54,retired,0,0,11926.05,0.13,12.9,0
31,bachelor,male,own,13479.48,salary_worker,0,0,11150.77,0.73,4.7,0
31,bachelor,male,own,17749.17,salary_worker,0,0,7059.23,0.61,8.3,0
65,master,female,mortgage,,public_sector,1,0,7877.51,0.39,8.8,0
46,master,male,own,23978.18,public_sector,0,1,6164.41,0.33,0.7,0
57,bachelor,male,rent,25755.18,self_employed,0,1,6876.98,0.67,8.1,0
61,high_school,male,rent,8914.98,salary_worker,0,1,11438.33,,8.1,0
59,high_school,male,own,37290.83,self_employed,0,0,5364.52,0.21,10.5,0
25,phd,male,mortgage,17881.39,salary_worker,0,0,5661.57,0.38,5.2,0
28,phd,female,own,40367.72,salary_worker,0,0,3399.04,0.31,12.5,0
40,phd,female,own,26093.03,public_sector,0,1,11564.37,0.29,7.8,0
37,high_school,female,rent,18903.0,salary_worker,0,0,6795.91,0.31,14.3,0
58,high_school,female,mortgage,11441.41,public_sector,0,1,4045.59,0.32,10.5,0
28,bachelor,male,own,64775.37,self_employed,0,0,12737.33,0.38,8.6,0
39,bachelor,female,own,34942.57,salary_worker,0,1,7665.05,0.38,,0
32,high_school,male,own,,salary_worker,0,0,5227.88,0.6,2.2,0
30,bachelor,female,rent,55186.44,retired,0,0,12848.24,0.19,13.9,0
29,high_school,male,rent,26925.77,self_employed,0,0,6517.4,0.51,11.0,0
30,bachelor,male,rent,44738.07,retired,0,1,3317.18,0.15,6.4,0
49,high_school,male,mortgage,19626.6,salary_worker,0,0,13322.41,0.38,5.8,0
41,high_school,male,rent,33925.1,self_employed,0,0,4954.31,0.53,8.4,0
42,high_school,female,rent,18332.97,student,0,1,41404.11,0.44,2.1,0
44,master,male,mortgage,19404.56,salary_worker,0,1,6154.29,0.28,5.6,1
58,bachelor,female,own,25429.12,,0,1,2595.46,0.39,10.0,0
64,master,male,own,13762.06,retired,0,1,20639.29,0.64,10.5,0
47,bachelor,male,own,28232.83,salary_worker,0,1,7624.16,0.23,6.0,0
53,high_school,female,rent,21154.73,salary_worker,0,0,9052.69,0.44,13.9,0
57,high_school,female,rent,9952.69,student,0,1,9701.69,0.51,11.7,1
55,,female,mortgage,19812.18,salary_worker,0,0,3720.93,0.27,4.4,0
27,high_school,male,own,20842.0,self_employed,0,1,2388.46,0.65,2.4,0
70,bachelor,male,mortgage,35731.09,public_sector,0,0,23032.37,0.71,9.9,0
29,master,female,mortgage,27676.5,public_sector,0,0,3328.4,0.54,,0
41,master,female,rent,46693.61,salary_worker,1,0,19360.93,0.54,4.9,1
53,high_school,female,mortgage,30762.43,salary_worker,0,0,10505.63,0.03,8.4,0
41,bachelor,male,rent,18971.96,retired,0,1,8660.08,,10.4,0
33,high_school,female,own,23712.04,public_sector,0,0,6079.25,0.32,10.7,0
67,high_school,female,mortgage,20813.94,salary_worker,0,1,28002.12,0.22,7.7,0
24,bachelor,male,rent,30320.76,salary_worker,1,0,5373.06,0.45,0.0,0
33,bachelor,female,mortgage,25007.22,self_employed,0,0,5456.26,0.01,11.3,0
70,bachelor,male,own,18345.66,salary_worker,1,1,11388.56,0.45,4.3,0
57,high_school,male,own,24437.4,public_sector,0,1,5432.39,0.31,8.7,0
25,phd,female,rent,29957.39,retired,0,0,4509.61,0.24,7.0,0
58,phd,male,own,,salary_worker,0,0,7621.82,0.68,16.5,0
69,bachelor,female,own,28075.54,retired,0,1,11486.95,0.28,15.7,0
25,master,female,rent,11963.22,public_sector,0,0,22127.24,0.05,5.7,0
41,high_school,male,own,40034.91,public_sector,0,1,24754.02,0.42,2.1,0
44,bachelor,male,rent,,student,0,0,2939.46,0.41,2.4,0
27,master,male,mortgage,50674.46,salary_worker,0,0,13965.84,0.31,8.6,0
31,master,female,rent,14728.38,retired,0,1,4581.64,0.76,5.3,0
29,master,female,own,40540.36,salary_worker,1,0,4709.02,0.38,3.1,0
30,bachelor,female,mortgage,37089.94,self_employed,0,0,5851.11,0.52,5.4,0
41,master,male,mortgage,,self_employed,0,0,5649.72,0.4,9.3,0
44,bachelor,male,mortgage,20547.83,salary_worker,0,1,4371.39,0.57,7.2,0
32,high_school,male,mortgage,14938.31,public_sector,1,0,2191.33,0.28,5.6,0
35,high_school,male,rent,13284.93,self_employed,0,0,17450.76,0.15,6.1,0
30,master,female,own,17360.36,salary_worker,0,0,12910.2,0.48,6.9,1
60,bachelor,male,mortgage,13834.23,self_employed,0,0,7806.44,0.39,8.4,0
31,bachelor,female,rent,49914.91,salary_worker,0,0,4626.91,0.48,8.6,0
66,master,female,mortgage,12382.96,salary_worker,0,0,15540.15,0.23,0.9,0
47,bachelor,male,rent,26029.95,salary_worker,0,1,7607.87,0.43,8.2,0
61,high_school,male,mortgage,29615.92,student,0,0,5741.94,0.05,6.1,0
52,high_school,female,mortgage,28591.78,,0,0,3189.45,,3.4,0
34,bachelor,female,own,29743.92,self_employed,0,1,10593.06,0.21,6.0,0
51,master,male,own,37267.62,public_sector,0,0,6555.32,0.43,12.1,0
34,bachelor,female,mortgage,19917.12,public_sector,0,0,9096.09,0.25,10.7,0
26,bachelor,male,mortgage,25321.21,salary_worker,1,0,8644.86,0.09,7.9,0
33,bachelor,male,mortgage,21330.59,salary_worker,1,0,11177.08,0.24,3.9,0
34,bachelor,female,mortgage,43745.17,self_employed,0,0,8880.78,0.45,2.1,0
27,master,female,rent,62626.24,salary_worker,0,0,6663.85,0.36,3.7,0
22,high_school,female,rent,14224.62,retired,1,0,10692.16,0.21,7.5,0
68,bachelor,male,rent,9759.58,salary_worker,1,1,13296.11,0.49,7.6,1
46,bachelor,female,mortgage,31448.58,self_employed,0,1,18449.45,0.62,4.9,0
41,high_school,male,own,39405.78,salary_worker,0,0,4255.67,0.5,11.0,0
67,bachelor,female,rent,58726.11,public_sector,1,1,14530.74,0.01,9.0,0
32,bachelor,male,mortgage,33929.86,student,0,1,3291.2,0.38,0.0,0
41,bachelor,female,rent,45620.0,salary_worker,0,0,13771.75,0.31,7.9,0
63,master,female,mortgage,51381.18,salary_worker,0,1,5696.67,0.01,10.5,0
52,high_school,male,own,47058.65,public_sector,0,0,12523.1,0.11,8.3,0
40,high_school,male,own,36189.43,salary_worker,0,0,17916.01,0.48,9.8,0
33,high_school,female,rent,13670.64,salary_worker,0,0,8942.95,0.37,6.4,0
22,high_school,female,mortgage,24251.58,public_sector,0,0,7894.81,0.35,7.2,0
25,bachelor,male,mortgage,27861.95,salary_worker,0,0,7676.21,0.22,,0
29,master,female,rent,23273.85,salary_worker,0,0,6255.27,0.53,8.2,0
60,bachelor,female,own,23929.14,salary_worker,0,0,15039.36,0.12,5.2,0
52,high_school,female,own,49278.97,salary_worker,0,0,7636.7,0.18,11.9,0
42,high_school,female,own,17316.68,retired,1,1,2449.44,0.28,13.2,0
60,high_school,male,own,34876.68,salary_worker,0,0,13177.82,0.07,5.4,0
29,bachelor,male,own,28068.37,salary_worker,0,0,12802.59,0.18,2.8,0
31,high_school,male,mortgage,16549.49,,0,0,8297.55,,2.1,0
40,bachelor,male,mortgage,14995.86,public_sector,0,0,5252.6,0.19,9.1,0
66,master,female,rent,11320.93,salary_worker,0,0,4280.75,0.48,9.9,0
51,bachelor,male,mortgage,30288.08,self_employed,0,1,5260.89,0.45,9.1,0
63,high_school,female,rent,23659.97,self_employed,0,0,9039.4,0.31,9.5,0
33,high_school,female,mortgage,16787.67,salary_worker,0,1,2939.67,0.08,5.2,0
63,bachelor,male,own,10464.59,salary_worker,0,1,10233.57,0.35,0.0,0
24,bachelor,female,rent,29576.04,public_sector,0,1,8433.01,0.01,,0
32,high_school,female,mortgage,22512.43,salary_worker,0,0,16448.67,0.24,14.1,0
47,master,female,rent,17656.12,salary_worker,0,0,11916.58,0.38,8.6,0
23,bachelor,male,mortgage,15775.01,,0,0,5444.27,0.5,9.2,0
63,bachelor,female,mortgage,21864.97,salary_worker,1,1,3197.13,0.31,11.1,0
64,high_school,male,mortgage,30076.47,,0,1,5158.11,0.23,4.1,0
48,high_school,male,own,20983.83,salary_worker,0,0,17321.08,0.22,8.4,0
36,high_school,male,own,14259.28,retired,1,0,9527.14,0.26,9.5,0
25,high_school,female,own,23714.54,public_sector,1,1,11254.64,0.45,3.8,0
51,bachelor,male,rent,38968.01,salary_worker,1,1,5732.74,0.4,9.0,0
47,bachelor,female,mortgage,24788.14,salary_worker,0,0,10578.93,0.34,12.7,0
58,master,male,rent,25104.2,student,0,0,10311.44,0.45,5.9,0
51,phd,male,rent,,public_sector,0,1,13552.98,0.34,0.6,0
27,high_school,female,rent,16311.92,public_sector,0,0,4292.03,0.1,8.2,0
27,high_school,male,mortgage,16069.79,salary_worker,0,0,2735.51,0.14,4.9,0
60,master,male,mortgage,11523.75,salary_worker,0,0,28121.29,0.45,8.2,0
28,phd,female,own,41421.35,salary_worker,0,0,8727.09,0.09,4.1,0
67,master,female,rent,29974.56,,0,1,8595.25,0.27,7.7,0
26,high_school,male,mortgage,25263.58,retired,0,0,2897.27,0.32,12.4,0
57,high_school,male,own,27806.14,salary_worker,0,0,11411.86,0.15,7.4,1
69,high_school,male,mortgage,28361.51,public_sector,0,1,13191.27,,0.9,0
43,master,female,mortgage,17491.22,retired,0,0,7261.83,0.13,9.0,0
23,bachelor,male,mortgage,,retired,0,0,13219.51,0.01,7.6,0
64,bachelor,male,rent,19665.2,salary_worker,0,1,15425.54,0.45,8.4,0
30,bachelor,male,mortgage,75368.21,salary_worker,0,0,10819.96,0.41,11.4,0
47,high_school,male,mortgage,38526.09,student,0,1,7210.61,0.2,5.4,0
70,bachelor,female,own,26253.3,,0,0,4301.05,0.09,6.3,0
58,high_school,male,mortgage,45012.38,salary_worker,0,0,20492.06,0.55,3.4,1
23,bachelor,female,own,42525.52,salary_worker,1,0,8478.69,0.42,8.3,0
62,bachelor,female,mortgage,13079.01,self_employed,0,1,8499.68,0.23,8.2,0
29,bachelor,male,mortgage,22020.21,salary_worker,0,0,5128.61,0.55,6.5,0
58,high_school,female,rent,24164.84,self_employed,0,1,5706.66,0.36,10.5,0
52,master,female,own,32054.33,student,0,1,15614.53,0.4,3.4,0
35,bachelor,female,rent,22008.92,self_employed,0,0,18474.74,0.15,8.0,0
42,high_school,male,own,23287.24,student,0,0,12562.42,0.07,9.9,0
26,high_school,male,mortgage,19779.34,retired,0,0,10974.88,0.06,5.3,0
70,bachelor,female,rent,39027.46,public_sector,0,1,11437.38,0.71,2.0,0
32,,female,mortgage,12714.48,self_employed,0,0,7795.44,0.19,0.7,0
36,high_school,male,rent,20084.23,retired,0,1,4179.67,0.35,8.1,0
46,high_school,female,mortgage,10618.42,self_employed,0,0,3711.2,0.42,14.3,1
54,high_school,male,mortgage,15316.14,salary_worker,0,1,16699.29,0.34,5.1,0
46,bachelor,male,mortgage,28077.67,retired,0,0,7957.67,0.31,9.3,0
46,bachelor,female,mortgage,28318.47,self_employed,0,0,10534.26,0.31,0.0,0
50,high_school,male,mortgage,21142.99,retired,0,0,9098.97,0.43,9.0,0
63,bachelor,female,own,40368.03,salary_worker,0,1,9356.44,0.15,3.1,0
40,high_school,male,mortgage,44771.15,salary_worker,0,0,9795.91,0.26,5.9,0
62,high_school,female,rent,23596.36,public_sector,0,1,11891.41,0.01,7.8,0
60,high_school,male,own,27246.89,self_employed,0,1,5312.64,0.01,0.9,0
69,master,male,rent,19857.86,salary_worker,0,1,15526.82,0.11,20.1,0
66,phd,male,mortgage,32276.65,retired,0,1,5400.5,0.49,5.1,0
60,bachelor,male,mortgage,14223.81,self_employed,0,1,9243.76,0.29,9.9,0
33,high_school,female,own,54618.38,salary_worker,0,0,4227.45,0.47,13.5,0
59,high_school,male,mortgage,40659.73,public_sector,0,1,7393.47,0.41,8.7,0
57,high_school,male,rent,14192.7,salary_worker,0,1,5636.92,0.39,2.6,0
35,master,female,mortgage,17067.68,self_employed,0,1,8211.72,0.17,7.9,0
54,high_school,female,rent,29423.88,salary_worker,0,0,12142.54,0.35,0.1,0
33,phd,female,own,20905.91,salary_worker,1,0,8449.22,0.39,6.2,0
47,bachelor,female,own,31103.32,student,0,0,23824.56,0.74,14.2,0
60,bachelor,male,own,20707.92,salary_worker,1,1,12553.51,0.28,1.9,0
30,master,female,mortgage,48347.28,public_sector,0,0,7146.3,0.47,4.2,0
37,high_school,male,mortgage,,self_employed,0,0,7728.28,0.32,14.9,0
60,master,male,mortgage,72348.49,salary_worker,0,0,9974.32,0.21,6.8,0
43,high_school,female,rent,31926.89,retired,0,1,11936.76,0.5,3.9,0
69,master,male,rent,13263.46,salary_worker,0,1,4110.38,0.68,9.1,0
21,bachelor,female,rent,62250.6,self_employed,1,0,11500.66,0.39,5.6,0
57,high_school,female,own,39910.93,public_sector,0,0,4169.49,0.22,0.0,0
61,master,female,rent,28884.67,public_sector,1,0,10904.35,0.42,2.1,0
66,high_school,female,rent,32564.73,salary_worker,0,1,14839.58,0.39,15.7,0
28,high_school,female,mortgage,14255.94,public_sector,0,0,9555.31,0.74,8.8,0
70,master,female,mortgage,10807.88,student,0,1,2254.85,0.47,13.4,0
40,bachelor,female,mortgage,23889.94,self_employed,0,0,3040.28,0.17,3.4,0
38,master,female,rent,45272.12,public_sector,0,0,11042.36,0.57,7.3,0
38,bachelor,male,own,29087.65,salary_worker,0,0,2101.55,0.48,6.8,0
52,bachelor,female,rent,52529.34,salary_worker,0,1,11332.53,0.51,5.3,0
53,high_school,male,own,44114.74,self_employed,0,0,13927.97,0.42,8.3,0
44,high_school,male,own,24569.81,salary_worker,0,0,15128.69,0.52,3.0,0
24,phd,male,mortgage,41468.55,public_sector,0,0,7095.31,0.42,12.3,0
70,high_school,male,own,,salary_worker,0,1,10313.18,0.29,9.4,0
32,bachelor,male,rent,,salary_worker,0,0,9089.64,0.36,6.8,0
25,high_school,male,own,22110.35,salary_worker,0,0,3604.51,0.32,8.0,0
50,high_school,male,mortgage,25931.21,salary_worker,0,0,12206.94,0.4,6.3,0
41,bachelor,male,rent,,self_employed,1,0,17409.34,0.35,,0
51,master,female,mortgage,27617.21,self_employed,1,0,11839.19,0.28,3.5,0
64,master,male,rent,33664.43,salary_worker,0,1,6145.4,0.31,6.8,0
25,master,male,rent,25978.64,salary_worker,0,0,12172.96,0.34,6.1,0
35,high_school,female,mortgage,28427.25,salary_worker,0,0,16542.65,0.02,,0
46,bachelor,male,rent,23871.38,self_employed,1,0,15389.34,0.52,9.7,0
60,,male,mortgage,9910.4,salary_worker,0,1,14253.81,0.4,5.3,1
51,bachelor,male,rent,51439.81,public_sector,1,0,3376.1,0.23,3.7,0
40,high_school,female,own,20629.49,self_employed,1,1,10087.15,0.45,10.5,0
51,bachelor,female,own,18434.95,salary_worker,0,0,11557.68,0.25,,0
69,high_school,female,mortgage,44850.6,salary_worker,0,1,14346.52,0.25,5.0,0
45,master,male,mortgage,37813.26,salary_worker,0,0,10760.03,0.41,2.9,0
65,master,male,mortgage,27525.82,salary_worker,0,0,19026.22,,4.8,1
59,master,male,own,34413.92,salary_worker,0,0,2965.16,0.39,9.1,0
36,,female,rent,14476.11,student,0,0,11015.87,0.2,14.2,0
33,,female,own,23472.8,salary_worker,0,0,10545.44,0.28,6.7,0
59,high_school,male,own,43593.04,salary_worker,0,1,13312.97,0.49,4.2,0
31,high_school,male,rent,17948.94,public_sector,0,1,18923.66,0.41,16.1,0
37,high_school,male,mortgage,15533.43,retired,0,0,4971.34,0.51,6.0,0
32,high_school,female,rent,25219.47,self_employed,1,1,18577.33,0.41,4.3,0
51,bachelor,female,rent,25487.05,self_employed,0,1,12685.22,0.48,5.9,0
35,high_school,male,mortgage,32578.49,salary_worker,0,0,7310.44,0.7,5.7,0
53,high_school,male,own,13092.98,public_sector,0,1,4915.57,0.1,12.6,0
67,bachelor,female,mortgage,7729.35,self_employed,1,1,9026.98,0.77,0.8,1
62,master,male,rent,,self_employed,0,0,9481.73,0.51,9.9,0
68,bachelor,male,own,14952.86,salary_worker,0,1,9775.68,0.81,7.5,0
22,bachelor,male,own,18499.6,salary_worker,0,0,5739.79,0.16,5.3,0
43,high_school,female,rent,9113.79,public_sector,0,0,11329.17,0.41,6.2,0
32,master,female,mortgage,38573.11,salary_worker,0,0,6483.09,0.37,6.5,0
66,high_school,male,rent,28499.8,self_employed,0,1,15821.37,0.5,7.9,0
56,high_school,male,rent,27989.58,salary_worker,0,1,20756.48,0.42,5.7,0
37,high_school,male,rent,27904.82,public_sector,0,0,5182.64,0.4,7.2,0
49,bachelor,male,rent,9632.78,salary_worker,1,0,8374.44,,4.4,0
51,high_school,female,rent,15625.75,retired,0,1,13831.31,0.32,,0
45,bachelor,female,mortgage,19865.16,self_employed,1,0,9430.78,0.25,11.5,0
44,high_school,female,own,17379.83,salary_worker,0,0,3851.09,0.42,9.5,0
23,bachelor,male,rent,21543.29,salary_worker,0,1,13038.2,0.25,5.7,0
43,bachelor,female,own,,self_employed,0,1,5807.03,,,0
38,high_school,male,rent,38288.21,salary_worker,0,0,9047.63,0.08,8.7,0
61,bachelor,male,own,12505.3,salary_worker,0,1,4690.41,0.35,8.0,0
64,bachelor,male,mortgage,24246.42,salary_worker,0,1,12544.38,0.17,5.4,0
58,bachelor,male,mortgage,33529.96,salary_worker,1,1,6428.05,0.33,8.6,0
22,,male,mortgage,,public_sector,1,0,13296.22,0.14,14.2,0
63,bachelor,male,rent,22319.71,salary_worker,0,0,7199.85,0.34,7.8,0
40,high_school,male,rent,30029.89,public_sector,0,0,6218.74,0.5,6.4,0
41,high_school,female,mortgage,24466.11,,1,0,10165.24,0.23,7.9,0
68,high_school,female,own,32971.18,public_sector,0,1,4487.69,0.17,7.7,0
64,bachelor,male,own,25402.79,salary_worker,0,0,21786.12,0.48,5.3,0
23,high_school,male,mortgage,21155.64,self_employed,0,0,8974.03,0.5,4.5,1
38,bachelor,male,own,14361.13,public_sector,0,0,5934.61,0.42,10.7,0
58,high_school,female,mortgage,27206.9,salary_worker,0,0,6505.24,0.26,12.3,0
47,master,male,own,25463.15,salary_worker,0,1,8181.78,0.23,16.6,0
33,high_school,male,rent,15571.94,salary_worker,0,0,14012.5,0.28,9.3,0
47,bachelor,male,rent,31632.02,salary_worker,0,0,4954.32,0.33,8.0,0
64,,female,own,43069.29,salary_worker,0,1,6615.49,0.03,11.1,0
32,high_school,male,rent,18087.17,salary_worker,0,1,7885.41,0.16,3.9,0
58,high_school,male,mortgage,17545.72,public_sector,0,1,18927.28,0.57,10.1,0
57,bachelor,male,mortgage,17259.76,self_employed,0,0,14038.08,0.38,11.7,0
65,phd,female,own,,salary_worker,0,0,19430.4,0.56,11.6,0
35,phd,male,own,59995.02,retired,0,0,8242.59,0.52,14.2,0
31,high_school,female,own,19890.58,salary_worker,0,0,17818.9,,5.1,0
48,bachelor,female,own,16542.62,,0,0,16268.76,0.29,5.5,0
47,high_school,female,mortgage,14661.07,salary_worker,0,0,11887.22,0.51,6.6,0
41,high_school,male,rent,20443.39,salary_worker,0,0,12423.55,0.48,3.0,0
59,bachelor,male,mortgage,17803.6,self_employed,0,1,5842.91,0.52,9.7,0
60,bachelor,female,rent,46496.53,salary_worker,0,1,22149.43,0.34,10.2,0
33,bachelor,female,rent,13878.11,retired,0,0,7080.99,0.37,9.7,0
60,master,female,mortgage,12181.33,retired,0,1,11024.06,0.29,8.1,0
32,high_school,female,rent,31204.04,,0,1,11756.76,0.33,11.5,0
41,bachelor,male,rent,23196.51,public_sector,1,0,3811.44,0.22,9.8,0
22,high_school,female,rent,22019.3,self_employed,0,0,7878.53,0.33,5.1,0
38,high_school,female,mortgage,31314.49,retired,0,0,9062.1,0.31,0.0,0
68,high_school,male,own,25887.62,salary_worker,1,1,7613.2,0.26,6.2,0
43,phd,female,rent,23835.52,self_employed,0,0,7930.1,,7.7,0
56,bachelor,male,own,12931.99,salary_worker,0,0,18416.03,0.09,7.7,0
26,high_school,male,rent,11491.43,salary_worker,1,0,5141.36,0.4,6.8,1
52,bachelor,male,mortgage,17761.83,retired,0,0,4032.67,0.17,5.4,0
39,phd,male,rent,14943.56,salary_worker,0,0,5868.94,0.19,4.1,0
58,master,female,own,27478.05,salary_worker,0,0,12201.76,0.2,3.4,0
67,bachelor,male,own,10835.45,salary_worker,1,1,12873.45,0.42,9.2,0
47,high_school,male,own,19906.03,retired,0,0,11308.44,0.01,11.9,0
26,bachelor,female,mortgage,22519.04,salary_worker,0,0,13379.73,0.37,2.5,0
44,master,male,own,23912.46,salary_worker,0,0,9328.43,0.35,7.3,0
27,master,male,mortgage,29130.29,self_employed,0,0,6094.2,0.17,10.7,0
43,master,male,own,21016.37,salary_worker,0,1,4818.24,0.37,6.7,0
24,bachelor,male,mortgage,18027.05,salary_worker,0,0,4047.42,0.12,10.4,0
53,high_school,female,own,42617.32,public_sector,0,1,7151.35,0.33,11.8,0
36,bachelor,male,rent,21078.0,student,1,0,12501.31,0.11,9.1,0
31,high_school,male,rent,46101.86,public_sector,0,0,9230.8,0.71,5.5,0
21,high_school,male,rent,21029.74,salary_worker,1,0,8206.0,0.5,12.8,1
65,bachelor,female,mortgage,,salary_worker,0,0,4534.83,0.38,6.4,1
62,bachelor,male,mortgage,22869.6,public_sector,0,0,33476.45,0.17,6.4,0
61,master,male,rent,27012.32,salary_worker,0,1,5146.12,0.29,9.6,0
23,master,female,own,20152.19,public_sector,0,0,8658.85,0.3,6.3,0
38,master,male,mortgage,25419.22,self_employed,0,1,14068.02,0.38,6.6,0
69,master,male,own,48478.05,retired,0,1,8293.96,0.41,6.0,0
49,bachelor,male,own,39026.0,salary_worker,1,1,5198.8,0.38,6.8,0
27,high_school,male,mortgage,39147.12,retired,0,0,12641.79,0.4,8.3,0
28,bachelor,female,rent,13308.14,salary_worker,0,0,3878.66,0.31,0.0,0
34,high_school,male,own,14313.32,public_sector,0,1,21123.18,0.4,7.1,1
69,high_school,male,rent,26849.11,salary_worker,0,1,9463.8,0.23,0.4,0
29,high_school,male,rent,34435.11,self_employed,0,0,7048.88,0.15,5.9,0
66,master,female,mortgage,19271.62,salary_worker,1,0,3718.18,0.67,8.9,0
54,bachelor,female,mortgage,17784.58,salary_worker,0,1,4300.18,0.41,,0
67,phd,male,mortgage,45580.23,salary_worker,0,1,7874.21,0.67,10.3,0
62,phd,female,rent,33144.91,salary_worker,0,1,22948.57,0.29,8.9,0
37,master,male,mortgage,39186.75,student,0,0,9210.84,0.77,0.0,0
62,high_school,male,mortgage,19957.24,,0,0,9807.3,0.35,12.3,0
29,master,male,own,19263.95,public_sector,0,0,10020.2,0.55,,0
35,master,female,mortgage,37309.41,salary_worker,0,0,29739.25,0.35,5.2,0
31,master,male,mortgage,21628.63,salary_worker,0,0,6356.51,0.37,5.6,0
27,high_school,female,mortgage,18492.39,salary_worker,0,0,19168.19,0.32,0.0,0
25,high_school,male,mortgage,16140.09,salary_worker,1,0,6507.96,0.25,8.4,0
30,master,male,own,19339.74,self_employed,0,0,5502.8,0.52,10.1,0
27,high_school,male,own,36090.6,public_sector,0,0,7755.94,0.34,4.8,0
40,high_school,female,mortgage,12340.61,salary_worker,0,0,7734.92,0.49,3.9,1
24,bachelor,female,mortgage,32308.11,salary_worker,0,0,11038.09,0.5,8.1,0
24,high_school,male,rent,17699.68,salary_worker,0,0,2257.04,0.59,12.3,0
70,high_school,male,rent,22144.95,self_employed,0,0,8789.59,0.42,11.9,0
25,phd,male,rent,22792.56,salary_worker,0,0,5829.51,0.07,10.8,0
24,master,male,mortgage,22041.11,salary_worker,0,0,5441.59,0.28,15.6,0
22,master,male,rent,21392.43,salary_worker,0,0,3973.18,0.34,11.2,0
27,high_school,female,rent,19931.16,salary_worker,0,0,6629.99,0.34,12.1,0
47,high_school,male,own,18823.45,public_sector,0,1,6098.91,0.58,7.8,0
62,,male,rent,44086.02,student,0,1,6408.32,0.54,6.1,0
57,bachelor,male,mortgage,24618.96,salary_worker,0,1,3290.41,0.31,12.0,0
50,high_school,female,own,23001.7,salary_worker,0,1,8552.53,0.78,3.6,0
25,master,male,rent,18213.28,,0,0,5242.76,0.28,9.2,0
59,phd,female,rent,20260.44,public_sector,0,1,3296.88,0.29,5.1,0
22,bachelor,male,mortgage,18241.84,self_employed,0,0,5993.98,0.14,8.9,0
52,high_school,male,own,34351.63,self_employed,0,0,5293.62,0.06,8.6,0
41,high_school,male,own,17341.89,self_employed,0,0,8288.51,0.13,8.2,0
65,high_school,female,rent,8859.0,retired,0,0,5950.14,0.52,7.4,0
36,high_school,female,mortgage,24990.19,salary_worker,0,0,3650.99,0.47,9.6,0
52,bachelor,female,mortgage,21467.04,salary_worker,0,0,4971.14,0.18,10.3,0
42,bachelor,female,mortgage,18702.18,salary_worker,0,1,3134.87,0.36,1.9,0
47,bachelor,female,own,36687.83,self_employed,0,1,15144.92,0.49,7.3,0
67,master,male,mortgage,7114.68,salary_worker,1,0,16544.75,0.01,5.8,0
56,high_school,female,mortgage,49479.31,retired,0,0,17683.78,0.66,8.3,1
41,high_school,female,own,39128.45,public_sector,0,1,5858.12,0.53,5.8,0
43,high_school,male,mortgage,18349.84,retired,0,0,16537.9,0.49,12.6,0
56,high_school,female,mortgage,19873.59,student,0,0,10136.0,0.56,7.2,0
38,bachelor,female,mortgage,30545.55,self_employed,0,0,5155.47,0.01,11.4,0
29,master,male,mortgage,30916.56,retired,1,0,5734.84,0.3,3.7,0
44,master,female,own,18301.77,public_sector,0,0,7371.75,0.57,6.4,0
24,bachelor,female,own,11759.9,salary_worker,0,0,8572.79,,5.0,0
29,high_school,male,rent,63017.12,public_sector,0,0,9893.15,0.47,9.1,0
42,high_school,female,own,37431.05,student,0,1,8095.13,0.6,2.8,0
60,high_school,female,own,26123.32,public_sector,0,1,6689.63,0.47,0.7,0
60,high_school,female,own,26346.71,public_sector,0,0,17045.64,0.29,5.0,0
34,master,female,mortgage,32195.84,salary_worker,0,0,7611.53,0.44,9.7,0
42,bachelor,male,rent,33978.34,public_sector,0,0,7375.62,0.04,4.3,0
28,high_school,female,mortgage,9519.86,salary_worker,1,0,7190.39,0.43,8.6,0
58,high_school,female,rent,20787.51,self_employed,1,1,7613.97,0.47,4.9,0
33,high_school,female,rent,19837.44,public_sector,0,0,3830.18,0.37,0.5,0
60,master,male,rent,22637.3,,0,1,4667.12,0.55,10.9,0
63,high_school,female,own,34435.98,salary_worker,0,0,31110.26,0.39,10.1,0
55,high_school,male,own,10877.63,public_sector,0,0,3269.1,0.37,7.3,0
37,high_school,female,rent,13265.02,salary_worker,1,0,9409.52,0.67,7.7,0
68,master,male,mortgage,17911.8,salary_worker,0,1,9782.87,0.17,6.7,0
55,bachelor,female,own,26093.86,salary_worker,0,1,14143.33,0.59,3.4,0
53,bachelor,female,rent,35399.63,self_employed,0,1,9914.26,0.58,12.7,0
63,high_school,male,own,50721.01,salary_worker,0,1,22924.85,0.49,7.1,0
65,high_school,female,rent,21399.88,salary_worker,0,0,9244.7,0.27,8.9,0
24,master,male,rent,35373.44,retired,0,0,17005.98,0.4,5.5,0
65,high_school,male,rent,33509.13,salary_worker,0,1,14356.88,0.2,9.3,0
59,high_school,male,mortgage,31062.33,retired,0,0,18922.27,0.24,12.1,0
31,bachelor,female,mortgage,24078.48,self_employed,0,0,8214.54,0.36,8.2,0
36,high_school,male,mortgage,20337.27,salary_worker,1,0,10085.37,0.18,8.9,0
58,high_school,female,mortgage,15071.64,public_sector,0,1,6614.06,0.3,11.0,0
31,master,male,own,14629.32,salary_worker,0,0,8847.27,0.14,10.3,0
43,bachelor,male,rent,28458.06,student,0,1,9120.16,0.46,11.7,0
55,high_school,male,rent,23754.09,salary_worker,0,1,2584.86,0.63,8.8,0
53,high_school,male,own,20191.59,public_sector,0,0,7489.6,0.74,8.8,0
66,bachelor,male,rent,32832.16,self_employed,0,0,13219.26,0.15,8.5,0
26,high_school,male,rent,22242.94,retired,0,1,3856.04,0.19,11.0,0
35,high_school,female,mortgage,16140.22,salary_worker,0,0,4710.32,0.33,5.8,0
70,bachelor,male,rent,21591.95,self_employed,1,1,15299.97,0.49,9.6,0
49,bachelor,female,rent,35216.97,salary_worker,0,0,16961.82,0.32,,0
33,phd,female,mortgage,,public_sector,0,0,5759.33,,8.9,0
35,high_school,male,rent,26746.92,salary_worker,0,0,8916.79,0.46,2.7,0
37,high_school,female,own,23743.37,salary_worker,0,1,7762.59,0.04,6.3,0
48,bachelor,male,rent,17285.71,public_sector,0,0,15480.51,0.37,10.0,0
35,bachelor,female,own,21332.6,self_employed,0,0,6043.02,0.14,4.8,0
52,high_school,female,mortgage,,public_sector,0,1,6579.7,0.26,3.6,0
43,bachelor,male,mortgage,25574.17,public_sector,1,0,16939.81,0.29,2.0,0
51,high_school,female,own,,salary_worker,0,1,4666.52,0.49,6.7,1
28,master,male,rent,39442.4,public_sector,0,0,6161.79,0.36,13.9,0
52,master,male,own,23356.08,salary_worker,0,0,8717.56,0.28,5.4,0
67,,male,own,18820.16,self_employed,0,0,18733.59,0.74,11.0,0
27,phd,female,rent,41037.92,salary_worker,1,0,4203.18,,6.4,0
37,phd,male,rent,15300.92,salary_worker,0,0,5481.74,0.41,6.0,0
55,high_school,female,mortgage,17388.12,public_sector,0,1,11225.05,0.48,9.6,0
51,high_school,female,mortgage,10687.59,retired,1,1,12219.92,0.39,1.4,0
54,bachelor,female,mortgage,43882.81,retired,1,1,9102.97,0.2,14.2,0
48,high_school,female,mortgage,56544.86,public_sector,0,0,7599.24,0.19,9.6,0
55,high_school,male,own,11463.03,salary_worker,1,0,8702.01,0.47,11.7,0
51,high_school,female,mortgage,16863.43,salary_worker,0,0,3536.89,0.55,6.5,0
24,phd,female,mortgage,25119.91,salary_worker,0,0,8567.94,0.35,9.5,0
58,high_school,male,rent,19301.49,public_sector,0,1,18309.36,0.12,11.2,0
43,master,male,own,24002.38,salary_worker,0,0,3920.28,0.36,7.1,0
23,high_school,female,rent,23088.29,student,0,0,5264.66,0.63,4.0,0
41,high_school,female,mortgage,29243.08,salary_worker,0,1,6514.05,0.18,3.7,0
42,master,female,mortgage,15796.85,salary_worker,0,0,6743.54,0.3,5.8,0
25,high_school,male,mortgage,26547.66,retired,1,0,22309.12,0.37,8.4,0
70,high_school,male,rent,14731.49,salary_worker,1,0,4853.48,0.56,6.8,0
32,high_school,male,mortgage,20224.78,salary_worker,1,1,4348.38,0.26,5.5,0
37,bachelor,male,rent,11141.83,,0,1,12383.12,0.45,10.2,0
43,high_school,female,rent,20291.42,student,1,0,5677.29,0.61,5.7,1
62,high_school,male,own,18812.34,salary_worker,0,1,12496.71,0.09,5.1,0
58,high_school,female,mortgage,37220.34,salary_worker,0,1,7270.76,0.12,11.3,0
59,high_school,female,mortgage,23702.43,salary_worker,0,1,10430.2,0.34,9.7,1
32,high_school,female,rent,25722.63,self_employed,0,0,3420.93,0.54,2.6,0
63,bachelor,female,own,24098.3,salary_worker,0,1,10410.93,0.42,2.2,0
62,high_school,male,own,9338.5,self_employed,0,1,9134.27,0.55,3.1,0
44,high_school,female,rent,9910.74,self_employed,1,0,7041.25,0.05,7.4,0
48,bachelor,female,mortgage,21090.86,retired,0,1,4113.35,0.42,12.2,0
22,bachelor,female,rent,27593.95,public_sector,0,0,9129.44,0.01,13.3,0
59,high_school,male,rent,21901.51,public_sector,0,0,12066.95,0.6,10.5,0
69,high_school,male,own,16500.95,self_employed,0,1,6050.31,0.57,15.2,0
44,high_school,male,mortgage,21847.88,salary_worker,1,0,6116.1,0.3,8.3,0
48,phd,male,mortgage,21011.21,salary_worker,0,1,12539.5,0.01,11.9,0
45,high_school,male,rent,34563.43,self_employed,0,0,20756.64,0.32,5.2,0
25,high_school,female,rent,33703.57,salary_worker,0,0,13585.94,0.56,1.3,0
51,bachelor,female,mortgage,18976.63,salary_worker,0,1,9193.07,0.43,,0
57,high_school,female,own,23802.22,salary_worker,0,0,7088.48,0.69,7.0,0
67,high_school,female,own,27564.66,salary_worker,0,1,7981.44,0.31,17.8,1
67,high_school,male,rent,29468.88,salary_worker,0,1,3908.78,0.73,7.5,1
45,bachelor,female,mortgage,51208.93,self_employed,0,0,7443.44,0.01,3.4,1
68,bachelor,female,mortgage,24036.61,public_sector,0,0,15001.97,0.22,,0
47,bachelor,male,rent,41189.36,salary_worker,0,0,8281.66,0.13,4.5,0
53,master,female,rent,14442.96,public_sector,0,0,5744.37,0.49,8.1,0
51,high_school,female,rent,18270.57,salary_worker,0,1,5459.44,0.14,11.0,0
70,master,female,rent,9310.32,student,0,1,7962.74,0.54,3.8,0
57,bachelor,male,rent,26058.2,self_employed,0,1,4109.06,0.48,13.6,0
27,master,female,rent,32577.78,self_employed,0,0,4916.22,0.39,12.0,0
24,bachelor,female,rent,7708.48,public_sector,0,0,18827.04,0.34,8.9,0
41,high_school,female,own,26495.47,self_employed,0,0,4583.16,0.17,14.5,0
46,high_school,male,own,31948.95,salary_worker,0,0,5214.26,,,0
54,bachelor,female,own,31140.26,salary_worker,0,0,9511.3,0.27,10.7,0
45,high_school,female,mortgage,14212.29,student,0,0,6355.21,0.5,8.6,0
46,bachelor,male,rent,34472.05,retired,0,1,8507.89,0.63,4.9,0
67,,male,mortgage,24445.15,self_employed,1,1,13024.42,0.3,5.1,0
37,high_school,female,mortgage,31760.13,public_sector,0,0,3460.28,0.6,15.6,0
45,master,female,mortgage,23002.63,salary_worker,0,1,12269.05,0.39,11.7,0
48,bachelor,female,rent,28896.24,self_employed,0,1,5882.2,0.47,11.1,1
44,bachelor,male,rent,40100.98,salary_worker,0,0,6923.37,0.12,5.0,0
69,high_school,female,own,22207.6,salary_worker,1,0,23321.96,0.23,10.3,0
69,bachelor,male,rent,27662.89,retired,0,1,3746.42,0.23,6.0,0
46,master,male,rent,42718.87,public_sector,0,0,11213.64,0.6,14.3,0
43,bachelor,male,rent,22926.45,retired,0,1,58552.49,0.3,12.4,0
50,bachelor,female,own,14670.17,self_employed,0,0,5563.92,0.47,11.2,0
30,bachelor,male,mortgage,32998.57,salary_worker,0,0,5612.49,0.34,10.8,0
42,high_school,male,rent,46429.71,public_sector,0,1,6615.91,0.29,7.1,0
31,bachelor,male,mortgage,43475.49,salary_worker,0,0,5545.82,0.09,9.4,0
28,phd,female,mortgage,33581.97,retired,0,0,8404.81,0.01,13.7,0
25,bachelor,male,rent,8477.15,salary_worker,0,0,13239.15,0.3,,0
50,high_school,male,own,18285.71,public_sector,0,0,6635.71,0.31,4.1,0
21,bachelor,male,rent,18712.18,public_sector,0,0,13503.51,0.2,12.5,0
53,bachelor,male,mortgage,24839.51,salary_worker,1,0,17510.5,0.38,4.8,0
42,phd,male,mortgage,52037.46,salary_worker,0,0,10271.03,0.71,7.4,0
39,bachelor,female,mortgage,14969.29,salary_worker,0,0,10818.53,0.63,5.6,0
59,high_school,male,mortgage,66768.78,salary_worker,0,0,5844.9,0.36,0.0,0
47,high_school,male,rent,20495.33,retired,0,0,1914.8,0.36,8.2,0
57,bachelor,male,mortgage,17238.39,salary_worker,1,0,11182.86,0.47,16.2,0
56,high_school,female,mortgage,35608.59,salary_worker,0,1,12557.36,0.4,8.8,0
22,bachelor,female,mortgage,36898.9,salary_worker,1,0,9258.94,0.47,19.4,0
31,master,male,own,32613.32,salary_worker,0,1,13364.71,0.4,6.9,0
49,bachelor,male,rent,17218.59,salary_worker,0,0,5993.65,0.37,8.4,0
69,high_school,female,rent,30513.14,retired,0,1,10777.15,,7.1,0
28,bachelor,female,rent,15289.15,public_sector,0,1,18209.14,0.41,7.7,0
26,bachelor,male,own,17004.6,retired,0,0,30728.61,0.01,9.0,0
68,high_school,male,mortgage,23325.64,salary_worker,0,1,16958.35,0.4,13.5,0
69,bachelor,female,mortgage,16831.65,salary_worker,0,1,17018.16,0.01,4.1,0
29,bachelor,female,rent,39094.49,salary_worker,0,0,4139.12,0.4,7.5,0
41,master,female,rent,18766.42,self_employed,0,0,12034.7,0.17,10.0,0
52,high_school,female,rent,22043.98,salary_worker,0,1,5724.01,0.58,12.6,0
30,high_school,male,mortgage,16381.55,salary_worker,0,0,4406.71,0.36,,0
37,bachelor,male,mortgage,38829.07,self_employed,0,0,6924.98,0.35,1.9,0
40,high_school,male,own,18038.13,salary_worker,1,0,21264.35,0.42,7.7,0
53,high_school,male,own,40696.81,self_employed,0,0,6008.38,0.19,12.0,0
36,master,female,own,39373.36,self_employed,0,1,3080.91,0.55,5.6,0
41,high_school,female,rent,19916.95,public_sector,0,1,3660.9,0.47,10.2,0
35,bachelor,female,rent,24670.18,salary_worker,0,0,10541.85,0.25,15.4,0
58,phd,female,rent,19669.63,public_sector,1,1,5338.21,0.16,7.5,0
28,bachelor,male,rent,31119.03,salary_worker,0,0,2633.97,0.27,6.6,0
32,bachelor,female,own,22303.25,salary_worker,0,1,3741.3,0.32,9.4,0
33,bachelor,male,rent,20173.67,salary_worker,0,1,8882.2,0.14,8.2,0
66,high_school,female,mortgage,24854.17,salary_worker,0,0,12440.56,0.26,8.5,0
68,high_school,female,own,11944.22,self_employed,0,1,6341.41,0.23,6.8,0
46,,female,own,23526.16,public_sector,0,1,11578.88,0.3,6.5,0
28,high_school,male,mortgage,32608.41,public_sector,0,0,13402.7,0.31,3.5,0
58,high_school,male,rent,25903.27,salary_worker,0,1,5265.65,0.43,10.0,0
45,high_school,male,own,37355.87,salary_worker,0,0,7580.46,0.35,3.3,0
63,master,female,rent,20541.77,salary_worker,0,1,5823.96,0.41,,0
38,high_school,male,mortgage,19797.66,student,0,0,10898.54,0.38,2.7,0
70,,male,own,14723.59,salary_worker,0,0,5786.43,0.3,6.2,0
61,high_school,female,rent,20280.49,salary_worker,0,1,4157.85,0.46,7.6,0
32,bachelor,female,rent,58962.19,salary_worker,1,0,8340.87,0.01,3.1,0
57,high_school,female,mortgage,27556.52,public_sector,0,1,14923.46,0.28,6.4,0
35,high_school,female,mortgage,18704.3,salary_worker,1,0,40109.47,0.24,8.1,0
38,bachelor,male,mortgage,15478.95,salary_worker,0,0,14097.59,0.36,1.2,0
33,bachelor,female,own,11856.85,self_employed,1,0,13432.89,0.23,4.5,0
55,high_school,male,own,16752.84,public_sector,0,1,8293.12,0.44,14.7,0
34,bachelor,male,own,34256.69,self_employed,0,0,5833.55,0.47,4.7,0
52,bachelor,female,rent,20087.15,student,0,1,5022.33,0.09,10.3,0
50,high_school,male,own,15816.72,retired,0,1,3385.87,0.38,5.5,0
58,bachelor,female,own,16619.26,self_employed,1,1,15587.93,0.11,8.3,0
70,high_school,male,mortgage,32606.48,student,0,1,6755.87,0.43,4.3,0
21,bachelor,female,own,,public_sector,0,0,3172.82,0.26,0.0,0
70,high_school,female,own,18356.85,salary_worker,0,1,15976.58,0.2,5.7,0
26,bachelor,female,mortgage,21188.74,public_sector,0,0,8534.28,0.03,9.3,0
47,high_school,male,mortgage,65686.41,self_employed,0,1,13797.92,0.32,10.2,0
38,bachelor,male,rent,42143.27,self_employed,0,0,7017.43,0.13,8.1,0
52,bachelor,male,mortgage,47140.2,self_employed,0,1,5238.02,0.07,4.4,0
57,master,female,rent,11065.12,public_sector,0,1,10354.35,0.37,11.2,0
63,bachelor,male,mortgage,22742.8,retired,0,0,10837.3,0.51,4.6,0
41,master,female,rent,18212.16,salary_worker,0,0,6946.93,0.41,4.9,0
67,high_school,male,own,,public_sector,0,1,16687.92,0.08,3.6,0
37,high_school,male,mortgage,39218.86,self_employed,0,0,13629.72,0.32,5.8,0
31,high_school,male,rent,28194.77,retired,0,0,11054.8,0.46,6.3,0
39,bachelor,female,mortgage,16438.62,salary_worker,0,0,4400.68,0.32,8.7,0
47,bachelor,male,own,18079.68,salary_worker,0,1,4072.56,0.4,2.1,0
54,master,male,rent,32185.04,salary_worker,1,1,15669.32,0.26,5.7,0
62,bachelor,female,mortgage,33658.9,salary_worker,0,0,2431.86,0.27,4.3,0
32,bachelor,male,own,25937.07,salary_worker,0,0,7707.59,0.22,9.2,0
36,high_school,female,mortgage,25807.13,,0,0,8783.71,0.45,8.7,0
67,high_school,male,mortgage,24898.31,salary_worker,0,1,6189.8,0.46,,0
42,master,male,rent,,retired,0,1,7947.19,0.24,9.5,0
33,high_school,male,rent,,salary_worker,1,0,10210.41,0.48,7.3,0
70,high_school,female,rent,32324.3,,0,1,5866.59,0.08,10.7,0
43,master,female,own,24602.75,public_sector,0,0,13157.87,0.31,4.9,0
70,phd,male,rent,23811.59,salary_worker,0,1,11163.02,0.1,9.9,0
66,bachelor,female,own,23405.25,public_sector,0,0,7339.48,0.14,11.0,0
66,,male,mortgage,17134.53,public_sector,0,1,5143.36,0.09,7.8,0
50,,female,rent,17036.91,salary_worker,0,1,7708.94,0.22,15.9,0
60,high_school,male,mortgage,31094.32,self_employed,0,0,25870.76,0.45,9.5,1
69,bachelor,female,own,17662.68,salary_worker,0,0,5342.31,0.33,14.6,0
34,,female,rent,35111.02,salary_worker,0,1,18805.97,0.23,17.6,0
22,master,female,rent,23787.03,self_employed,1,0,3086.06,0.31,0.8,0
37,master,female,rent,35200.58,salary_worker,1,0,5047.09,0.01,12.1,1
52,bachelor,female,own,32423.26,self_employed,0,1,6012.25,0.44,9.6,0
48,high_school,female,rent,35572.16,self_employed,0,1,13656.88,0.01,8.5,0
25,bachelor,male,mortgage,19646.13,salary_worker,0,1,8353.59,0.21,4.9,1
49,high_school,female,mortgage,29260.82,salary_worker,0,0,16656.23,0.33,3.9,0
29,master,male,rent,33929.82,self_employed,0,0,6748.31,0.42,3.3,0
46,high_school,male,mortgage,12111.41,salary_worker,0,1,7866.57,0.38,16.4,0
49,high_school,male,mortgage,52352.87,public_sector,0,1,6763.02,0.33,9.4,0
52,bachelor,female,rent,67486.23,retired,0,0,24699.07,0.6,2.1,0
41,bachelor,female,mortgage,37282.52,public_sector,0,0,4375.9,0.7,3.3,0
41,master,female,rent,34984.01,salary_worker,1,0,6127.19,0.34,0.0,0
54,high_school,male,mortgage,31727.57,salary_worker,1,1,4732.08,0.32,12.3,0
58,master,male,rent,21045.77,,0,0,11106.9,0.31,7.7,0
61,high_school,female,mortgage,23165.59,public_sector,0,0,4326.2,0.23,9.5,0
37,high_school,female,mortgage,37570.79,student,0,1,22074.55,0.41,7.5,0
42,bachelor,female,mortgage,15709.99,self_employed,0,0,8470.75,0.57,11.3,0
37,high_school,female,mortgage,15103.43,salary_worker,1,0,27362.63,0.01,5.9,0
47,bachelor,male,rent,20357.44,salary_worker,0,0,10453.65,0.31,8.7,0
27,high_school,female,mortgage,32706.0,retired,0,0,8014.18,0.61,8.6,0
42,high_school,female,rent,16487.02,self_employed,0,1,8663.86,0.41,2.9,1
30,bachelor,female,rent,21994.83,retired,0,0,8489.64,0.41,4.6,0
47,high_school,female,rent,,public_sector,0,0,10781.46,0.05,6.3,0
63,bachelor,female,mortgage,15439.1,student,0,1,5154.87,0.47,8.8,0
70,bachelor,female,mortgage,8120.15,self_employed,0,0,4695.49,0.52,,0
43,high_school,female,rent,15337.7,,0,0,12727.65,0.38,8.0,0
23,master,female,mortgage,27375.37,retired,0,0,8094.54,0.22,7.1,0
32,high_school,male,mortgage,30295.81,retired,0,0,2687.73,0.42,8.7,0
26,high_school,male,rent,30408.07,retired,0,0,6239.44,0.15,6.9,0
58,high_school,female,own,32026.14,,0,1,18797.63,0.13,7.4,0
70,master,male,mortgage,18363.54,public_sector,0,1,7418.95,0.48,13.6,0
48,bachelor,female,mortgage,16676.0,self_employed,0,0,6050.85,0.54,6.6,0
29,bachelor,male,own,28818.59,public_sector,0,0,3561.24,0.21,8.5,0
22,phd,male,own,22130.51,public_sector,0,0,5929.49,0.13,4.9,0
69,high_school,female,rent,36613.98,public_sector,0,1,4272.42,,12.5,0
36,master,female,own,28900.61,salary_worker,0,0,10260.56,0.38,3.9,0
26,bachelor,male,own,43378.5,public_sector,0,0,8325.77,0.13,,0
29,master,female,rent,19742.1,retired,0,0,6634.88,0.57,11.4,0
33,master,female,rent,39355.48,self_employed,0,0,5328.26,0.26,4.0,0
53,phd,male,own,60815.75,salary_worker,0,0,18761.13,0.41,11.0,0
65,high_school,male,own,24938.9,retired,1,1,5497.65,0.21,0.0,0
34,master,male,own,30475.79,public_sector,0,0,5508.9,0.45,3.1,1
55,master,male,rent,16014.7,self_employed,0,1,7089.48,0.46,7.1,0
24,bachelor,male,mortgage,36400.05,self_employed,0,0,7656.3,0.04,17.1,0
21,,male,rent,40460.29,public_sector,0,0,10563.14,0.22,8.1,0
23,phd,male,own,19486.87,public_sector,0,0,13517.56,0.31,8.2,0
67,high_school,male,rent,31690.49,salary_worker,0,1,12972.22,0.25,12.1,0
50,bachelor,male,mortgage,27617.72,salary_worker,0,1,30836.12,0.5,3.2,0
61,bachelor,male,own,29023.28,retired,0,1,3193.65,0.23,0.0,0
22,high_school,male,own,35080.79,retired,0,0,9200.09,0.47,14.4,0
22,bachelor,male,mortgage,30745.68,salary_worker,0,0,6085.85,0.43,9.9,0
63,high_school,male,mortgage,22867.12,retired,0,1,24474.03,0.32,5.7,0
26,bachelor,female,own,,self_employed,1,0,8924.73,0.48,7.7,1
28,master,male,own,40148.29,salary_worker,0,0,2653.62,0.06,11.7,0
46,high_school,female,mortgage,18969.97,public_sector,0,1,10288.87,0.33,7.0,0
51,bachelor,female,mortgage,24323.31,salary_worker,0,1,9383.97,0.2,8.1,0
32,high_school,female,mortgage,10982.83,salary_worker,0,0,12292.69,0.32,15.6,0
43,master,male,mortgage,31653.98,student,1,1,5442.85,0.26,2.5,0
54,phd,male,mortgage,42209.6,self_employed,0,0,9704.11,0.35,9.6,0
43,high_school,female,mortgage,21681.55,salary_worker,0,1,6982.99,0.34,2.6,0
40,bachelor,female,rent,25849.49,self_employed,0,0,5601.28,0.36,13.8,0
24,bachelor,female,mortgage,22046.56,self_employed,0,0,9783.95,0.37,8.7,0
43,bachelor,female,mortgage,20480.87,self_employed,1,0,8813.43,0.44,4.8,0
61,bachelor,female,own,27023.9,salary_worker,0,1,14436.71,0.11,1.5,0
52,bachelor,male,own,17104.4,salary_worker,1,1,8224.26,,6.1,0
65,bachelor,female,rent,21897.45,self_employed,0,1,11295.35,0.07,8.2,0
27,high_school,female,mortgage,16203.01,self_employed,0,0,4171.0,0.01,12.1,0
21,high_school,female,mortgage,31732.11,retired,0,0,17448.07,0.7,3.1,0
48,master,male,rent,27109.98,salary_worker,1,1,5284.53,0.17,4.2,0
29,high_school,male,own,20049.17,retired,0,0,13314.54,0.26,5.5,0
50,bachelor,female,rent,24752.59,student,0,1,9364.82,0.01,4.4,1
66,high_school,female,own,22041.31,salary_worker,0,1,8733.99,0.26,5.4,0
37,master,male,own,40731.33,,0,0,12310.28,0.38,3.7,0
48,bachelor,female,own,19961.18,self_employed,0,0,2497.41,0.38,9.2,0
55,high_school,male,rent,32395.35,retired,0,0,5910.95,0.12,,0
28,high_school,male,rent,17723.68,salary_worker,1,0,12214.4,0.26,7.5,0
65,,male,rent,35115.83,salary_worker,0,1,23321.97,0.41,8.7,0
31,phd,male,own,38823.75,public_sector,1,0,7995.25,0.38,2.0,0
61,bachelor,female,mortgage,39657.2,public_sector,0,0,2120.28,0.36,9.9,1
53,bachelor,female,mortgage,47190.96,,0,1,6805.79,0.48,8.3,0
28,bachelor,female,mortgage,27766.91,salary_worker,0,0,7839.4,0.32,8.3,0
57,high_school,female,rent,42492.21,salary_worker,0,0,14916.19,0.59,7.0,0
30,bachelor,female,rent,50558.23,student,0,0,8321.42,0.29,6.4,0
50,high_school,female,mortgage,14692.26,public_sector,0,1,4015.03,0.47,7.7,0
68,high_school,male,own,,self_employed,0,1,13765.53,0.47,7.9,0
68,bachelor,female,rent,12418.4,retired,0,0,11076.42,0.04,2.8,0
64,master,male,own,39242.47,self_employed,0,1,5516.5,0.42,13.8,0
45,master,female,mortgage,12346.9,retired,0,1,12039.28,0.22,4.7,0
48,master,female,rent,10927.86,salary_worker,0,0,5999.08,0.16,7.8,0
36,bachelor,female,rent,14856.21,salary_worker,1,0,6877.33,0.26,12.2,0
67,high_school,male,own,11134.01,,0,1,6055.19,0.37,6.1,0
44,bachelor,male,rent,27514.57,salary_worker,1,0,6833.09,0.06,8.4,0
59,phd,male,own,14942.37,public_sector,1,1,13342.61,0.34,0.0,0
38,bachelor,female,mortgage,11377.27,self_employed,1,1,3034.55,0.3,,0
58,bachelor,female,mortgage,23888.61,salary_worker,0,1,14872.53,0.53,7.4,0
32,bachelor,male,own,24531.18,public_sector,0,1,8928.28,0.23,8.3,1
57,master,female,rent,10494.41,self_employed,0,0,6538.43,0.55,11.9,1
23,master,female,own,17656.06,self_employed,0,0,8196.15,0.41,,0
26,master,female,rent,,salary_worker,0,0,4915.08,0.33,1.1,0
38,bachelor,female,mortgage,20731.91,student,0,0,3302.89,0.57,12.6,0
45,high_school,female,mortgage,20988.55,public_sector,0,0,4991.9,0.69,2.7,0
56,bachelor,female,own,41385.22,retired,0,1,2856.87,0.3,11.0,0
38,high_school,male,mortgage,63955.65,public_sector,0,0,3850.84,0.21,5.7,1
21,phd,male,own,21141.98,self_employed,1,0,3319.23,0.42,18.4,0
37,bachelor,female,own,13428.75,salary_worker,0,0,15884.52,0.08,5.1,0
42,bachelor,female,mortgage,21904.29,public_sector,0,1,3998.54,0.11,7.2,0
48,high_school,male,rent,26567.18,salary_worker,0,0,7921.33,0.58,8.1,0
53,bachelor,female,rent,23766.32,student,1,0,14976.01,0.44,6.5,1
33,bachelor,male,mortgage,32042.26,salary_worker,0,0,12933.15,0.19,3.5,0
51,high_school,female,own,65864.78,salary_worker,1,1,6888.96,0.9,16.3,0
52,master,male,rent,11260.94,self_employed,0,1,6906.26,0.09,5.1,0
59,high_school,male,rent,19376.46,self_employed,0,1,8947.08,0.45,4.9,0
47,bachelor,female,own,,public_sector,0,1,25892.94,0.2,7.1,0
61,high_school,male,own,19246.4,,0,1,10169.78,0.66,8.3,0
32,bachelor,male,own,34726.98,public_sector,1,0,11702.07,0.24,4.8,1
56,bachelor,male,rent,32334.99,retired,0,1,28184.24,0.29,11.3,1
23,master,female,own,42471.81,self_employed,0,0,9440.88,0.01,8.1,0
26,high_school,female,own,57584.16,self_employed,0,0,15234.57,0.71,7.6,0
64,phd,female,mortgage,28279.23,,1,1,10538.06,0.23,9.7,0
44,bachelor,male,own,11096.41,salary_worker,0,0,10453.97,0.43,4.1,0
52,high_school,female,own,17762.0,salary_worker,1,1,4770.3,0.34,5.2,0
51,high_school,female,mortgage,65102.86,salary_worker,0,1,4354.51,0.24,7.4,0
55,high_school,male,rent,12882.32,public_sector,0,0,6113.32,0.01,11.2,0
33,master,female,rent,30441.53,public_sector,0,0,13161.67,0.3,6.5,0
29,high_school,male,rent,7851.59,salary_worker,0,0,12822.5,0.29,6.2,0
23,bachelor,female,own,13252.58,salary_worker,1,1,16869.33,0.4,0.0,1
64,bachelor,male,mortgage,36283.62,salary_worker,0,1,8053.75,0.73,4.7,0
32,master,female,rent,24740.14,self_employed,1,0,10891.72,0.46,0.9,0
49,bachelor,female,mortgage,,salary_worker,1,0,10917.23,,1.9,0
43,bachelor,male,rent,16874.18,public_sector,0,0,7637.9,0.29,9.0,0
29,high_school,female,own,9912.54,student,0,0,6789.66,0.1,20.8,0
41,master,female,own,33257.4,public_sector,0,0,3580.48,0.29,8.3,0
25,high_school,female,rent,21430.78,retired,0,0,7451.02,0.21,8.8,0
29,high_school,male,own,12273.04,student,0,0,7652.59,0.33,4.5,1
27,phd,female,mortgage,24675.97,public_sector,0,0,15122.11,0.25,3.3,0
62,high_school,female,own,31620.52,self_employed,0,1,15964.86,0.04,15.7,0
49,high_school,female,mortgage,22241.09,public_sector,0,0,8779.22,0.57,4.3,0
67,bachelor,female,mortgage,25647.38,self_employed,0,1,25206.59,0.31,0.0,0
42,high_school,male,own,24764.27,salary_worker,0,0,8995.62,0.28,8.5,0
31,high_school,female,mortgage,17711.02,salary_worker,0,0,14301.31,0.14,5.8,0
51,bachelor,male,rent,24944.7,public_sector,0,0,7669.14,,9.9,0
67,bachelor,male,rent,33889.06,retired,0,0,4328.24,0.18,13.8,0
47,master,male,own,38777.27,public_sector,0,0,6413.3,0.13,9.0,0
21,high_school,male,own,34746.29,salary_worker,0,0,18228.25,0.37,8.4,0
36,bachelor,female,own,17965.45,self_employed,1,0,7007.17,0.26,10.1,0
67,master,male,own,32412.38,public_sector,0,0,6269.34,0.47,18.3,0
46,high_school,male,mortgage,30015.22,public_sector,0,0,8084.98,0.28,16.6,0
68,high_school,male,rent,17687.81,self_employed,0,1,6540.55,0.36,6.2,0
46,high_school,female,mortgage,19752.97,salary_worker,0,0,15624.06,0.36,11.3,0
21,bachelor,female,own,,salary_worker,0,0,22856.71,0.41,14.6,0
64,high_school,male,own,45234.2,retired,0,1,8129.58,0.19,10.3,0
59,bachelor,female,rent,10772.45,salary_worker,0,0,10907.99,0.5,7.2,0
56,phd,male,rent,50920.84,retired,0,0,13829.11,0.13,5.5,0
69,high_school,female,own,41104.46,salary_worker,0,1,8601.58,0.35,7.9,0
30,bachelor,male,mortgage,26624.93,student,0,0,4999.78,0.12,2.9,0
66,high_school,female,own,21843.91,salary_worker,0,0,6469.19,0.32,11.1,0
32,high_school,female,rent,29018.68,public_sector,0,1,10164.05,0.5,13.1,1
69,bachelor,female,mortgage,18246.81,public_sector,0,1,10062.76,0.44,5.9,0
30,bachelor,male,mortgage,,public_sector,1,0,3023.88,0.53,5.7,0
48,phd,male,mortgage,12534.47,public_sector,0,0,6373.21,0.29,3.3,0
60,bachelor,male,own,11117.93,salary_worker,0,0,5402.66,,9.4,1
24,high_school,male,mortgage,69531.7,salary_worker,0,0,13164.25,0.22,7.5,0
24,bachelor,male,own,25043.86,salary_worker,0,1,5519.09,0.26,1.7,0
63,high_school,male,mortgage,26679.75,public_sector,0,1,6287.82,0.36,19.2,0
24,master,male,own,24008.67,public_sector,0,0,6168.12,0.49,0.4,0
51,bachelor,male,rent,16772.6,salary_worker,1,0,12521.88,0.24,1.7,0
67,high_school,male,mortgage,21201.39,public_sector,0,1,13806.08,0.47,11.3,1
51,bachelor,female,mortgage,25362.7,salary_worker,0,1,10630.32,0.38,10.1,0
45,bachelor,male,own,22281.52,salary_worker,0,1,14891.19,0.4,4.6,0
41,master,female,own,17352.79,salary_worker,0,0,15986.16,0.19,4.4,0
52,high_school,female,mortgage,30205.22,public_sector,0,1,2993.89,0.27,9.3,0
49,high_school,male,rent,26496.4,salary_worker,0,0,11221.1,0.32,9.0,0
46,,male,rent,29051.01,retired,1,1,6611.8,,4.7,0
28,high_school,female,rent,33432.05,,0,0,4059.39,0.19,11.5,0
54,bachelor,female,rent,22544.9,self_employed,0,0,6796.38,0.11,9.8,0
57,high_school,male,rent,22561.51,salary_worker,0,1,12112.26,0.01,12.8,1
56,,female,mortgage,47434.43,public_sector,0,1,18040.71,0.47,7.3,0
24,bachelor,female,rent,15917.8,retired,0,0,3866.85,0.51,10.7,0
56,high_school,male,mortgage,10476.25,self_employed,0,0,11385.87,0.01,6.6,0
57,master,male,mortgage,31256.81,salary_worker,1,1,23887.15,0.35,9.7,0
30,bachelor,male,rent,18339.13,salary_worker,0,0,22179.3,0.27,8.9,0
63,high_school,male,mortgage,14990.8,salary_worker,0,1,1212.79,0.56,10.9,0
47,bachelor,female,own,36255.89,salary_worker,0,1,26859.75,0.3,9.6,0
44,high_school,female,mortgage,,public_sector,0,0,13746.95,0.44,0.0,0
57,master,male,own,13785.83,salary_worker,0,0,2277.74,0.26,5.0,1
46,bachelor,male,own,58146.78,public_sector,0,0,5318.18,0.22,7.8,0
48,bachelor,female,rent,11792.17,self_employed,0,0,16183.87,0.48,9.4,0
36,master,female,mortgage,23411.78,self_employed,0,1,9878.91,0.53,10.8,0
67,master,female,rent,10402.75,student,1,1,5909.55,0.11,9.7,0
69,master,female,mortgage,27496.01,salary_worker,1,1,8404.77,0.55,4.7,0
27,high_school,female,rent,18242.35,salary_worker,0,0,10940.81,0.16,11.2,0
57,high_school,female,own,35195.51,self_employed,1,1,5892.3,0.01,4.3,0
22,bachelor,male,own,24153.3,self_employed,0,0,7555.91,0.34,12.6,0
39,bachelor,female,rent,,public_sector,0,0,13270.57,0.43,12.8,0
69,bachelor,male,rent,20062.92,retired,0,1,5511.27,0.07,7.5,0
29,master,male,rent,11824.81,public_sector,0,0,3841.65,0.01,4.9,0
39,high_school,male,mortgage,27088.98,student,0,0,5707.17,0.25,4.7,0
31,high_school,male,mortgage,21727.83,salary_worker,0,0,4969.62,0.23,3.1,0
57,bachelor,female,rent,10735.73,salary_worker,0,0,5809.93,0.59,3.8,1
44,high_school,female,own,15139.75,salary_worker,0,0,3133.47,0.34,6.8,0
50,bachelor,male,rent,17470.87,public_sector,0,0,9224.25,0.47,5.3,0
68,bachelor,female,mortgage,,salary_worker,1,1,13058.32,0.38,1.1,0
47,bachelor,female,mortgage,33468.19,salary_worker,0,0,5185.13,0.62,5.6,0
57,bachelor,female,mortgage,20816.87,student,0,1,5661.35,0.18,7.9,0
25,bachelor,male,mortgage,30088.29,salary_worker,0,0,7309.55,0.32,6.1,0
31,bachelor,female,rent,9722.94,salary_worker,1,0,4908.79,0.06,3.9,0
68,high_school,male,rent,18878.75,salary_worker,0,0,13919.98,0.49,0.0,0
63,bachelor,female,mortgage,29156.93,salary_worker,0,1,4970.3,0.54,12.1,0
53,bachelor,male,rent,26223.71,salary_worker,0,1,6067.82,0.5,7.3,0
39,high_school,female,rent,19097.06,salary_worker,0,0,5325.18,0.32,8.8,0
30,bachelor,male,rent,23926.96,salary_worker,0,0,14102.57,0.07,8.2,0
63,master,male,mortgage,28343.38,public_sector,1,1,7135.99,0.32,9.5,0
60,high_school,female,mortgage,24240.73,salary_worker,0,1,24250.93,0.22,8.5,0
33,bachelor,female,mortgage,35862.65,public_sector,0,0,9843.54,0.51,7.9,0
50,phd,male,own,28096.94,public_sector,1,0,15323.41,0.26,10.6,0
51,master,male,rent,30639.9,public_sector,0,0,6779.44,0.26,11.4,0
44,high_school,female,own,52633.06,retired,0,0,4824.96,,13.0,0
67,bachelor,female,mortgage,35326.12,self_employed,0,1,7956.64,0.48,4.2,0
27,phd,female,rent,53286.13,,0,0,5577.67,0.53,8.5,0
33,bachelor,female,mortgage,17991.21,salary_worker,0,0,2699.47,0.25,1.1,0
25,high_school,female,own,11889.53,salary_worker,0,0,14149.52,0.14,5.6,0
55,high_school,female,mortgage,22853.82,public_sector,0,0,8250.33,0.53,6.7,0
53,master,female,mortgage,,self_employed,1,0,5512.83,0.61,10.5,0
70,bachelor,male,own,46945.21,salary_worker,0,1,9966.15,0.11,7.0,0
48,high_school,male,mortgage,14639.52,salary_worker,0,0,8314.97,0.25,10.2,0
28,high_school,male,own,23494.1,retired,0,0,17595.26,0.18,6.1,0
43,bachelor,male,mortgage,29211.88,self_employed,0,1,10280.96,0.43,5.2,0
25,bachelor,male,mortgage,25464.64,salary_worker,0,0,7433.07,0.54,4.3,0
54,master,female,own,22534.7,retired,0,1,11865.44,0.27,10.3,0
54,bachelor,male,rent,28605.54,public_sector,1,0,7944.38,0.27,6.0,0
63,phd,female,mortgage,39560.8,self_employed,0,0,8965.22,0.01,0.0,1
37,master,male,mortgage,48585.75,self_employed,1,0,15905.05,0.17,10.0,0
36,high_school,male,own,24705.06,public_sector,0,0,4261.11,0.61,3.8,0
24,bachelor,male,mortgage,16862.87,salary_worker,0,1,5040.19,0.43,8.3,0
41,high_school,female,own,48559.27,student,0,0,6434.01,0.51,3.0,0
44,phd,male,own,14988.9,public_sector,1,1,6973.23,0.27,7.6,0
58,high_school,female,own,54489.35,public_sector,0,1,15307.47,0.29,0.0,0
58,bachelor,female,rent,44571.99,public_sector,0,1,3721.62,0.34,7.4,0
28,master,female,own,47582.93,student,0,0,7972.67,0.4,4.0,0
35,high_school,female,mortgage,33137.67,salary_worker,0,0,5985.36,0.59,2.4,0
46,master,male,rent,9408.6,salary_worker,0,1,20645.76,0.22,10.6,0
37,high_school,female,rent,15250.93,public_sector,0,0,13175.52,0.32,7.0,0
22,bachelor,female,mortgage,27947.97,salary_worker,0,0,9239.85,0.2,6.5,1
63,bachelor,male,mortgage,17961.01,public_sector,0,1,13806.07,0.01,4.6,0
57,high_school,male,mortgage,21123.13,self_employed,0,0,3921.81,0.51,11.1,0
47,bachelor,female,rent,32072.8,salary_worker,0,1,24714.06,0.65,5.8,0
36,master,male,mortgage,22550.48,salary_worker,0,0,5099.92,0.48,13.5,0
63,high_school,male,rent,14064.94,,0,1,16176.62,0.38,12.4,0
22,bachelor,female,rent,36262.75,salary_worker,0,0,10975.36,0.67,13.2,0
43,master,male,mortgage,30690.43,salary_worker,0,0,9371.03,0.42,11.4,0
61,master,male,own,21762.68,salary_worker,0,0,15809.61,0.48,5.1,0
68,high_school,female,mortgage,33525.77,salary_worker,0,0,14018.32,0.37,7.7,0
33,phd,male,rent,25406.78,public_sector,0,0,8596.07,0.39,6.7,0
53,high_school,female,rent,44316.51,student,0,0,6426.08,0.32,10.9,0
30,bachelor,male,own,26057.05,public_sector,0,0,8670.36,0.49,7.5,0
26,bachelor,female,rent,44168.51,self_employed,0,1,7657.62,0.14,6.5,0
38,,female,rent,10476.15,salary_worker,0,1,9844.77,0.42,14.1,0
65,high_school,male,rent,29930.96,student,0,1,14204.64,0.19,6.2,1
55,high_school,male,rent,20352.56,retired,0,0,10485.12,0.43,5.0,0
45,bachelor,female,mortgage,16538.18,public_sector,0,1,8970.34,0.77,5.9,0
35,,female,rent,40999.91,salary_worker,0,0,5655.13,0.47,11.8,0
28,bachelor,female,own,36318.75,salary_worker,0,0,9687.2,0.55,8.3,0
34,bachelor,male,own,9868.33,salary_worker,1,0,3188.28,0.5,9.3,1
28,bachelor,female,own,33589.64,salary_worker,0,0,5225.84,0.01,8.4,0
30,high_school,female,own,31804.61,salary_worker,0,0,11309.89,0.32,0.0,0
55,high_school,male,mortgage,17581.77,retired,1,1,13185.24,0.42,3.2,1
27,phd,female,mortgage,16715.86,salary_worker,0,1,8011.51,0.01,6.4,0
23,bachelor,female,rent,11899.37,salary_worker,0,0,9050.22,0.29,8.8,0
48,high_school,male,mortgage,20912.67,retired,0,1,9933.26,0.33,3.6,0
35,high_school,female,rent,22474.37,student,0,0,11787.44,0.12,3.4,0
43,high_school,male,own,34844.43,salary_worker,0,0,7253.4,0.17,6.3,0
27,phd,male,own,27480.2,salary_worker,0,0,4719.09,0.58,12.8,0
31,high_school,female,rent,15108.93,public_sector,0,0,10026.09,0.01,0.0,0
43,high_school,male,rent,27105.54,student,1,1,23791.12,0.39,0.0,1
55,bachelor,male,rent,21713.28,public_sector,0,1,4878.78,,14.4,0
41,,male,rent,15983.76,salary_worker,0,1,25278.3,0.34,1.4,0
48,high_school,male,own,11905.1,public_sector,0,0,6552.25,0.59,5.9,0
47,phd,female,rent,32246.39,public_sector,0,1,30554.25,0.26,1.5,0
34,bachelor,female,mortgage,,salary_worker,1,0,4777.16,0.18,6.3,0
34,high_school,male,mortgage,31274.12,salary_worker,0,0,7418.62,0.34,7.0,0
42,bachelor,female,rent,17540.89,retired,0,1,6630.41,0.27,13.9,0
22,high_school,female,rent,26291.1,public_sector,0,0,4064.76,0.24,10.4,0
55,high_school,male,own,13109.42,salary_worker,0,0,3945.13,0.31,2.4,0
51,bachelor,female,mortgage,15615.79,public_sector,0,0,11076.83,0.2,0.0,0
36,bachelor,male,own,24715.34,public_sector,0,1,11965.22,0.19,9.5,0
39,bachelor,male,rent,27393.44,salary_worker,0,0,5956.72,0.14,5.4,0
37,,male,mortgage,11696.35,salary_worker,0,0,17587.58,0.41,4.6,0
53,high_school,female,own,15125.01,,0,1,2349.72,0.16,12.2,0
58,master,female,own,20652.12,student,0,1,4055.54,0.12,0.5,0
26,bachelor,male,mortgage,37471.41,salary_worker,0,0,5148.21,0.15,6.0,1
41,high_school,female,mortgage,16883.7,public_sector,1,1,8063.28,0.38,10.0,0
21,master,male,own,25932.67,self_employed,0,0,6323.33,0.46,2.8,0
43,high_school,male,rent,27185.16,retired,0,0,7254.84,0.48,12.7,0
33,bachelor,female,own,21755.87,student,0,0,10580.63,0.38,3.5,0
37,bachelor,female,rent,27463.39,student,0,0,18058.8,0.44,7.2,0
43,high_school,male,own,13290.27,retired,0,0,12598.55,0.33,4.7,0
37,master,female,rent,18122.25,salary_worker,0,0,8357.25,0.42,0.0,0
40,high_school,male,own,46418.9,salary_worker,1,1,7753.67,0.42,5.8,0
59,master,male,mortgage,47913.1,salary_worker,0,1,14850.32,0.21,10.7,0
61,high_school,female,mortgage,35572.01,public_sector,0,0,22841.38,0.15,3.4,0
21,high_school,male,mortgage,39941.71,,0,0,11511.03,0.58,5.0,0
39,high_school,female,rent,10703.65,,0,0,6188.47,0.36,,0
63,master,female,rent,15884.31,salary_worker,0,1,9344.8,0.53,9.6,0
47,high_school,male,own,21162.89,public_sector,1,0,11149.74,0.14,6.1,0
31,master,male,rent,72188.7,salary_worker,0,0,5971.0,0.27,7.6,0
50,high_school,male,rent,21144.02,salary_worker,1,0,13045.06,0.09,7.6,0
28,bachelor,male,mortgage,34037.12,self_employed,0,0,9369.57,0.46,5.4,0
22,high_school,male,own,28861.6,self_employed,0,0,15375.98,0.23,14.3,0
52,high_school,female,rent,28574.09,retired,0,0,4735.26,0.24,3.4,0
46,phd,female,own,24086.61,public_sector,0,1,3109.41,0.69,10.3,0
58,bachelor,female,mortgage,14185.64,public_sector,0,1,6528.85,0.46,12.6,1
38,bachelor,female,mortgage,7219.03,salary_worker,0,0,8209.57,0.46,6.9,0
63,bachelor,female,rent,43339.91,salary_worker,0,1,3009.42,0.12,7.7,0
42,bachelor,male,own,18445.51,public_sector,0,0,5798.46,0.01,9.6,0
57,bachelor,female,mortgage,10507.02,salary_worker,0,0,16415.08,0.51,6.0,0
26,master,male,rent,29646.0,public_sector,0,0,10865.04,0.01,0.0,0
25,bachelor,male,own,29391.34,student,1,0,8743.14,0.25,6.5,0
60,bachelor,male,mortgage,34391.05,salary_worker,0,0,4533.81,0.19,14.1,0
62,bachelor,female,mortgage,40218.09,public_sector,0,0,16117.41,0.17,9.8,0
68,,male,rent,16098.09,salary_worker,0,1,6441.13,0.26,7.8,0
37,bachelor,male,mortgage,16420.05,salary_worker,0,1,8537.7,0.15,10.5,1
22,bachelor,female,rent,21090.62,salary_worker,0,0,10138.25,0.12,6.9,0
69,bachelor,female,rent,35232.99,public_sector,1,1,8903.4,0.39,7.6,0
51,bachelor,female,rent,9450.4,student,1,0,18406.85,0.53,5.8,0
33,phd,male,own,25788.73,salary_worker,0,1,11117.91,0.03,9.4,0
59,phd,male,rent,37028.93,,0,1,9760.4,0.38,,0
66,master,male,mortgage,36347.67,salary_worker,0,1,7726.91,0.44,6.2,0
35,bachelor,male,mortgage,33485.0,salary_worker,1,1,10275.81,0.42,11.0,0
59,bachelor,female,rent,39275.27,self_employed,0,1,7219.22,0.3,6.7,0
60,high_school,female,mortgage,7071.07,public_sector,0,0,8992.61,0.23,9.8,0
46,bachelor,male,mortgage,50315.12,public_sector,1,0,6714.72,0.48,10.1,0
52,high_school,male,rent,28245.3,student,0,0,6156.8,0.4,7.2,0
34,high_school,male,mortgage,44382.17,salary_worker,0,0,4895.97,0.01,6.1,0
67,phd,female,mortgage,14348.7,self_employed,0,1,6980.28,0.3,2.2,0
70,master,female,mortgage,11056.55,salary_worker,0,0,6732.91,0.35,3.1,0
70,bachelor,female,own,54386.43,public_sector,0,1,22162.5,0.14,9.9,0
57,high_school,female,mortgage,16043.6,salary_worker,0,0,13983.84,0.3,,0
23,bachelor,female,mortgage,21165.29,salary_worker,0,0,7527.26,0.43,3.5,0
39,bachelor,male,rent,30864.27,public_sector,0,1,6420.03,0.19,9.1,0
43,master,male,rent,34468.43,salary_worker,0,1,11364.85,0.38,8.4,0
68,phd,female,own,39548.67,public_sector,0,1,23582.35,0.16,11.2,0
48,high_school,female,own,26917.28,student,0,0,12557.94,0.12,16.2,0
47,high_school,female,rent,15147.05,salary_worker,0,0,3146.26,0.45,9.8,0
28,high_school,female,rent,33455.94,self_employed,0,0,13026.49,0.55,4.7,0
60,high_school,male,mortgage,33696.53,student,0,0,14359.63,0.13,10.5,0
37,high_school,female,mortgage,10756.16,public_sector,0,1,27162.2,0.51,3.3,1
25,high_school,male,rent,46092.62,salary_worker,0,0,7068.54,0.34,16.4,0
70,high_school,female,rent,7949.12,public_sector,0,1,8744.79,0.01,2.6,0
30,high_school,female,rent,38773.3,self_employed,0,0,10379.96,0.08,9.3,0
21,high_school,male,rent,18299.89,public_sector,0,0,5323.11,0.45,7.5,0
24,bachelor,female,own,33439.04,self_employed,0,0,5064.36,0.05,5.8,0
43,high_school,female,rent,30625.47,salary_worker,0,0,10093.5,0.23,,0
26,master,male,mortgage,23939.73,public_sector,0,0,3468.0,0.33,12.9,0
63,high_school,female,rent,29821.62,salary_worker,0,0,3927.02,0.42,9.8,0
46,high_school,female,rent,23414.2,retired,0,0,12690.67,0.37,6.9,0
37,high_school,female,mortgage,33566.3,public_sector,0,0,10655.29,0.62,14.4,0
21,bachelor,female,own,65079.98,student,0,0,16112.62,0.19,7.0,0
44,high_school,male,own,13312.28,salary_worker,0,1,10454.4,0.36,10.4,0
28,bachelor,female,rent,5798.38,salary_worker,1,0,8149.67,0.42,2.1,0
69,high_school,male,mortgage,20190.08,salary_worker,0,0,16464.93,0.47,2.4,0
35,phd,male,own,19578.52,salary_worker,0,1,6421.59,0.53,10.3,0
44,high_school,female,mortgage,20539.28,salary_worker,0,0,6745.72,0.26,8.7,0
21,high_school,female,own,16044.2,self_employed,0,0,7820.59,0.46,16.1,0
27,master,female,mortgage,36047.59,salary_worker,0,0,10381.24,0.17,4.7,0
31,high_school,female,own,13074.27,student,0,0,7811.54,0.33,10.2,0
23,high_school,female,mortgage,29817.44,salary_worker,0,0,3580.38,0.43,6.5,0
57,master,male,mortgage,32445.26,salary_worker,0,1,6997.96,0.52,10.9,0
68,high_school,female,own,28068.68,public_sector,1,0,7963.66,0.44,10.6,0
70,high_school,male,mortgage,,salary_worker,0,1,8631.31,0.36,7.4,0
34,bachelor,male,mortgage,37315.73,,0,0,6328.57,0.33,4.5,0
60,high_school,male,rent,24936.91,public_sector,0,0,10700.96,0.44,6.1,0
46,master,female,mortgage,20828.48,,0,0,3341.62,0.73,3.0,0
23,bachelor,female,rent,30298.9,public_sector,0,0,10184.96,0.49,9.0,0
25,bachelor,male,own,31893.73,public_sector,0,0,21721.83,0.41,0.0,0
48,high_school,female,rent,36328.45,student,1,1,5803.73,0.09,5.2,0
42,bachelor,male,rent,11264.63,salary_worker,0,1,8363.95,0.19,11.1,0
21,bachelor,male,rent,22413.32,self_employed,0,0,7073.68,0.28,11.0,0
67,high_school,male,rent,15071.85,public_sector,1,1,7139.56,0.5,1.1,0
57,master,female,rent,31333.22,salary_worker,0,0,4602.44,0.17,9.8,0
46,bachelor,female,rent,33759.57,self_employed,0,1,24230.25,0.46,2.9,0
70,master,male,own,21515.19,public_sector,0,1,10018.43,0.36,6.0,0
69,high_school,male,own,17532.81,salary_worker,1,1,5603.02,0.4,10.6,0
69,high_school,male,mortgage,31844.93,salary_worker,0,1,5262.94,0.3,3.6,1
33,bachelor,male,mortgage,22926.32,public_sector,0,0,8381.86,0.23,13.2,1
65,,male,rent,46254.31,,0,1,2459.66,0.16,8.5,0
46,high_school,male,own,54058.87,salary_worker,0,0,14458.71,0.45,9.4,0
57,high_school,male,own,38189.66,public_sector,1,1,6108.17,0.33,11.8,0
63,master,female,own,27029.82,public_sector,0,1,10035.02,0.15,11.1,0
29,high_school,female,own,55354.25,self_employed,0,0,10296.7,0.38,10.7,0
43,high_school,male,mortgage,27128.07,salary_worker,0,0,13779.19,0.96,4.9,0
27,bachelor,male,own,19621.14,salary_worker,0,0,10624.78,0.3,3.1,0
34,high_school,female,own,,public_sector,0,0,12194.57,0.64,6.4,0
41,high_school,male,mortgage,17737.29,salary_worker,0,0,14192.74,0.01,9.4,0
63,high_school,female,rent,24273.33,retired,0,1,6757.2,0.29,2.4,0
64,master,female,mortgage,29983.1,public_sector,0,1,26456.65,0.51,9.8,0
40,high_school,male,mortgage,12876.76,salary_worker,1,0,9838.72,0.34,9.0,0
37,bachelor,female,rent,19890.22,self_employed,0,0,7979.33,0.22,6.8,0
47,phd,male,mortgage,26789.97,retired,0,0,5102.02,0.34,7.7,0
66,bachelor,male,mortgage,32520.69,retired,0,1,7230.93,0.52,7.8,0
69,bachelor,male,own,,self_employed,0,1,10107.38,0.73,9.3,0
32,bachelor,female,rent,27174.35,salary_worker,1,0,8539.03,0.53,10.5,0
30,high_school,male,mortgage,13942.05,public_sector,0,0,22139.01,0.25,19.0,1
56,bachelor,female,own,16150.33,public_sector,0,1,6538.79,0.3,8.2,0
36,phd,male,rent,23685.35,self_employed,0,1,11773.66,0.3,4.9,0
30,master,female,own,30630.39,salary_worker,0,0,4363.15,0.18,0.0,0
22,bachelor,male,own,27013.35,retired,0,0,26923.76,0.31,1.9,0
41,high_school,male,rent,16614.47,self_employed,0,0,4202.77,0.29,4.5,0
40,master,female,mortgage,21884.79,salary_worker,0,0,25358.17,0.12,10.3,0
49,high_school,female,rent,48065.85,salary_worker,0,1,7519.75,0.49,5.9,1
31,master,female,own,31098.54,salary_worker,0,0,2370.83,0.42,9.1,0
56,high_school,male,mortgage,22626.12,,0,1,17045.15,0.22,4.6,0
55,bachelor,male,rent,15342.37,salary_worker,1,0,8478.41,0.37,9.3,0
44,master,male,mortgage,17658.68,self_employed,0,1,6314.52,0.17,11.0,0
30,bachelor,male,own,24415.31,salary_worker,0,1,11532.51,0.24,5.9,0
46,high_school,female,own,27561.53,salary_worker,0,1,11677.56,0.46,,0
54,master,male,own,31398.13,salary_worker,1,0,10178.38,0.42,5.7,0
39,high_school,female,mortgage,28986.73,salary_worker,0,0,15127.53,0.25,2.6,0
34,high_school,male,mortgage,20607.16,salary_worker,0,1,9310.54,0.4,9.7,0
46,bachelor,female,rent,19341.39,salary_worker,0,0,11583.63,0.33,9.2,0
38,bachelor,male,own,61153.66,public_sector,0,0,6081.64,0.16,9.9,0
41,bachelor,female,own,18950.58,self_employed,1,1,12345.66,0.31,11.3,0
38,high_school,female,mortgage,13612.36,,0,0,6096.25,0.42,6.5,0
36,bachelor,female,mortgage,11644.36,salary_worker,0,1,4365.56,0.4,6.8,0
56,master,male,own,20765.85,salary_worker,0,0,7234.06,0.04,6.4,0
44,high_school,male,mortgage,37160.17,salary_worker,0,1,6962.69,0.37,,0
44,bachelor,female,own,18785.18,self_employed,0,1,13497.54,0.34,6.9,0
53,bachelor,female,rent,47329.14,self_employed,0,0,3643.64,0.01,8.0,0
39,master,female,own,24263.38,public_sector,0,0,14786.92,,4.6,0
26,bachelor,male,own,40106.8,self_employed,0,0,5752.35,0.43,3.4,0
63,master,male,own,17309.75,salary_worker,0,0,2088.72,0.59,3.9,0
23,high_school,male,own,,salary_worker,0,0,4171.1,0.04,9.2,0
49,high_school,male,mortgage,,student,1,1,6842.14,0.52,7.3,0
34,phd,female,mortgage,30246.92,salary_worker,0,0,10345.68,0.01,5.5,0
31,master,female,rent,22459.51,salary_worker,0,1,7530.26,0.59,,0
23,bachelor,male,own,27767.16,salary_worker,0,0,4166.18,0.3,13.3,0
66,bachelor,male,mortgage,31723.68,student,0,0,5280.66,0.21,5.5,0
42,bachelor,female,rent,12845.8,retired,0,1,4204.57,0.4,3.2,0
38,high_school,male,mortgage,20880.65,salary_worker,0,0,9342.38,0.17,11.3,0
58,master,female,own,,salary_worker,1,0,7709.23,0.43,7.6,0
22,master,female,rent,19701.4,public_sector,0,0,11356.83,0.32,6.8,0
49,bachelor,female,mortgage,,salary_worker,0,1,3060.68,0.01,11.6,0
45,high_school,male,own,,salary_worker,0,0,6040.91,0.19,6.4,0
48,high_school,male,rent,9874.54,salary_worker,1,0,24731.65,0.37,9.1,0
27,high_school,male,rent,21885.22,salary_worker,0,0,11528.4,0.53,8.1,0
68,bachelor,male,mortgage,15078.38,salary_worker,0,1,6885.28,0.4,20.5,0
32,bachelor,male,mortgage,30435.03,public_sector,1,1,4707.7,0.53,7.0,1
54,high_school,female,own,34981.12,public_sector,0,1,14902.16,0.18,11.2,0
58,bachelor,male,rent,9148.33,self_employed,0,1,18825.53,0.47,6.5,1
38,phd,female,rent,17181.62,salary_worker,0,1,4308.02,0.47,9.3,0
27,high_school,male,mortgage,28538.74,salary_worker,0,0,4538.09,0.05,6.7,0
35,bachelor,female,own,12913.21,retired,0,0,9445.94,0.54,10.7,0
61,bachelor,female,own,34620.37,salary_worker,0,1,9944.31,0.4,7.1,0
66,high_school,male,rent,39034.16,salary_worker,0,0,10567.39,0.29,9.5,0
67,bachelor,female,own,22631.39,salary_worker,0,0,22333.73,0.29,4.5,0
32,bachelor,female,own,17184.1,salary_worker,1,0,4748.96,0.15,4.3,0
51,high_school,male,own,8606.26,self_employed,0,0,8282.68,0.45,0.0,0
28,high_school,male,rent,35112.46,salary_worker,0,0,12048.03,0.39,9.0,0
56,master,female,own,59942.54,public_sector,0,0,11976.85,0.44,4.9,1
41,high_school,female,own,54613.86,salary_worker,0,0,5674.3,0.35,16.3,0
56,bachelor,female,own,22298.22,public_sector,0,1,5798.89,0.38,5.6,0
55,,male,rent,14887.78,self_employed,0,0,6294.48,0.29,12.5,0
70,master,male,rent,35487.33,salary_worker,0,0,20679.57,0.53,12.1,0
45,bachelor,female,own,22992.17,public_sector,0,0,4730.76,0.45,6.5,0
38,master,male,rent,30186.78,retired,0,0,6779.3,0.37,4.6,0
47,bachelor,male,own,27895.99,salary_worker,1,1,12412.99,0.32,7.0,0
29,bachelor,male,own,25383.42,public_sector,0,0,4452.2,0.02,12.0,0
26,high_school,female,rent,38670.46,self_employed,0,0,9338.58,0.01,16.6,0
46,high_school,male,mortgage,39322.44,public_sector,1,0,2850.52,0.27,2.6,1
62,high_school,male,own,19240.84,salary_worker,0,0,9008.56,0.57,7.6,0
47,high_school,female,rent,,salary_worker,0,0,8339.9,0.21,5.1,0
60,bachelor,female,mortgage,,salary_worker,0,0,8866.06,0.22,6.1,0
29,high_school,female,own,,salary_worker,0,0,5024.53,0.16,14.3,0
43,high_school,female,mortgage,14883.43,salary_worker,0,0,9184.28,0.11,4.4,0
51,high_school,male,rent,29396.73,retired,1,0,7930.91,0.18,1.1,0
38,bachelor,male,mortgage,20928.35,salary_worker,0,1,16556.21,0.39,8.3,0
21,bachelor,female,mortgage,21974.92,salary_worker,0,0,11508.17,0.25,9.0,0
24,master,male,rent,35079.94,salary_worker,0,0,3652.11,0.24,5.8,0
67,bachelor,female,own,29107.89,salary_worker,0,0,5125.99,0.23,4.8,0
51,master,male,mortgage,23097.73,public_sector,0,0,5773.33,0.38,8.1,0
34,master,female,own,51994.41,public_sector,0,0,8948.24,0.41,2.1,0
33,high_school,male,own,33933.81,salary_worker,0,0,7383.37,0.01,9.2,0
22,phd,male,mortgage,20188.38,salary_worker,0,0,7366.59,0.2,6.1,0
68,high_school,male,mortgage,20597.73,salary_worker,0,1,38168.02,0.32,13.0,0
26,bachelor,male,mortgage,34709.57,student,0,0,6111.37,0.42,8.8,0
58,master,female,mortgage,26669.63,salary_worker,1,0,17413.07,0.36,6.9,0
33,high_school,male,mortgage,14698.17,salary_worker,0,0,7472.25,0.49,6.6,0
37,bachelor,male,mortgage,36410.8,salary_worker,0,0,2445.03,0.09,0.0,0
34,high_school,female,own,42862.58,salary_worker,0,0,9002.24,0.41,7.0,0
62,high_school,male,mortgage,41424.38,salary_worker,0,0,14996.57,0.71,6.7,0
22,high_school,female,own,48739.11,retired,0,0,11480.39,0.35,7.7,0
38,high_school,female,rent,61767.9,salary_worker,0,0,9329.0,0.36,6.7,0
34,high_school,male,own,53023.03,salary_worker,0,0,8209.52,0.43,13.2,0
34,bachelor,female,rent,28375.97,,0,0,6172.99,0.24,6.4,0
30,bachelor,female,mortgage,22163.62,salary_worker,0,0,13265.6,,4.1,0
66,,female,own,10685.89,student,0,1,6381.69,0.35,0.8,0
39,bachelor,male,own,24462.35,public_sector,1,1,5697.68,0.04,5.7,0
41,high_school,male,rent,30748.95,retired,0,0,10156.28,0.41,3.3,0
40,high_school,female,own,24824.81,retired,0,0,6870.27,0.44,2.3,0
70,master,male,own,10407.69,self_employed,0,1,16390.8,0.05,6.3,0
37,master,male,mortgage,21397.31,self_employed,0,0,10477.7,0.37,12.1,0
38,bachelor,male,own,32545.66,self_employed,0,1,5282.3,0.3,11.2,0
37,high_school,male,own,15341.83,public_sector,0,0,4317.36,0.61,2.4,0
37,master,male,rent,26227.43,public_sector,0,0,5910.73,0.58,7.6,1
25,master,female,own,29561.62,self_employed,0,0,29315.63,0.49,9.2,0
51,high_school,female,own,40258.86,salary_worker,0,1,7110.55,0.56,9.8,0
22,high_school,male,mortgage,52610.58,public_sector,0,0,12296.29,0.27,13.9,0
32,high_school,female,mortgage,,salary_worker,0,0,3951.67,0.39,,0
31,bachelor,female,mortgage,26441.52,self_employed,0,0,4466.25,0.29,,0
35,master,female,rent,26816.73,self_employed,0,0,7305.35,0.16,4.8,0
58,bachelor,female,rent,32604.93,self_employed,0,1,20652.75,0.35,9.0,0
50,high_school,male,mortgage,31002.76,self_employed,0,0,3984.22,0.33,0.0,0
70,bachelor,female,mortgage,46223.91,public_sector,0,1,5731.0,0.3,6.6,0
38,master,male,rent,8526.35,public_sector,1,0,13305.49,0.33,0.4,0
67,bachelor,male,mortgage,29381.18,salary_worker,1,1,19456.25,0.35,7.5,0
23,master,female,own,30313.09,salary_worker,0,0,10306.93,0.5,15.8,0
46,high_school,female,rent,21897.92,salary_worker,0,0,11751.4,0.23,11.1,0
60,high_school,female,mortgage,8788.47,salary_worker,0,1,4947.77,0.11,2.6,0
47,bachelor,male,mortgage,23683.92,salary_worker,0,1,3914.31,0.46,5.8,0
67,,female,mortgage,17681.03,public_sector,0,1,4314.76,0.49,3.9,0
36,phd,male,rent,51796.61,public_sector,0,0,5012.31,0.4,12.7,0
22,bachelor,female,own,28821.62,salary_worker,1,0,9173.57,0.14,0.0,0
59,high_school,female,mortgage,17018.08,retired,0,0,4143.1,0.32,5.7,0
24,high_school,female,mortgage,9665.42,salary_worker,0,0,9299.54,0.39,4.7,0
59,bachelor,female,own,31754.13,public_sector,0,1,6813.41,0.15,2.8,0
57,high_school,female,own,33298.48,self_employed,0,0,5946.84,0.2,14.1,0
63,bachelor,male,rent,22090.44,public_sector,1,0,13184.15,0.31,1.2,0
44,high_school,female,own,31941.26,salary_worker,0,1,4781.61,0.55,,0
65,high_school,male,mortgage,20811.86,salary_worker,0,1,17847.83,0.38,13.9,0
29,bachelor,male,rent,39349.83,salary_worker,0,0,12796.97,0.24,7.1,0
42,high_school,male,rent,38051.97,public_sector,0,0,4700.59,0.3,6.8,0
27,bachelor,male,own,11643.27,retired,0,0,15697.08,0.22,5.0,0
59,bachelor,female,own,,self_employed,0,1,4404.89,0.27,7.5,0
56,bachelor,male,own,60722.94,public_sector,0,1,16501.29,0.47,5.8,0
61,bachelor,female,rent,,salary_worker,0,0,9731.41,0.01,4.6,0
59,bachelor,male,mortgage,13793.17,public_sector,0,0,3399.84,0.58,1.9,0
36,master,female,rent,12008.01,public_sector,0,1,3974.05,0.73,7.7,0
24,high_school,male,own,26728.81,salary_worker,0,0,6485.11,0.37,5.1,0
67,high_school,male,own,14558.9,self_employed,0,1,13059.72,0.19,5.6,0
45,bachelor,male,own,21109.57,salary_worker,0,1,7376.99,0.55,10.1,0
25,bachelor,female,own,23830.57,salary_worker,0,0,7276.52,0.39,5.5,0
67,bachelor,male,mortgage,23372.2,salary_worker,0,1,8284.1,0.25,7.1,1
70,bachelor,male,own,40414.43,,0,1,2704.59,0.17,14.2,0
43,master,male,own,55583.42,public_sector,0,1,12750.48,0.27,9.0,0
59,high_school,female,own,19623.58,salary_worker,1,1,16929.48,0.37,5.3,0
22,bachelor,female,own,14635.47,retired,0,0,12508.31,0.5,3.1,0
25,high_school,female,own,28997.96,public_sector,0,0,6419.42,0.39,7.0,0
34,high_school,male,own,,self_employed,0,0,4980.21,0.42,,0
53,bachelor,female,own,20303.59,student,0,1,4469.07,0.28,,0
27,bachelor,male,rent,35691.27,retired,0,0,4344.96,0.49,7.3,0
22,high_school,male,mortgage,16702.09,salary_worker,0,0,28155.83,0.3,5.0,0
54,master,male,rent,24577.14,student,1,1,7759.3,0.67,5.9,0
59,master,male,mortgage,14430.88,salary_worker,0,1,13327.4,0.22,2.4,0
57,bachelor,male,own,24461.96,salary_worker,0,1,12929.94,0.41,8.3,0
60,phd,male,rent,23100.17,salary_worker,1,0,8764.25,0.73,7.8,0
61,bachelor,female,mortgage,32005.25,public_sector,0,0,4854.15,0.53,13.2,0
51,master,male,own,54183.28,student,0,1,10778.21,0.47,7.7,0
46,high_school,male,mortgage,20434.85,salary_worker,0,0,4467.62,0.39,4.4,1
63,high_school,female,mortgage,9898.34,self_employed,0,0,11285.43,0.35,13.0,0
38,high_school,male,mortgage,22226.78,salary_worker,1,0,4581.21,0.31,8.7,0
25,high_school,male,own,27852.92,retired,0,0,6374.83,0.24,8.0,0
58,bachelor,male,mortgage,26658.28,salary_worker,0,1,6368.96,0.06,7.2,0
34,high_school,male,own,22678.21,self_employed,0,0,17490.68,0.46,7.8,0
69,bachelor,male,mortgage,47546.89,self_employed,0,1,2124.41,0.06,3.8,0
41,high_school,female,rent,25881.83,salary_worker,0,0,29200.24,0.46,6.9,0
63,high_school,female,mortgage,23221.68,student,0,1,5201.76,0.28,6.3,0
23,phd,female,mortgage,17154.78,student,1,0,7571.53,0.17,8.6,0
53,bachelor,male,rent,11092.01,self_employed,0,1,10171.23,0.59,11.7,0
43,master,female,mortgage,28230.39,public_sector,0,0,9702.98,0.08,11.1,0
44,bachelor,male,mortgage,,retired,0,1,12887.29,0.22,9.3,0
34,high_school,male,mortgage,15112.86,salary_worker,0,1,11335.62,0.24,0.3,0
69,bachelor,male,rent,23861.76,salary_worker,0,0,24843.4,0.37,5.5,0
40,bachelor,female,own,22817.13,public_sector,0,0,12117.16,0.23,0.0,0
63,high_school,female,mortgage,18379.2,self_employed,0,1,19909.55,0.6,11.5,0
42,master,female,rent,17034.74,public_sector,0,1,5978.01,0.09,6.7,0
23,bachelor,female,mortgage,29210.59,self_employed,1,0,5893.65,1.08,6.6,1
64,bachelor,female,mortgage,21990.92,public_sector,1,1,16502.78,0.15,4.5,0
30,bachelor,female,rent,18658.42,salary_worker,0,0,21276.56,0.87,12.3,0
34,bachelor,female,mortgage,16518.69,salary_worker,0,0,14076.41,0.54,7.6,0
64,high_school,male,rent,22959.95,salary_worker,0,1,1421.64,0.32,6.8,0
65,phd,female,mortgage,36901.87,salary_worker,0,1,2354.46,0.38,7.7,0
66,high_school,female,mortgage,26715.2,public_sector,0,1,8069.45,0.27,8.0,1
42,high_school,male,own,21879.27,public_sector,0,0,7393.22,0.4,6.7,0
58,high_school,male,own,27968.12,salary_worker,0,0,8192.3,0.21,12.3,0
37,bachelor,male,own,44980.0,self_employed,0,0,16130.36,0.47,12.2,0
58,phd,male,own,30354.08,salary_worker,0,1,15694.09,0.37,7.6,0
46,master,female,mortgage,27366.92,self_employed,1,0,8921.35,0.16,4.1,0
23,bachelor,male,rent,32446.19,student,0,0,3504.72,0.42,8.5,0
41,phd,male,own,22672.18,salary_worker,0,1,4121.36,0.41,4.8,0
44,bachelor,male,rent,26445.22,public_sector,0,0,8409.24,0.21,12.9,0
33,high_school,male,mortgage,19535.14,salary_worker,0,0,10190.92,0.26,13.5,0
39,bachelor,female,mortgage,12115.62,salary_worker,1,0,4148.41,0.43,10.1,0
46,high_school,male,rent,28403.74,public_sector,0,1,11652.63,0.54,2.6,0
23,high_school,male,rent,,public_sector,0,0,3090.82,0.31,5.4,0
28,high_school,male,rent,21386.8,self_employed,0,0,1872.93,0.51,6.4,0
59,high_school,female,rent,38797.83,retired,0,1,5007.44,0.55,3.9,0
38,phd,female,own,17593.39,public_sector,0,0,17243.4,0.57,6.0,0
51,phd,female,mortgage,10969.53,self_employed,1,0,18718.3,0.42,8.2,0
49,high_school,female,own,17788.33,salary_worker,0,0,3370.39,0.18,9.3,0
48,bachelor,female,rent,12168.15,salary_worker,0,1,3515.13,0.5,12.4,0
41,high_school,male,own,28342.46,self_employed,0,1,12314.27,0.31,7.1,0
45,high_school,female,mortgage,17353.77,public_sector,1,0,6358.96,0.43,6.0,0
62,high_school,female,own,37915.31,salary_worker,0,1,17180.08,0.23,2.1,0
69,high_school,female,rent,37560.55,salary_worker,0,1,12204.54,0.23,8.6,0
33,high_school,male,mortgage,16054.78,salary_worker,0,0,13413.49,0.21,5.4,1
54,high_school,male,rent,16921.7,salary_worker,0,1,5156.26,0.1,6.4,0
69,high_school,male,mortgage,30961.44,self_employed,0,1,10343.32,0.23,5.0,0
21,high_school,male,mortgage,37832.66,,0,0,24563.36,0.15,5.1,0
60,master,male,mortgage,9841.08,public_sector,0,0,8762.5,0.44,10.1,0
45,high_school,male,rent,27632.61,student,0,0,7904.99,0.15,7.0,0
69,high_school,male,rent,9055.11,public_sector,0,0,6376.46,0.22,13.5,1
49,bachelor,female,mortgage,19018.51,salary_worker,0,1,3357.44,0.34,2.8,0
62,high_school,male,own,39820.84,,0,1,4427.45,0.67,12.2,0
29,bachelor,female,own,94315.1,public_sector,0,0,4961.67,0.22,5.3,0
28,high_school,male,own,21862.53,public_sector,1,0,3280.12,0.09,7.0,0
67,bachelor,female,rent,13888.24,self_employed,0,1,3467.14,0.1,9.2,0
47,bachelor,female,own,19320.63,self_employed,0,0,2108.01,0.19,11.3,0
48,bachelor,female,mortgage,25077.63,salary_worker,0,0,5269.12,0.22,11.5,0
29,bachelor,male,mortgage,18004.76,salary_worker,0,0,11747.39,0.75,11.4,0
32,bachelor,male,own,16055.86,salary_worker,0,0,6808.41,0.51,6.4,0
61,high_school,female,mortgage,20088.8,salary_worker,0,1,6825.41,0.28,14.5,0
36,high_school,male,mortgage,29085.93,retired,0,0,12353.91,0.67,9.7,0
50,bachelor,female,rent,22556.22,salary_worker,0,1,20515.39,0.23,0.0,0
36,high_school,male,mortgage,16371.2,salary_worker,0,0,28291.92,0.27,,0
34,high_school,female,rent,18006.21,public_sector,0,1,8773.41,0.26,5.8,0
29,bachelor,female,rent,20206.58,retired,0,0,6939.67,0.52,6.1,0
67,high_school,male,own,,self_employed,0,0,6456.27,0.33,9.9,0
68,high_school,male,rent,17708.23,salary_worker,1,1,11216.72,0.61,8.6,0
26,bachelor,male,rent,32520.83,salary_worker,0,0,7435.58,0.42,4.6,0
38,high_school,male,own,21946.34,public_sector,0,0,7450.22,0.5,13.4,0
49,master,male,rent,11058.24,public_sector,0,1,7726.74,0.01,2.2,0
40,master,female,own,38608.47,salary_worker,0,0,4826.25,0.03,1.9,0
57,phd,female,rent,29363.98,retired,0,1,2246.87,0.04,3.0,0
34,bachelor,male,mortgage,13063.67,public_sector,1,1,5607.83,0.26,9.1,1
23,high_school,female,mortgage,20652.25,public_sector,1,0,18062.87,0.06,8.8,0
37,bachelor,male,rent,17044.03,salary_worker,0,0,17601.9,0.56,4.1,0
50,bachelor,female,mortgage,33011.38,retired,0,0,13587.16,0.3,5.0,0
30,bachelor,male,rent,20594.03,self_employed,0,0,6176.14,0.45,7.3,0
61,high_school,female,rent,23558.74,salary_worker,0,0,5245.98,0.25,3.1,1
21,high_school,male,own,22356.28,salary_worker,0,0,19801.8,0.49,10.5,0
24,high_school,male,rent,12505.7,salary_worker,1,0,4466.13,0.01,13.6,0
46,high_school,female,rent,45817.82,salary_worker,0,0,8280.58,0.33,6.6,0
46,high_school,female,mortgage,32795.56,salary_worker,0,0,20521.36,0.43,8.7,1
35,master,female,mortgage,17390.47,salary_worker,1,0,8674.74,0.45,7.8,0
33,high_school,female,mortgage,26538.13,self_employed,0,0,6895.24,0.28,,0
24,bachelor,female,mortgage,37735.37,public_sector,0,0,15335.28,0.03,15.1,0
54,phd,male,own,24961.34,public_sector,0,1,8430.46,0.52,5.9,0
39,high_school,female,rent,49047.25,self_employed,0,0,9026.27,0.27,7.5,0
26,bachelor,female,rent,90493.46,salary_worker,0,0,18640.5,0.29,10.8,0
40,bachelor,female,own,22999.9,salary_worker,0,0,1998.78,0.74,8.7,0
67,high_school,female,mortgage,18729.62,public_sector,0,0,9871.05,0.36,3.7,0
34,bachelor,female,rent,15595.94,public_sector,0,0,5316.25,0.25,0.1,0
65,master,male,rent,8990.21,salary_worker,0,0,7230.24,0.24,5.0,1
33,bachelor,male,own,42687.66,retired,0,0,8622.46,0.46,8.7,0
30,master,male,mortgage,20763.0,public_sector,0,1,5588.64,0.19,5.8,0
34,,female,own,36095.02,retired,1,0,9188.31,0.43,3.1,0
37,high_school,male,mortgage,39513.73,public_sector,1,0,10016.12,0.54,5.0,0
27,bachelor,male,own,14966.41,salary_worker,0,0,9062.5,0.32,,0
50,bachelor,male,own,16012.64,retired,0,0,8615.15,0.52,2.8,0
37,bachelor,male,own,53375.61,retired,1,0,7595.56,0.33,6.1,0
56,bachelor,female,mortgage,23587.46,public_sector,0,1,7678.17,0.22,5.3,0
45,bachelor,male,mortgage,18085.59,,0,0,8464.75,0.04,15.2,0
43,master,male,own,15209.45,retired,0,1,4825.51,,1.5,0
44,high_school,male,rent,22841.74,public_sector,0,1,16294.19,0.39,4.2,0
28,bachelor,male,rent,,salary_worker,0,0,7707.03,0.52,7.6,0
56,high_school,male,rent,33138.37,self_employed,0,0,6490.81,0.5,8.0,0
26,bachelor,female,rent,26417.79,self_employed,0,1,10074.01,0.71,11.8,0
57,bachelor,male,rent,49753.42,public_sector,0,1,7607.73,0.24,11.4,0
70,master,male,mortgage,45619.88,self_employed,0,0,16049.67,0.4,4.5,0
59,bachelor,male,mortgage,28292.58,self_employed,0,1,13254.28,0.22,8.6,0
43,bachelor,male,mortgage,84902.08,student,0,0,8528.06,0.51,6.7,0
36,high_school,female,mortgage,21778.09,salary_worker,0,0,13580.68,0.17,5.5,0
64,high_school,female,mortgage,39899.25,salary_worker,0,1,9222.46,0.5,11.4,0
33,high_school,female,mortgage,20397.17,public_sector,0,0,4295.14,0.21,8.4,0
45,master,male,rent,36544.35,salary_worker,0,0,13219.22,0.48,13.7,0
59,high_school,male,rent,21768.64,salary_worker,0,0,2849.09,0.56,9.3,0
67,phd,male,rent,29959.92,self_employed,1,0,3849.13,0.06,11.1,0
67,high_school,male,mortgage,71364.88,student,0,1,11895.29,0.1,0.0,0
25,bachelor,male,rent,37359.16,salary_worker,0,0,10341.9,0.38,7.7,0
65,bachelor,female,own,30169.25,salary_worker,1,1,9968.78,0.36,9.1,0
26,bachelor,male,own,17177.98,self_employed,1,0,17400.53,0.29,9.5,0
50,bachelor,male,own,26494.78,public_sector,0,0,7993.68,0.25,13.5,0
67,bachelor,male,own,15465.99,salary_worker,0,1,6581.13,0.19,9.8,0
53,master,male,mortgage,36284.26,salary_worker,0,1,12558.49,,,0
68,bachelor,male,own,35876.76,public_sector,0,1,5472.08,0.17,9.5,0
38,high_school,female,mortgage,22452.65,student,0,0,7108.45,0.41,10.7,0
36,high_school,male,rent,51461.51,salary_worker,0,0,9310.66,0.24,4.9,0
37,bachelor,male,mortgage,48305.62,self_employed,1,0,9729.31,0.26,5.7,1
38,bachelor,female,own,26038.75,public_sector,0,0,6746.89,,10.5,0
55,bachelor,female,rent,31397.39,salary_worker,0,1,6187.19,0.51,7.4,0
43,bachelor,female,mortgage,18679.73,public_sector,1,1,4376.68,0.16,11.8,0
57,high_school,female,mortgage,21536.81,salary_worker,0,1,5255.62,0.18,8.1,0
41,master,male,mortgage,14986.37,salary_worker,0,0,22037.45,0.48,0.0,0
36,bachelor,female,mortgage,19628.71,salary_worker,0,0,7001.87,0.08,7.6,0
30,bachelor,female,own,23225.94,,0,1,8991.98,0.6,5.8,0
48,bachelor,male,rent,11531.47,public_sector,0,0,3568.13,0.36,9.9,0
65,master,female,rent,31557.49,public_sector,0,0,33182.11,0.24,9.1,0
63,bachelor,male,mortgage,38559.5,public_sector,0,0,5045.21,0.34,3.6,0
33,phd,female,mortgage,24256.43,public_sector,0,1,20770.94,0.58,8.2,0
44,high_school,female,mortgage,7231.78,salary_worker,0,1,7834.95,0.01,9.5,0
56,,male,mortgage,21723.57,retired,0,1,4959.88,0.52,9.2,0
51,bachelor,male,own,13003.53,retired,0,1,9904.45,0.56,11.3,0
24,bachelor,male,rent,18502.69,salary_worker,0,1,3528.39,0.28,3.3,0
50,high_school,male,rent,46787.5,public_sector,0,1,15144.26,0.33,6.8,0
22,bachelor,female,own,8139.53,public_sector,0,0,13587.73,0.36,0.0,0
26,high_school,male,mortgage,16858.95,self_employed,0,0,7591.05,0.47,12.1,0
53,master,female,rent,35358.93,salary_worker,0,1,3259.94,0.21,7.9,0
26,high_school,male,mortgage,17749.87,salary_worker,0,0,5183.63,,7.1,0
37,high_school,female,mortgage,17149.19,student,0,0,8386.59,0.32,7.0,0
50,bachelor,male,rent,60753.67,public_sector,1,0,4163.95,0.46,9.4,0
53,high_school,female,mortgage,28861.8,public_sector,0,0,4553.71,0.82,11.7,0
43,high_school,female,own,37065.28,retired,0,0,14430.72,0.21,6.3,0
25,bachelor,female,mortgage,30412.27,salary_worker,0,1,8823.77,0.35,9.1,0
60,bachelor,male,own,26180.33,student,0,0,8671.8,0.2,9.1,0
68,high_school,female,own,42993.8,self_employed,0,1,10830.3,0.25,0.0,0
65,bachelor,male,rent,57377.41,public_sector,0,0,7404.9,0.15,4.7,0
58,bachelor,female,own,11411.96,salary_worker,1,1,7842.18,0.06,9.2,0
41,master,male,mortgage,23959.19,salary_worker,0,0,10412.81,0.55,12.4,0
64,high_school,female,mortgage,23874.36,salary_worker,0,0,49629.45,0.4,12.9,0
45,high_school,male,mortgage,20066.87,salary_worker,0,1,10656.83,0.36,2.6,1
27,phd,female,rent,37853.45,salary_worker,1,0,18091.79,0.18,11.5,0
63,bachelor,female,mortgage,27326.15,salary_worker,0,0,8213.6,0.33,11.6,0
37,high_school,female,rent,57899.43,public_sector,0,0,3862.44,0.13,9.2,0
67,master,female,rent,39939.45,retired,0,0,14743.37,0.34,0.0,1
39,high_school,female,mortgage,,,0,0,7081.23,0.4,5.4,0
64,master,female,mortgage,14191.18,salary_worker,0,1,5309.33,0.24,7.9,0
47,bachelor,male,mortgage,16937.09,self_employed,0,1,11989.57,0.2,6.6,0
44,phd,male,mortgage,17576.87,public_sector,1,0,9936.05,0.25,0.0,0
35,phd,female,rent,44152.44,self_employed,0,0,4010.57,0.49,6.5,0
62,high_school,female,rent,15752.76,student,1,1,11717.59,0.38,3.8,0
24,master,female,rent,15961.42,salary_worker,0,0,22717.12,0.05,9.9,0
44,high_school,female,own,14696.87,self_employed,0,0,9681.67,0.47,9.4,0
39,bachelor,female,own,84024.38,retired,0,0,7038.14,0.44,9.6,0
48,bachelor,female,rent,22833.77,self_employed,0,0,3235.41,0.37,6.0,0
33,high_school,female,own,30898.09,self_employed,0,0,25038.5,0.64,7.6,0
54,high_school,male,own,14570.03,retired,0,1,6097.73,0.34,7.2,0
40,high_school,male,mortgage,37483.88,salary_worker,0,0,3735.39,0.42,11.2,0
30,high_school,male,own,10958.27,,0,0,8612.46,0.42,5.4,1
30,high_school,female,rent,15669.14,salary_worker,0,0,14108.56,0.5,4.5,0
55,master,male,mortgage,,public_sector,0,1,15990.55,0.3,11.3,0
34,bachelor,female,mortgage,26862.65,retired,0,0,5598.64,0.22,10.8,0
36,master,female,rent,17036.49,salary_worker,0,0,7675.67,0.52,9.4,0
52,master,male,rent,48329.58,salary_worker,0,0,8104.92,0.51,13.8,0
37,bachelor,female,mortgage,30529.55,self_employed,0,0,13864.78,0.57,15.9,0
40,high_school,female,mortgage,17848.57,salary_worker,0,0,11226.8,0.41,12.4,0
33,master,male,rent,38136.52,retired,0,0,9403.56,0.04,4.5,0
38,bachelor,male,own,20394.53,salary_worker,0,0,64462.78,0.37,10.8,0
55,bachelor,male,own,18663.1,retired,0,1,3830.93,0.35,7.9,0
47,master,female,rent,36428.88,public_sector,1,0,10213.66,0.56,5.3,0
70,bachelor,female,rent,8072.58,salary_worker,0,1,9153.38,0.53,4.5,0
59,bachelor,male,mortgage,33882.97,public_sector,0,1,7883.26,0.45,8.6,0
21,master,female,own,17660.88,public_sector,0,0,7063.38,0.01,10.8,0
39,bachelor,female,rent,17648.86,salary_worker,1,0,8723.56,0.19,13.0,1
35,master,female,mortgage,58756.77,salary_worker,0,0,5921.8,0.27,10.2,0
50,high_school,male,own,19167.17,public_sector,1,1,36315.88,0.28,9.8,0
34,high_school,male,own,37427.52,public_sector,0,0,17110.3,0.37,6.7,0
69,bachelor,female,rent,27602.46,public_sector,0,0,14781.04,0.61,8.4,0
35,high_school,male,rent,28921.66,salary_worker,0,1,6055.23,0.48,1.5,0
47,phd,female,rent,21747.54,,0,0,4786.45,0.17,9.8,0
27,high_school,male,mortgage,21242.9,public_sector,0,0,7211.46,0.19,9.2,0
66,bachelor,female,own,48416.44,salary_worker,1,0,8628.17,0.17,15.2,0
66,high_school,female,mortgage,37001.25,salary_worker,1,0,3653.3,0.32,7.3,0
60,phd,female,rent,19441.08,salary_worker,1,0,10551.12,0.48,12.3,0
38,high_school,male,mortgage,15204.64,public_sector,0,0,14693.82,0.51,5.6,0
23,high_school,male,own,18713.24,salary_worker,0,0,2369.37,0.27,14.3,0
56,high_school,male,mortgage,37860.85,retired,0,0,4938.4,0.33,13.3,0
42,bachelor,female,own,41374.14,salary_worker,0,0,15919.64,0.64,12.0,0
70,phd,female,own,31248.44,public_sector,0,0,9953.51,0.07,7.7,0
55,phd,female,rent,11759.93,salary_worker,0,0,5031.75,0.45,6.6,0
47,high_school,female,rent,34173.32,public_sector,0,0,12142.28,0.44,6.0,0
70,bachelor,female,mortgage,43765.9,self_employed,0,1,5844.07,0.29,3.6,0
61,high_school,male,rent,26320.42,public_sector,0,1,7116.23,0.34,9.4,0
43,bachelor,male,rent,59332.43,student,0,0,4331.28,0.42,6.5,0
21,bachelor,male,mortgage,13434.26,salary_worker,0,0,8178.82,0.29,9.0,0
25,high_school,female,rent,33128.97,salary_worker,0,1,14185.91,0.23,8.2,0
43,bachelor,female,own,15381.19,salary_worker,0,0,6231.5,0.21,3.2,0
49,master,male,mortgage,39196.54,self_employed,0,0,11556.48,0.68,11.7,0
22,high_school,female,mortgage,32073.56,public_sector,0,0,7883.68,0.26,7.9,0
27,high_school,male,rent,54754.24,salary_worker,0,0,14668.45,0.38,10.9,0
56,high_school,male,own,30481.31,public_sector,0,0,6281.28,0.48,2.8,0
58,high_school,female,own,20296.37,salary_worker,0,1,19058.36,0.3,4.4,1
22,high_school,female,own,19516.56,student,0,0,11788.43,0.35,5.9,0
46,bachelor,male,mortgage,21751.11,salary_worker,0,0,9266.93,0.43,8.5,0
25,high_school,male,mortgage,19344.71,student,1,1,9454.81,0.19,7.1,0
57,bachelor,male,rent,44631.67,self_employed,0,1,6274.55,0.06,,0
62,master,male,rent,,,0,0,6056.36,0.21,11.6,0
64,master,male,mortgage,12413.56,self_employed,1,0,9360.05,0.65,4.6,0
50,bachelor,female,own,24766.87,salary_worker,0,1,4191.01,0.24,19.3,0
52,high_school,male,mortgage,25037.28,public_sector,0,0,5820.08,0.36,7.2,0
67,high_school,male,rent,17127.1,self_employed,0,0,4839.22,0.1,12.7,0
51,high_school,female,rent,29649.85,salary_worker,0,0,11097.79,0.58,6.4,0
43,,female,mortgage,46975.57,self_employed,0,0,11191.0,0.29,10.0,0
58,phd,male,mortgage,36363.25,retired,0,0,16273.65,0.26,11.3,1
50,high_school,male,rent,44630.86,public_sector,0,0,6740.85,0.32,1.5,0
63,high_school,female,mortgage,17618.23,salary_worker,0,1,5196.43,0.79,14.5,0
47,bachelor,male,own,24746.23,public_sector,1,0,3611.53,0.42,4.4,0
64,high_school,male,rent,17248.12,salary_worker,0,0,9405.24,0.31,6.1,0
23,phd,male,own,27112.32,,1,0,17469.94,0.01,5.1,0
22,high_school,female,rent,28233.17,salary_worker,0,0,7777.29,0.58,5.2,0
25,high_school,female,mortgage,37493.66,salary_worker,0,0,8222.64,0.21,5.4,0
48,bachelor,female,rent,43961.58,public_sector,0,1,8075.44,0.19,2.7,0
56,high_school,male,own,33191.19,salary_worker,0,1,9318.02,0.2,10.5,0
31,high_school,male,rent,16529.86,salary_worker,0,0,14021.92,,8.0,0
28,master,female,mortgage,13246.95,salary_worker,0,0,23284.75,0.33,6.9,1
64,high_school,male,mortgage,30761.19,retired,0,0,10658.02,0.07,11.6,1
58,bachelor,female,own,,self_employed,0,1,11051.8,0.3,14.6,0
53,high_school,male,own,24072.94,self_employed,0,0,7103.94,0.19,1.3,0
45,high_school,female,mortgage,12242.55,public_sector,0,1,7636.57,0.4,14.0,0
42,,male,rent,62201.86,salary_worker,0,0,7580.09,0.27,7.4,0
22,high_school,male,mortgage,30340.3,retired,0,0,6625.09,0.06,2.1,1
30,high_school,male,own,26291.83,salary_worker,0,0,8691.83,0.33,9.2,0
65,,female,mortgage,14391.79,salary_worker,0,0,11426.39,0.33,7.0,0
37,master,female,rent,24521.3,salary_worker,0,0,8391.35,0.11,10.9,0
56,bachelor,female,rent,33159.94,salary_worker,1,1,6944.56,0.01,8.1,0
56,phd,male,rent,30526.77,salary_worker,0,0,8684.54,0.39,8.9,0
36,bachelor,female,rent,17926.78,public_sector,0,0,4779.44,0.29,5.8,0
31,bachelor,male,rent,23725.85,salary_worker,1,0,12604.85,0.3,3.4,0
55,bachelor,male,mortgage,18449.58,,0,0,6455.98,0.47,10.5,0
25,high_school,female,rent,51476.09,public_sector,0,0,4293.11,0.01,5.4,0
45,high_school,female,rent,36413.44,public_sector,0,0,10445.85,0.35,9.1,0
65,bachelor,female,rent,19226.59,retired,0,1,10734.96,0.46,13.4,0
56,master,male,own,14388.56,salary_worker,0,1,5049.46,0.31,6.9,0
59,bachelor,male,own,27584.71,retired,1,0,11418.19,0.09,10.3,0
25,high_school,female,rent,19501.22,public_sector,0,0,11483.25,0.22,7.4,0
30,phd,male,mortgage,20166.18,,0,0,24009.01,0.26,6.0,0
34,high_school,female,mortgage,14605.5,salary_worker,0,0,7120.52,0.06,,0
35,phd,female,rent,15442.3,salary_worker,0,0,7864.33,0.41,7.3,0
30,master,male,mortgage,26191.8,salary_worker,1,1,5803.76,0.34,6.8,0
69,master,male,own,21588.26,public_sector,1,0,10630.91,0.22,4.0,0
29,master,female,own,74864.23,public_sector,0,0,8082.59,0.52,,0
56,,male,mortgage,31806.12,salary_worker,0,1,13951.76,0.25,0.8,0
50,bachelor,male,mortgage,14497.58,salary_worker,0,1,6382.58,0.61,14.6,0
51,bachelor,male,own,12197.22,retired,0,1,10504.1,0.29,7.7,0
31,bachelor,male,own,29119.9,self_employed,0,0,7109.49,0.17,1.8,0
36,high_school,female,rent,20361.68,self_employed,0,1,2941.39,0.17,5.1,0
51,high_school,female,own,44318.78,student,0,1,11446.31,0.36,7.5,1
35,high_school,male,mortgage,27635.01,salary_worker,0,1,3098.19,0.15,9.3,0
55,bachelor,male,rent,9975.29,self_employed,0,0,7422.59,,6.6,0
22,bachelor,female,mortgage,15386.7,public_sector,1,0,7486.62,0.27,15.6,0
24,master,female,mortgage,17963.96,salary_worker,0,0,8065.87,0.26,15.8,0
57,master,female,rent,29700.42,salary_worker,0,1,8316.7,0.33,9.0,0
51,bachelor,male,mortgage,15157.66,retired,0,0,8271.8,0.52,6.0,0
23,high_school,female,mortgage,26075.93,,0,0,9894.06,0.24,9.0,0
65,bachelor,female,rent,13342.81,salary_worker,0,0,7632.71,0.37,2.2,0
21,high_school,female,own,24410.86,salary_worker,0,0,34153.95,0.42,11.5,0
68,high_school,male,mortgage,28753.41,public_sector,0,1,6712.21,0.12,8.2,0
57,high_school,male,mortgage,46989.51,salary_worker,0,1,4136.33,0.43,2.7,0
70,high_school,female,rent,27187.4,,1,0,3731.23,0.49,,0
68,high_school,female,mortgage,16856.12,salary_worker,0,0,11638.12,0.51,9.8,0
36,bachelor,female,mortgage,,salary_worker,0,0,3376.52,0.14,0.8,0
58,high_school,male,mortgage,22416.89,public_sector,0,1,4165.7,0.15,3.9,0
31,high_school,male,rent,,retired,0,0,3848.48,0.33,5.6,0
44,high_school,male,own,18475.43,salary_worker,0,0,10419.44,0.32,11.4,0
33,bachelor,male,mortgage,25358.02,public_sector,0,1,16846.35,0.34,14.4,0
45,bachelor,female,rent,16973.85,,0,1,4821.45,0.28,9.0,0
64,high_school,female,own,28141.96,public_sector,0,1,10220.21,0.37,0.0,0
42,high_school,female,own,34951.71,self_employed,0,0,1900.13,0.01,3.0,0
25,phd,female,own,19483.83,salary_worker,0,0,5379.71,0.46,21.5,1
37,bachelor,female,mortgage,18997.19,public_sector,0,0,11286.48,0.6,8.1,0
60,bachelor,male,rent,28583.02,self_employed,0,0,6824.21,0.24,0.0,0
47,bachelor,female,mortgage,16793.43,self_employed,1,0,13998.65,0.38,17.0,0
49,master,male,rent,12294.72,salary_worker,0,1,2372.61,0.64,2.2,0
42,master,female,mortgage,28536.48,salary_worker,0,0,5408.7,0.35,9.8,0
35,high_school,female,own,23191.39,salary_worker,0,0,10394.28,0.39,2.9,0
50,bachelor,male,rent,,,0,0,10322.77,0.67,16.3,0
52,high_school,female,mortgage,30775.73,salary_worker,0,1,10767.79,0.71,1.8,0
65,bachelor,female,mortgage,32772.26,salary_worker,0,0,9082.74,0.15,5.2,0
51,high_school,female,own,22641.71,salary_worker,0,1,4318.79,0.27,11.7,0
70,high_school,male,rent,14688.19,salary_worker,0,1,5278.97,0.5,5.3,0
62,phd,female,own,18263.06,student,0,1,28969.87,0.43,9.4,0
24,master,male,mortgage,31673.44,self_employed,0,0,4053.53,0.47,10.8,0
40,high_school,male,rent,25884.02,salary_worker,0,1,3719.84,0.01,8.2,1
40,phd,male,mortgage,19007.87,public_sector,0,0,11777.43,0.01,3.1,0
21,high_school,female,rent,17103.29,self_employed,0,0,4525.13,0.66,4.4,1
30,bachelor,male,mortgage,32145.26,salary_worker,1,0,21714.11,0.48,6.0,0
59,master,female,own,,self_employed,0,0,36459.07,0.4,9.8,0
38,high_school,male,rent,34156.99,salary_worker,0,0,7097.4,0.12,10.7,0
28,bachelor,male,mortgage,36159.72,self_employed,0,0,9606.53,0.27,8.3,0
35,bachelor,female,rent,21146.34,salary_worker,0,0,2970.36,0.44,10.3,0
34,high_school,female,mortgage,37322.12,self_employed,0,0,14290.97,0.09,1.1,0
29,bachelor,male,rent,25907.41,salary_worker,0,0,2365.51,0.21,8.7,0
26,high_school,male,rent,27460.15,salary_worker,0,0,3878.7,,7.2,0
59,bachelor,male,mortgage,9091.21,public_sector,1,0,8649.23,0.45,9.5,0
62,high_school,male,mortgage,15726.23,salary_worker,0,1,10951.28,0.25,10.5,0
45,high_school,male,rent,16114.71,salary_worker,0,0,3582.64,0.52,3.3,0
51,bachelor,male,own,21091.08,salary_worker,0,0,6012.56,,7.1,0
66,high_school,male,rent,25628.44,public_sector,0,1,3249.11,0.02,12.8,0
63,bachelor,female,mortgage,26104.49,self_employed,0,1,6806.51,0.63,8.7,0
22,bachelor,male,rent,27683.34,public_sector,0,0,5216.52,0.55,7.1,0
68,master,male,own,17886.02,self_employed,0,1,5712.24,0.38,2.6,0
24,high_school,female,rent,33226.84,student,0,0,11593.14,0.32,9.7,0
22,master,female,mortgage,54950.05,salary_worker,0,0,9460.33,0.48,1.9,0
41,bachelor,female,mortgage,20764.58,public_sector,0,0,11033.07,0.44,6.8,0
58,high_school,female,mortgage,18058.09,salary_worker,0,0,7547.26,0.29,5.5,0
25,master,male,own,17882.91,salary_worker,0,0,12019.83,0.63,9.1,1
35,bachelor,female,rent,25297.49,public_sector,0,1,7948.17,0.01,5.1,0
34,bachelor,male,rent,,student,1,0,6184.11,0.22,6.2,0
40,bachelor,female,mortgage,11174.08,public_sector,0,0,11090.16,0.42,3.9,0
70,bachelor,male,rent,12637.98,salary_worker,0,1,6419.64,0.33,6.5,0
37,phd,male,own,38525.88,self_employed,0,0,6760.02,0.47,8.4,0
31,bachelor,male,own,43338.96,salary_worker,0,0,14582.08,0.09,6.1,0
27,master,male,mortgage,50008.6,self_employed,0,0,13845.95,0.29,6.2,0
30,bachelor,female,own,,salary_worker,0,0,6881.38,0.55,8.2,0
27,master,male,own,15585.44,salary_worker,0,0,13096.12,,11.5,0
49,phd,male,mortgage,19988.11,salary_worker,0,0,4011.84,0.3,,0
42,high_school,female,mortgage,12442.53,retired,0,1,6903.36,0.24,2.3,0
45,,male,own,12228.79,salary_worker,0,0,5358.88,0.41,10.6,0
62,bachelor,female,mortgage,,salary_worker,1,1,8095.29,0.41,13.0,1
50,bachelor,male,own,31025.2,salary_worker,0,0,12137.1,0.36,10.3,0
28,bachelor,female,own,58763.02,self_employed,0,0,10999.69,0.29,0.0,0
39,master,male,rent,23449.58,salary_worker,1,1,10206.67,0.35,8.6,1
36,master,female,mortgage,13213.24,public_sector,0,0,8739.61,0.31,13.0,0
62,high_school,female,mortgage,23043.43,salary_worker,0,1,7423.06,0.33,5.7,0
36,bachelor,female,rent,21437.42,salary_worker,0,1,15688.03,0.6,19.1,1
27,high_school,male,rent,19515.14,salary_worker,0,0,3461.34,,0.0,0
57,bachelor,female,mortgage,28415.42,salary_worker,1,0,5615.45,0.4,8.1,0
42,high_school,male,rent,14093.76,public_sector,0,0,10159.91,0.17,10.4,0
25,,male,mortgage,25817.93,salary_worker,0,0,18776.0,0.69,8.2,0
55,bachelor,male,mortgage,32637.05,public_sector,0,1,6699.51,0.36,8.1,0
31,bachelor,female,own,46114.47,salary_worker,0,0,7019.79,0.11,3.3,0
64,bachelor,male,rent,27991.86,salary_worker,0,0,3986.0,0.3,5.2,0
62,high_school,male,own,38925.48,salary_worker,0,0,6015.92,0.08,9.8,0
39,,female,own,,self_employed,0,1,11962.44,0.23,0.0,0
48,high_school,female,own,21227.85,salary_worker,0,0,19314.5,0.45,11.1,0
49,phd,male,mortgage,44646.5,self_employed,0,1,6895.97,0.59,7.0,0
53,master,female,mortgage,13131.73,public_sector,0,1,5221.63,0.53,9.7,0
24,high_school,female,rent,20304.28,salary_worker,1,0,8419.98,0.32,10.9,0
37,high_school,female,mortgage,40449.15,salary_worker,0,1,3333.99,0.44,22.4,0
29,bachelor,male,rent,22136.87,salary_worker,0,0,15987.62,0.49,13.1,0
55,bachelor,male,mortgage,21407.12,salary_worker,0,1,4117.89,0.74,2.7,0
24,high_school,male,rent,21603.28,salary_worker,0,0,9629.49,0.23,16.1,0
46,high_school,male,own,25660.76,self_employed,0,1,9551.44,0.61,0.0,0
57,high_school,female,own,39685.36,,0,0,11444.42,0.14,5.7,0
68,high_school,female,rent,36897.69,public_sector,0,1,9326.13,0.55,8.2,0
35,high_school,female,mortgage,24468.84,salary_worker,0,0,8115.18,0.23,6.2,0
21,high_school,female,rent,39798.12,self_employed,0,0,10257.14,0.22,8.6,0
57,bachelor,female,rent,28390.41,public_sector,0,1,12824.07,0.29,6.8,0
21,bachelor,male,own,35832.27,salary_worker,0,0,21764.84,0.2,12.6,0
24,high_school,female,own,15324.89,public_sector,0,0,4418.76,0.42,5.6,0
70,bachelor,female,rent,53228.47,self_employed,0,0,2946.94,0.56,7.0,0
64,bachelor,female,rent,26878.87,self_employed,0,1,3460.64,0.01,14.6,0
56,master,female,rent,7067.49,salary_worker,0,0,2989.01,0.31,11.4,0
62,phd,female,mortgage,51368.85,self_employed,0,1,4188.82,0.14,6.8,0
24,high_school,female,own,24398.45,self_employed,1,0,3906.37,0.5,9.4,0
25,master,female,rent,20374.26,salary_worker,0,0,6444.6,0.6,,0
36,bachelor,male,own,18535.49,salary_worker,1,0,12969.0,0.31,2.0,0
22,bachelor,male,mortgage,29666.56,salary_worker,0,0,11436.52,0.21,3.2,0
65,high_school,male,mortgage,,self_employed,0,1,5754.7,0.05,5.2,0
23,high_school,male,rent,18777.08,salary_worker,1,0,6034.68,0.69,8.4,0
48,high_school,male,mortgage,18981.21,retired,0,1,24487.72,0.58,11.4,0
63,phd,male,rent,21343.21,student,0,0,11238.85,0.01,4.4,0
57,bachelor,male,rent,19305.71,student,0,1,8910.53,0.46,,0
32,high_school,male,mortgage,35730.73,salary_worker,0,0,8663.08,0.14,2.3,0
44,bachelor,female,mortgage,27501.01,self_employed,0,1,6911.31,0.25,3.7,0
48,high_school,female,rent,29052.7,retired,0,0,24385.06,0.12,4.9,0
59,high_school,female,mortgage,,public_sector,1,0,7299.67,0.01,0.0,0
42,bachelor,female,mortgage,23344.29,salary_worker,0,1,8796.53,0.33,5.3,0
35,,male,mortgage,15380.58,public_sector,0,1,3271.98,0.68,3.3,0
60,master,female,mortgage,54848.36,self_employed,0,1,5710.14,0.17,6.8,0
65,bachelor,male,own,36952.57,public_sector,0,1,5985.56,0.5,14.3,0
45,bachelor,male,mortgage,50300.59,student,0,0,10587.84,0.53,1.1,0
22,master,male,rent,38775.44,student,0,0,5290.3,0.47,11.6,0
46,high_school,female,own,19788.04,self_employed,1,0,8321.28,0.7,14.2,1
65,bachelor,female,rent,8462.58,salary_worker,0,1,5805.17,0.51,11.4,0
70,bachelor,female,mortgage,14001.32,self_employed,0,1,4423.33,0.66,8.9,0
41,high_school,male,rent,32416.89,public_sector,0,0,4325.53,0.13,12.8,0
28,high_school,male,own,23253.56,self_employed,0,0,7366.01,0.47,10.0,0
49,high_school,male,mortgage,20152.18,salary_worker,0,1,8575.67,0.61,11.9,0
62,high_school,male,rent,7918.85,self_employed,0,1,7284.11,0.2,8.0,0
68,bachelor,male,rent,24199.63,self_employed,0,1,5125.2,0.01,3.3,0
23,high_school,male,rent,14960.96,student,0,0,7511.83,0.11,12.2,0
35,bachelor,female,mortgage,17571.4,public_sector,0,0,6785.26,0.21,17.9,0
44,high_school,female,rent,35687.18,salary_worker,0,0,4568.65,0.44,6.1,0
25,high_school,female,own,15319.57,self_employed,0,0,8481.96,0.24,7.6,0
65,high_school,male,own,15991.94,self_employed,0,1,21931.51,0.34,7.9,0
26,high_school,male,mortgage,26463.22,self_employed,0,0,7463.12,0.23,1.6,0
54,phd,male,mortgage,36046.42,salary_worker,0,0,3627.89,0.32,4.1,0
66,high_school,male,rent,20308.25,,0,1,18173.13,0.33,8.7,0
55,high_school,male,mortgage,47110.3,public_sector,0,1,16178.15,0.23,7.1,0
59,high_school,female,mortgage,13692.44,self_employed,0,0,17816.67,0.49,7.6,0
34,high_school,female,mortgage,12653.32,retired,1,0,7917.1,0.59,7.6,0
62,bachelor,male,own,,student,0,1,5266.1,0.13,7.0,0
41,master,male,rent,11574.01,public_sector,0,0,4958.39,0.38,4.4,0
24,high_school,male,mortgage,28323.5,retired,0,0,15179.08,0.08,9.2,0
39,bachelor,female,own,15677.7,self_employed,0,1,19598.99,0.02,8.8,1
38,bachelor,male,rent,12905.56,retired,1,0,4884.37,0.53,4.0,0
47,master,male,rent,28880.11,retired,0,0,2026.25,0.7,9.2,0
34,bachelor,male,rent,35269.62,self_employed,0,0,8024.2,0.28,5.0,0
44,high_school,female,own,39061.25,salary_worker,0,1,4927.85,0.67,10.1,0
42,bachelor,male,rent,36093.86,salary_worker,1,0,5491.76,0.22,7.3,0
37,master,male,mortgage,16104.49,self_employed,1,0,7108.02,0.3,9.1,0
55,bachelor,male,mortgage,27563.31,,0,1,10152.05,0.64,8.2,0
36,phd,male,rent,30442.42,self_employed,1,0,5273.61,0.18,7.3,0
59,master,male,rent,,public_sector,0,1,8732.81,0.51,8.8,0
33,high_school,male,rent,26216.35,public_sector,0,0,7559.91,0.28,10.9,0
64,master,male,own,13860.13,salary_worker,0,1,2280.29,0.21,8.0,0
39,bachelor,female,mortgage,18353.58,salary_worker,0,0,10935.14,0.25,7.9,0
23,bachelor,female,own,28776.21,public_sector,1,0,6322.99,,6.1,0
28,bachelor,female,mortgage,47973.03,salary_worker,0,1,4043.54,0.57,0.2,0
61,master,male,mortgage,40869.85,retired,0,0,5435.47,0.38,7.6,0
64,bachelor,female,rent,32773.85,retired,1,1,9060.06,0.31,2.4,1
31,bachelor,female,mortgage,25231.92,salary_worker,0,0,8311.77,0.22,5.2,0
51,high_school,male,own,23532.7,self_employed,0,1,11549.97,0.4,4.0,0
49,bachelor,male,own,12690.13,retired,0,1,10302.28,0.5,4.6,0
27,master,female,rent,16714.34,retired,0,0,4254.01,0.29,,0
43,,female,own,16961.74,self_employed,0,0,1595.8,0.51,9.4,0
55,high_school,male,mortgage,31528.33,student,0,1,8660.24,0.39,8.8,0
69,master,female,own,37243.27,self_employed,0,1,11464.64,0.32,7.9,0
63,master,female,rent,,salary_worker,0,1,7249.27,0.5,12.3,0
25,bachelor,female,rent,41448.21,self_employed,0,0,11653.16,0.25,19.7,0
32,high_school,female,own,25147.55,public_sector,0,1,4670.85,0.11,9.5,0
42,bachelor,male,mortgage,15641.48,student,0,1,6698.84,0.33,11.1,0
28,high_school,female,own,23802.13,,0,0,4883.82,0.35,8.6,0
49,high_school,male,rent,17567.81,salary_worker,0,0,11890.72,0.3,10.1,0
21,bachelor,female,rent,32729.66,self_employed,0,0,4911.23,0.55,1.0,0
26,master,female,mortgage,20710.8,retired,0,0,25157.64,0.43,0.0,0
23,high_school,female,mortgage,23287.24,public_sector,0,0,6148.13,0.32,0.0,0
35,master,male,rent,33260.64,salary_worker,0,1,12569.13,0.34,5.0,0
59,master,female,own,17439.75,retired,0,0,6191.73,0.35,13.0,0
29,high_school,female,own,37563.55,public_sector,0,0,16910.53,0.43,8.5,0
70,high_school,female,mortgage,13274.25,,0,0,16559.74,0.35,5.9,0
34,bachelor,male,rent,27943.72,public_sector,1,0,6781.33,0.31,9.8,0
23,bachelor,female,own,23367.36,salary_worker,0,0,9424.66,0.1,8.9,0
37,high_school,male,mortgage,35323.5,student,0,1,16328.65,0.21,2.1,1
58,bachelor,male,own,13115.26,salary_worker,0,1,9579.51,0.39,9.4,0
26,bachelor,male,rent,12223.85,student,0,0,4883.42,0.37,10.8,0
24,bachelor,male,rent,34115.94,salary_worker,0,0,8421.44,0.07,15.9,0
63,bachelor,female,rent,20416.22,public_sector,0,0,5369.43,0.24,7.2,0
50,high_school,male,mortgage,23368.38,,0,1,8804.75,0.17,14.3,0
38,,male,mortgage,18089.97,salary_worker,1,0,5254.76,0.59,5.9,1
58,high_school,female,rent,36708.54,student,0,0,9947.17,0.39,16.8,1
63,master,male,mortgage,27851.64,salary_worker,1,1,3029.54,0.42,5.1,0
38,master,female,rent,27127.38,salary_worker,0,0,4371.71,0.33,10.1,0
49,master,male,own,14381.11,retired,0,0,5238.17,0.23,8.6,1
21,high_school,male,mortgage,30505.96,salary_worker,0,0,7419.61,0.26,13.5,0
36,bachelor,male,own,15576.27,self_employed,1,1,3527.54,0.43,12.9,0
50,high_school,female,own,18099.71,student,0,0,4984.55,0.29,3.3,0
30,,male,own,13168.64,self_employed,0,0,12431.22,0.43,6.2,0
70,high_school,male,rent,22687.2,salary_worker,0,0,13272.38,0.37,16.0,1
69,master,female,mortgage,39301.3,public_sector,1,1,2011.24,0.39,7.9,1
33,high_school,male,rent,,public_sector,0,0,5868.12,0.4,10.8,0
40,,male,rent,19953.91,,0,0,16336.54,0.25,3.2,0
30,phd,male,mortgage,25568.49,self_employed,1,0,10019.83,0.28,6.5,0
46,bachelor,male,own,25504.91,salary_worker,0,0,10137.96,0.5,4.7,0
27,high_school,female,own,25077.62,salary_worker,0,0,11051.05,0.67,11.2,0
40,master,female,rent,26365.21,salary_worker,0,0,4781.88,0.51,10.5,0
48,bachelor,female,rent,,retired,0,1,9115.37,0.01,12.4,0
51,bachelor,female,rent,25538.5,salary_worker,1,1,10503.39,0.2,3.2,0
50,bachelor,female,own,11049.48,salary_worker,0,0,8594.64,0.36,9.7,0
32,master,male,own,31540.59,student,0,0,6525.69,0.14,7.6,1
60,bachelor,female,own,14820.44,salary_worker,0,0,7891.59,0.13,,0
55,bachelor,male,mortgage,41353.78,,1,1,4328.26,0.26,9.4,0
58,bachelor,female,mortgage,8100.2,retired,0,0,11359.23,0.4,12.7,0
44,high_school,female,rent,51714.38,self_employed,0,0,3679.62,0.45,13.8,0
65,master,male,mortgage,11641.72,salary_worker,0,1,5172.22,0.27,7.4,0
40,high_school,male,mortgage,14186.26,salary_worker,1,0,11789.7,0.26,10.8,0
61,high_school,female,mortgage,27849.65,salary_worker,1,0,9505.64,0.19,9.7,0
31,high_school,male,mortgage,32158.17,salary_worker,0,0,6208.77,,4.5,0
33,high_school,male,rent,21428.49,,0,1,3159.43,0.42,3.9,0
47,high_school,female,rent,36376.3,salary_worker,0,0,7900.07,0.5,7.3,0
48,bachelor,male,mortgage,17009.9,public_sector,0,1,5729.61,0.36,6.6,0
58,high_school,male,own,20335.81,salary_worker,0,1,10553.68,0.1,7.9,0
35,high_school,female,mortgage,21249.0,salary_worker,0,0,6098.86,0.28,5.8,0
64,master,male,mortgage,19105.32,salary_worker,0,1,3093.73,0.49,8.3,0
37,phd,male,rent,10194.66,salary_worker,0,1,3785.55,0.03,3.2,0
47,bachelor,female,own,24074.29,public_sector,0,1,6407.04,,13.6,0
67,high_school,male,mortgage,23115.23,public_sector,1,1,8602.62,0.39,,0
47,high_school,female,rent,39544.51,salary_worker,0,1,4272.11,0.7,7.2,0
55,high_school,female,mortgage,13647.68,self_employed,0,0,5339.21,0.23,6.7,0
66,high_school,female,mortgage,18256.32,salary_worker,0,1,12529.74,0.32,7.0,0
69,master,female,rent,41838.45,retired,0,1,14917.71,0.64,4.1,1
45,bachelor,female,rent,27777.45,salary_worker,0,0,9436.15,0.23,1.5,0
41,high_school,female,own,31170.3,public_sector,1,0,6927.33,0.53,8.5,0
30,phd,male,mortgage,29853.13,,0,0,5757.29,0.41,6.7,0
47,bachelor,female,own,29912.81,salary_worker,1,0,10900.6,0.3,9.0,0
66,high_school,female,rent,55241.65,self_employed,0,1,6808.98,0.42,0.9,0
45,bachelor,male,rent,25366.72,salary_worker,0,0,13441.07,0.31,14.4,0
38,high_school,female,own,15442.76,self_employed,1,0,13835.27,0.75,7.2,0
26,master,male,rent,32450.1,self_employed,0,0,10153.18,0.01,0.0,0
40,high_school,male,rent,18864.78,salary_worker,0,0,6162.94,0.29,8.3,0
32,bachelor,female,mortgage,23168.02,student,0,0,6430.38,0.29,5.6,0
69,high_school,female,rent,28755.42,salary_worker,0,1,3281.2,0.32,3.0,0
47,master,male,mortgage,16821.12,retired,0,1,7871.78,0.53,12.4,0
27,bachelor,female,mortgage,19348.45,self_employed,0,0,7738.55,0.26,11.2,0
24,bachelor,male,own,30155.78,salary_worker,0,0,3798.5,0.43,8.9,0
63,high_school,male,own,19017.4,salary_worker,0,0,29741.09,0.38,7.8,0
67,master,male,rent,,public_sector,0,0,11003.14,0.49,9.5,0
59,,female,own,15618.78,public_sector,0,1,5103.87,0.32,1.2,0
27,high_school,male,own,15595.13,public_sector,0,0,25079.49,0.4,8.3,1
25,master,female,rent,57395.73,salary_worker,0,0,6168.27,0.32,12.5,0
30,high_school,male,own,12226.95,salary_worker,0,0,12793.42,0.16,11.7,0
58,high_school,male,rent,24052.1,,0,0,8503.2,0.63,3.3,0
59,bachelor,female,rent,56003.4,retired,0,1,6285.7,0.2,8.2,0
62,high_school,female,mortgage,24031.81,salary_worker,0,0,6732.37,0.25,3.0,0
25,bachelor,female,own,44624.88,retired,0,0,17857.14,0.19,8.1,0
28,high_school,male,rent,32650.44,self_employed,0,0,13120.44,0.41,4.5,0
66,high_school,female,rent,24264.25,self_employed,0,1,7575.52,0.25,4.0,0
67,high_school,male,rent,22953.13,,0,0,2623.65,0.61,8.9,0
57,high_school,male,own,9379.74,salary_worker,0,1,9580.02,0.44,4.6,0
26,phd,female,own,21086.74,salary_worker,0,0,4082.39,0.29,4.3,0
24,bachelor,male,rent,27024.48,public_sector,0,0,10896.82,0.18,8.9,0
23,bachelor,female,own,27017.72,student,0,0,5471.29,0.32,1.6,0
55,high_school,female,mortgage,73838.57,self_employed,0,0,5795.37,0.43,6.2,0
63,bachelor,male,own,27623.75,salary_worker,0,1,5704.74,0.33,1.4,0
52,high_school,female,own,32324.0,salary_worker,0,0,14204.06,0.31,2.1,0
34,high_school,male,own,41119.32,self_employed,0,0,3067.3,0.16,12.2,0
58,bachelor,male,mortgage,31046.01,public_sector,0,1,12158.32,0.74,5.8,0
23,bachelor,female,mortgage,23418.41,salary_worker,0,0,9781.67,0.3,4.6,0
62,master,male,rent,23469.7,salary_worker,0,1,7785.75,0.09,10.9,0
65,master,female,rent,20789.54,public_sector,1,0,6333.28,0.15,14.0,0
56,master,male,rent,29729.5,salary_worker,0,1,10588.94,0.28,8.5,0
64,high_school,male,mortgage,22546.96,salary_worker,0,1,6361.3,0.69,11.6,0
50,high_school,male,rent,32248.32,public_sector,0,0,6329.72,0.31,5.3,0
44,high_school,male,mortgage,15458.44,salary_worker,0,1,8392.25,0.27,7.7,0
37,master,female,rent,26005.98,salary_worker,0,1,20865.78,0.49,7.5,0
67,master,male,own,48943.91,salary_worker,0,1,3526.0,0.51,8.8,0
55,,female,rent,22002.68,salary_worker,0,1,10672.09,0.46,11.4,0
30,high_school,male,own,55790.05,retired,0,0,7490.02,0.38,1.6,0
68,master,female,own,26203.6,public_sector,0,1,7177.26,0.14,3.9,0
23,bachelor,female,mortgage,23731.8,salary_worker,0,0,3498.77,0.2,5.6,0
50,master,female,own,25654.6,salary_worker,0,0,3085.04,,3.6,0
30,bachelor,female,own,21159.82,salary_worker,0,0,9768.93,0.3,8.4,0
54,high_school,female,mortgage,9984.11,retired,0,0,4031.37,0.26,8.4,0
41,high_school,female,mortgage,36173.38,public_sector,0,1,14171.72,0.24,7.7,0
42,phd,male,mortgage,65298.28,self_employed,1,1,4634.47,0.39,5.9,0
54,bachelor,male,mortgage,30218.0,salary_worker,0,1,10971.29,0.22,12.9,0
58,high_school,female,own,31057.46,retired,0,0,5902.73,0.28,8.4,0
40,high_school,male,mortgage,22422.79,public_sector,1,0,5749.11,,6.9,1
70,high_school,female,own,40986.79,salary_worker,0,1,4901.91,0.33,7.8,0
45,phd,male,mortgage,23916.59,salary_worker,0,0,10303.6,0.41,10.5,0
29,high_school,female,mortgage,27453.5,salary_worker,0,0,12010.84,0.1,8.4,0
21,high_school,male,rent,12035.94,self_employed,0,0,6812.11,0.42,4.0,0
31,,female,rent,19183.31,salary_worker,0,1,11216.75,0.39,14.6,0
55,bachelor,female,mortgage,28718.85,salary_worker,0,0,8159.47,0.42,9.3,1
47,high_school,male,mortgage,36616.17,public_sector,0,0,3890.04,0.36,2.9,0
37,high_school,male,own,37075.92,public_sector,0,0,9978.55,0.41,0.2,0
45,high_school,male,mortgage,11960.54,salary_worker,1,1,6868.52,0.27,10.3,0
62,high_school,female,own,12518.95,self_employed,0,1,1923.95,0.42,12.7,0
49,high_school,male,own,31661.66,salary_worker,1,1,6535.97,0.55,9.3,0
23,,male,own,17394.97,salary_worker,1,0,3192.55,0.25,10.0,0
23,,female,rent,36408.83,public_sector,0,0,4116.07,0.26,10.1,0
45,master,female,own,11689.24,self_employed,0,0,7066.19,0.45,7.5,0
41,master,female,mortgage,23288.51,retired,0,1,7774.7,0.24,0.8,0
63,high_school,female,rent,23970.84,public_sector,1,1,5119.03,0.21,4.7,0
50,high_school,female,mortgage,30218.52,public_sector,0,0,10829.35,0.42,10.7,0
58,phd,female,mortgage,,salary_worker,0,1,7608.44,0.26,9.8,0
50,master,male,rent,10046.26,salary_worker,0,0,6417.68,0.56,6.7,0
38,bachelor,male,mortgage,26293.39,retired,0,1,8298.85,,5.3,0
53,high_school,male,mortgage,30850.05,public_sector,1,0,15721.47,0.19,8.2,0
52,high_school,male,own,38305.73,retired,0,1,2483.26,0.34,6.1,0
57,bachelor,female,rent,20715.8,self_employed,1,1,16559.88,0.42,7.2,0
30,bachelor,male,rent,34511.81,salary_worker,0,0,5772.42,0.4,8.0,0
53,high_school,male,own,30290.77,salary_worker,0,1,5279.54,0.44,4.4,0
35,phd,male,rent,,salary_worker,1,1,6495.1,0.24,10.7,0
60,bachelor,female,rent,23743.77,self_employed,1,1,4975.66,0.54,6.8,0
60,bachelor,male,mortgage,11176.24,retired,0,0,4572.4,0.04,9.5,0
52,high_school,male,mortgage,23613.01,public_sector,1,0,12909.96,0.2,7.8,0
68,master,male,mortgage,25331.47,self_employed,1,1,8846.94,0.35,13.7,0
47,bachelor,male,mortgage,30735.92,salary_worker,1,1,2822.19,0.21,9.7,0
22,high_school,male,rent,12213.45,salary_worker,1,0,11740.04,0.28,9.1,0
51,bachelor,male,rent,21153.91,,0,1,10836.15,0.16,9.0,0
59,bachelor,male,mortgage,35977.41,student,0,1,3581.28,0.3,15.8,1
26,master,male,own,23229.11,public_sector,0,0,8947.61,0.42,7.3,0
26,high_school,male,rent,21214.06,self_employed,0,0,11398.68,0.24,8.2,0
34,master,female,mortgage,57402.71,retired,0,0,3353.09,0.18,7.9,0
63,bachelor,male,rent,15040.44,salary_worker,0,0,9479.69,0.26,,0
47,high_school,female,own,42400.68,student,0,1,5589.79,0.54,7.9,0
69,high_school,female,own,38544.26,public_sector,0,1,10918.41,0.54,11.6,1
64,high_school,female,own,21997.3,salary_worker,0,1,4848.83,0.25,9.6,0
48,high_school,male,rent,23985.37,public_sector,0,0,14374.83,0.43,13.5,0
54,bachelor,female,rent,23946.89,salary_worker,0,1,7087.27,0.34,10.6,0
37,bachelor,female,mortgage,26420.0,self_employed,0,0,5777.97,0.57,9.5,0
25,high_school,female,mortgage,18628.66,salary_worker,0,0,5445.88,0.37,11.1,0
40,phd,male,own,20077.06,salary_worker,1,0,13104.49,0.3,9.0,1
50,high_school,male,rent,20746.83,self_employed,0,0,5443.95,0.63,6.4,1
30,bachelor,male,own,21047.06,salary_worker,0,0,14519.46,0.17,7.0,0
32,master,female,rent,21166.18,salary_worker,1,0,9112.3,0.4,0.0,0
21,master,female,rent,8880.64,public_sector,0,0,3781.64,0.59,13.9,0
57,bachelor,male,rent,25436.54,salary_worker,0,0,8219.7,0.46,6.7,0
65,bachelor,female,rent,19199.5,self_employed,0,1,8314.64,0.2,3.3,0
62,high_school,male,rent,10508.45,self_employed,0,0,3714.56,0.19,6.0,0
39,high_school,male,rent,20795.19,salary_worker,0,0,8140.08,0.09,14.5,0
50,bachelor,male,mortgage,20507.98,student,0,1,10918.34,0.61,7.8,1
69,high_school,female,own,43211.42,salary_worker,0,0,15070.34,0.14,8.5,0
50,high_school,female,own,19098.15,salary_worker,1,1,14711.5,0.47,15.8,0
35,high_school,male,rent,32876.24,salary_worker,0,0,30150.84,0.08,10.8,0
37,master,female,mortgage,45354.53,self_employed,1,0,8105.69,0.8,6.3,0
57,master,male,rent,18349.71,salary_worker,0,1,10988.35,0.1,0.7,0
43,,male,rent,23828.23,salary_worker,0,0,5805.56,0.35,10.1,0
62,bachelor,female,own,52992.8,self_employed,0,0,22841.32,0.56,4.8,0
64,high_school,female,mortgage,26985.08,public_sector,0,0,4964.09,0.21,10.1,0
22,high_school,male,mortgage,28801.63,salary_worker,0,0,22283.01,0.44,7.3,0
57,bachelor,female,own,20266.73,salary_worker,1,1,20764.82,0.29,9.1,0
39,bachelor,male,own,33162.43,salary_worker,0,0,5262.22,0.41,11.1,1
46,,male,rent,23912.6,salary_worker,0,1,14328.13,0.53,0.6,0
34,bachelor,male,own,10673.87,public_sector,0,0,10417.08,0.26,8.0,0
39,,female,own,20746.76,salary_worker,0,0,6460.15,0.61,7.4,0
37,high_school,female,rent,14293.63,salary_worker,0,0,7519.88,0.4,,0
23,high_school,male,rent,25604.12,salary_worker,0,0,9376.98,0.69,9.5,1
60,high_school,male,mortgage,16113.66,self_employed,1,1,9880.83,0.19,8.1,0
28,bachelor,male,rent,30186.73,self_employed,0,1,18431.3,0.22,4.9,0
39,,male,rent,24838.34,salary_worker,1,0,11094.16,0.3,3.0,0
30,,male,mortgage,13882.66,self_employed,0,0,5305.89,0.12,1.1,0
29,bachelor,female,mortgage,19503.67,public_sector,0,0,12197.55,0.51,8.0,0
39,master,female,own,32184.92,salary_worker,0,1,3098.86,0.33,9.6,0
66,high_school,male,mortgage,40806.51,salary_worker,0,1,6551.03,0.13,6.1,0
68,bachelor,female,rent,16218.54,salary_worker,0,1,6907.24,0.19,10.8,0
40,bachelor,male,mortgage,14855.89,public_sector,0,0,11638.49,0.18,7.0,0
46,bachelor,female,rent,58567.97,salary_worker,0,0,21459.92,0.51,7.2,0
70,high_school,female,mortgage,24236.24,,1,1,9133.75,0.42,1.7,0
32,master,female,rent,25365.9,self_employed,1,0,6642.53,0.32,5.7,1
68,phd,male,own,17453.13,self_employed,0,1,5518.97,0.27,11.2,0
26,high_school,male,own,26818.55,public_sector,0,1,12826.55,0.3,13.1,0
32,high_school,female,rent,52669.57,salary_worker,0,0,7279.66,0.66,6.7,0
37,high_school,female,own,27295.15,salary_worker,0,0,6144.04,0.3,11.0,0
22,master,female,mortgage,39309.97,self_employed,0,0,13673.4,,13.2,0
61,bachelor,female,rent,24662.59,public_sector,0,1,15415.08,0.28,3.8,0
63,high_school,male,mortgage,,student,0,1,4780.75,0.64,8.8,0
40,master,female,rent,17899.78,self_employed,0,0,3557.73,0.12,8.3,1
62,high_school,female,own,,self_employed,1,0,7678.81,0.49,11.8,0
59,bachelor,female,own,26849.54,salary_worker,0,1,4328.04,0.2,4.2,0
61,high_school,male,own,42224.25,student,0,1,4014.3,0.74,8.8,0
61,bachelor,male,mortgage,26172.25,public_sector,0,0,4571.69,0.47,6.5,0
49,bachelor,male,mortgage,21194.53,salary_worker,0,0,14408.75,0.03,9.2,0
26,high_school,male,own,17062.91,salary_worker,0,1,11587.84,0.17,12.4,0
67,bachelor,male,own,28565.38,self_employed,0,0,31307.51,0.46,13.4,0
51,master,female,own,13944.5,salary_worker,0,0,5692.59,0.46,12.4,0
66,bachelor,male,own,14612.82,public_sector,0,1,16838.27,0.44,3.5,0
68,master,male,rent,36500.22,public_sector,0,1,10630.22,0.37,5.6,0
30,bachelor,female,rent,21483.04,salary_worker,0,0,5966.92,0.28,11.5,0
41,master,male,own,21293.25,student,0,1,7475.07,0.54,9.9,0
30,high_school,male,mortgage,22559.7,student,1,0,5951.35,0.18,6.4,0
23,,male,rent,33746.84,salary_worker,0,0,9342.21,0.35,3.8,0
69,high_school,female,own,26225.2,salary_worker,0,0,13942.34,0.23,0.0,0
67,high_school,female,rent,17424.17,retired,0,1,6616.26,0.21,1.1,0
67,high_school,male,own,17708.65,salary_worker,0,1,12921.03,0.26,6.3,0
65,high_school,female,mortgage,22296.84,student,1,1,16304.18,0.21,6.3,1
53,phd,female,mortgage,27889.31,salary_worker,0,0,18428.51,0.44,9.1,0
47,phd,female,mortgage,23957.11,public_sector,0,0,4250.88,0.07,9.9,0
70,master,male,mortgage,23016.79,self_employed,0,1,7886.97,0.42,16.5,0
48,high_school,male,rent,24855.33,salary_worker,0,0,11970.35,0.23,4.4,0
53,master,male,own,23949.41,public_sector,1,1,4457.29,0.35,0.0,0
31,bachelor,male,rent,17134.13,salary_worker,0,0,3943.14,0.31,3.8,0
58,high_school,female,mortgage,40061.57,salary_worker,0,1,7986.23,0.25,14.2,0
61,bachelor,female,mortgage,19593.63,salary_worker,1,0,6456.67,0.56,7.6,1
54,bachelor,female,rent,25800.5,salary_worker,0,0,7370.28,0.27,11.5,0
45,high_school,female,rent,9632.03,salary_worker,0,0,6252.64,0.47,5.2,0
